dbug: Microsoft.EntityFrameworkCore.Infrastructure[10401]
      An 'IServiceProvider' was created for internal use by Entity Framework.
dbug: Microsoft.EntityFrameworkCore.Model[10601]
      The index {'ProductId'} was not created on entity type 'ProductApplicationArea' as the properties are already covered by the index {'ProductId', 'ApplicationAreaId'}.
dbug: Microsoft.EntityFrameworkCore.Model[10601]
      The index {'ProductId'} was not created on entity type 'ProductMedia' as the properties are already covered by the index {'ProductId', 'Type'}.
dbug: Microsoft.EntityFrameworkCore.Model[10601]
      The index {'RoleId'} was not created on entity type 'RolePermission' as the properties are already covered by the index {'RoleId', 'PermissionId'}.
dbug: Microsoft.EntityFrameworkCore.Model[10601]
      The index {'UserId'} was not created on entity type 'UserRole' as the properties are already covered by the index {'UserId', 'RoleId'}.
dbug: Microsoft.EntityFrameworkCore.Infrastructure[10403]
      Entity Framework Core 8.0.11 initialized 'AppDbContext' using provider 'Npgsql.EntityFrameworkCore.PostgreSQL:8.0.11+52a6b9f2ddd23fcabd1c673b4a2e273495129481' with options: None
dbug: Microsoft.EntityFrameworkCore.Database.Connection[20005]
      Creating DbConnection.
dbug: Microsoft.EntityFrameworkCore.Database.Connection[20006]
      Created DbConnection. (9ms).
dbug: Microsoft.EntityFrameworkCore.Database.Connection[20000]
      Opening connection to database 'teknomled' on server 'tcp://localhost:5432'.
dbug: Microsoft.EntityFrameworkCore.Database.Connection[20000]
      Opening connection to database 'teknomled' on server 'tcp://localhost:5432'.
dbug: Microsoft.EntityFrameworkCore.Database.Connection[20001]
      Opened connection to database 'teknomled' on server 'tcp://localhost:5432'.
dbug: Microsoft.EntityFrameworkCore.Database.Connection[20002]
      Closing connection to database 'teknomled' on server 'tcp://localhost:5432'.
dbug: Microsoft.EntityFrameworkCore.Database.Connection[20003]
      Closed connection to database 'teknomled' on server 'tcp://localhost:5432' (2ms).
dbug: Microsoft.EntityFrameworkCore.Database.Command[20103]
      Creating DbCommand for 'ExecuteScalar'.
dbug: Microsoft.EntityFrameworkCore.Database.Command[20104]
      Created DbCommand for 'ExecuteScalar' (2ms).
dbug: Microsoft.EntityFrameworkCore.Database.Command[20106]
      Initialized DbCommand for 'ExecuteScalar' (5ms).
dbug: Microsoft.EntityFrameworkCore.Database.Connection[20000]
      Opening connection to database 'teknomled' on server 'tcp://localhost:5432'.
dbug: Microsoft.EntityFrameworkCore.Database.Connection[20001]
      Opened connection to database 'teknomled' on server 'tcp://localhost:5432'.
dbug: Microsoft.EntityFrameworkCore.Database.Command[20100]
      Executing DbCommand [Parameters=[], CommandType='Text', CommandTimeout='30']
      SELECT EXISTS (
    SELECT 1 FROM pg_catalog.pg_class c
    JOIN pg_catalog.pg_namespace n ON n.oid=c.relnamespace
    WHERE n.nspname='public' AND
          c.relname='__EFMigrationsHistory'
)
info: Microsoft.EntityFrameworkCore.Database.Command[20101]
      Executed DbCommand (26ms) [Parameters=[], CommandType='Text', CommandTimeout='30']
      SELECT EXISTS (
    SELECT 1 FROM pg_catalog.pg_class c
    JOIN pg_catalog.pg_namespace n ON n.oid=c.relnamespace
    WHERE n.nspname='public' AND
          c.relname='__EFMigrationsHistory'
)
dbug: Microsoft.EntityFrameworkCore.Database.Connection[20002]
      Closing connection to database 'teknomled' on server 'tcp://localhost:5432'.
dbug: Microsoft.EntityFrameworkCore.Database.Connection[20003]
      Closed connection to database 'teknomled' on server 'tcp://localhost:5432' (0ms).
dbug: Microsoft.EntityFrameworkCore.Database.Connection[20000]
      Opening connection to database 'teknomled' on server 'tcp://localhost:5432'.
dbug: Microsoft.EntityFrameworkCore.Database.Connection[20001]
      Opened connection to database 'teknomled' on server 'tcp://localhost:5432'.
dbug: Microsoft.EntityFrameworkCore.Database.Command[20103]
      Creating DbCommand for 'ExecuteReader'.
dbug: Microsoft.EntityFrameworkCore.Database.Command[20104]
      Created DbCommand for 'ExecuteReader' (0ms).
dbug: Microsoft.EntityFrameworkCore.Database.Command[20106]
      Initialized DbCommand for 'ExecuteReader' (0ms).
dbug: Microsoft.EntityFrameworkCore.Database.Command[20100]
      Executing DbCommand [Parameters=[], CommandType='Text', CommandTimeout='30']
      SELECT "MigrationId", "ProductVersion"
      FROM "__EFMigrationsHistory"
      ORDER BY "MigrationId";
info: Microsoft.EntityFrameworkCore.Database.Command[20101]
      Executed DbCommand (3ms) [Parameters=[], CommandType='Text', CommandTimeout='30']
      SELECT "MigrationId", "ProductVersion"
      FROM "__EFMigrationsHistory"
      ORDER BY "MigrationId";
dbug: Microsoft.EntityFrameworkCore.Database.Command[20301]
      Closing data reader to 'teknomled' on server 'tcp://localhost:5432'.
dbug: Microsoft.EntityFrameworkCore.Database.Command[20300]
      A data reader for 'teknomled' on server 'tcp://localhost:5432' is being disposed after spending 3ms reading results.
dbug: Microsoft.EntityFrameworkCore.Database.Connection[20002]
      Closing connection to database 'teknomled' on server 'tcp://localhost:5432'.
dbug: Microsoft.EntityFrameworkCore.Database.Connection[20003]
      Closed connection to database 'teknomled' on server 'tcp://localhost:5432' (0ms).
dbug: Microsoft.EntityFrameworkCore.Migrations[20400]
      Migrating using database 'teknomled' on server 'tcp://localhost:5432'.
dbug: Microsoft.EntityFrameworkCore.Database.Connection[20000]
      Opening connection to database 'teknomled' on server 'tcp://localhost:5432'.
dbug: Microsoft.EntityFrameworkCore.Database.Connection[20000]
      Opening connection to database 'teknomled' on server 'tcp://localhost:5432'.
dbug: Microsoft.EntityFrameworkCore.Database.Connection[20001]
      Opened connection to database 'teknomled' on server 'tcp://localhost:5432'.
dbug: Microsoft.EntityFrameworkCore.Database.Connection[20002]
      Closing connection to database 'teknomled' on server 'tcp://localhost:5432'.
dbug: Microsoft.EntityFrameworkCore.Database.Connection[20003]
      Closed connection to database 'teknomled' on server 'tcp://localhost:5432' (0ms).
dbug: Microsoft.EntityFrameworkCore.Database.Command[20103]
      Creating DbCommand for 'ExecuteScalar'.
dbug: Microsoft.EntityFrameworkCore.Database.Command[20104]
      Created DbCommand for 'ExecuteScalar' (0ms).
dbug: Microsoft.EntityFrameworkCore.Database.Command[20106]
      Initialized DbCommand for 'ExecuteScalar' (0ms).
dbug: Microsoft.EntityFrameworkCore.Database.Connection[20000]
      Opening connection to database 'teknomled' on server 'tcp://localhost:5432'.
dbug: Microsoft.EntityFrameworkCore.Database.Connection[20001]
      Opened connection to database 'teknomled' on server 'tcp://localhost:5432'.
dbug: Microsoft.EntityFrameworkCore.Database.Command[20100]
      Executing DbCommand [Parameters=[], CommandType='Text', CommandTimeout='30']
      SELECT EXISTS (
    SELECT 1 FROM pg_catalog.pg_class c
    JOIN pg_catalog.pg_namespace n ON n.oid=c.relnamespace
    WHERE n.nspname='public' AND
          c.relname='__EFMigrationsHistory'
)
info: Microsoft.EntityFrameworkCore.Database.Command[20101]
      Executed DbCommand (1ms) [Parameters=[], CommandType='Text', CommandTimeout='30']
      SELECT EXISTS (
    SELECT 1 FROM pg_catalog.pg_class c
    JOIN pg_catalog.pg_namespace n ON n.oid=c.relnamespace
    WHERE n.nspname='public' AND
          c.relname='__EFMigrationsHistory'
)
dbug: Microsoft.EntityFrameworkCore.Database.Connection[20002]
      Closing connection to database 'teknomled' on server 'tcp://localhost:5432'.
dbug: Microsoft.EntityFrameworkCore.Database.Connection[20003]
      Closed connection to database 'teknomled' on server 'tcp://localhost:5432' (0ms).
dbug: Microsoft.EntityFrameworkCore.Database.Connection[20000]
      Opening connection to database 'teknomled' on server 'tcp://localhost:5432'.
dbug: Microsoft.EntityFrameworkCore.Database.Connection[20000]
      Opening connection to database 'teknomled' on server 'tcp://localhost:5432'.
dbug: Microsoft.EntityFrameworkCore.Database.Connection[20001]
      Opened connection to database 'teknomled' on server 'tcp://localhost:5432'.
dbug: Microsoft.EntityFrameworkCore.Database.Connection[20002]
      Closing connection to database 'teknomled' on server 'tcp://localhost:5432'.
dbug: Microsoft.EntityFrameworkCore.Database.Connection[20003]
      Closed connection to database 'teknomled' on server 'tcp://localhost:5432' (0ms).
dbug: Microsoft.EntityFrameworkCore.Database.Command[20103]
      Creating DbCommand for 'ExecuteScalar'.
dbug: Microsoft.EntityFrameworkCore.Database.Command[20104]
      Created DbCommand for 'ExecuteScalar' (0ms).
dbug: Microsoft.EntityFrameworkCore.Database.Command[20106]
      Initialized DbCommand for 'ExecuteScalar' (0ms).
dbug: Microsoft.EntityFrameworkCore.Database.Connection[20000]
      Opening connection to database 'teknomled' on server 'tcp://localhost:5432'.
dbug: Microsoft.EntityFrameworkCore.Database.Connection[20001]
      Opened connection to database 'teknomled' on server 'tcp://localhost:5432'.
dbug: Microsoft.EntityFrameworkCore.Database.Command[20100]
      Executing DbCommand [Parameters=[], CommandType='Text', CommandTimeout='30']
      SELECT EXISTS (
    SELECT 1 FROM pg_catalog.pg_class c
    JOIN pg_catalog.pg_namespace n ON n.oid=c.relnamespace
    WHERE n.nspname='public' AND
          c.relname='__EFMigrationsHistory'
)
info: Microsoft.EntityFrameworkCore.Database.Command[20101]
      Executed DbCommand (1ms) [Parameters=[], CommandType='Text', CommandTimeout='30']
      SELECT EXISTS (
    SELECT 1 FROM pg_catalog.pg_class c
    JOIN pg_catalog.pg_namespace n ON n.oid=c.relnamespace
    WHERE n.nspname='public' AND
          c.relname='__EFMigrationsHistory'
)
dbug: Microsoft.EntityFrameworkCore.Database.Connection[20002]
      Closing connection to database 'teknomled' on server 'tcp://localhost:5432'.
dbug: Microsoft.EntityFrameworkCore.Database.Connection[20003]
      Closed connection to database 'teknomled' on server 'tcp://localhost:5432' (0ms).
dbug: Microsoft.EntityFrameworkCore.Database.Connection[20000]
      Opening connection to database 'teknomled' on server 'tcp://localhost:5432'.
dbug: Microsoft.EntityFrameworkCore.Database.Connection[20001]
      Opened connection to database 'teknomled' on server 'tcp://localhost:5432'.
dbug: Microsoft.EntityFrameworkCore.Database.Command[20103]
      Creating DbCommand for 'ExecuteReader'.
dbug: Microsoft.EntityFrameworkCore.Database.Command[20104]
      Created DbCommand for 'ExecuteReader' (0ms).
dbug: Microsoft.EntityFrameworkCore.Database.Command[20106]
      Initialized DbCommand for 'ExecuteReader' (0ms).
dbug: Microsoft.EntityFrameworkCore.Database.Command[20100]
      Executing DbCommand [Parameters=[], CommandType='Text', CommandTimeout='30']
      SELECT "MigrationId", "ProductVersion"
      FROM "__EFMigrationsHistory"
      ORDER BY "MigrationId";
info: Microsoft.EntityFrameworkCore.Database.Command[20101]
      Executed DbCommand (0ms) [Parameters=[], CommandType='Text', CommandTimeout='30']
      SELECT "MigrationId", "ProductVersion"
      FROM "__EFMigrationsHistory"
      ORDER BY "MigrationId";
dbug: Microsoft.EntityFrameworkCore.Database.Command[20301]
      Closing data reader to 'teknomled' on server 'tcp://localhost:5432'.
dbug: Microsoft.EntityFrameworkCore.Database.Command[20300]
      A data reader for 'teknomled' on server 'tcp://localhost:5432' is being disposed after spending 0ms reading results.
dbug: Microsoft.EntityFrameworkCore.Database.Connection[20002]
      Closing connection to database 'teknomled' on server 'tcp://localhost:5432'.
dbug: Microsoft.EntityFrameworkCore.Database.Connection[20003]
      Closed connection to database 'teknomled' on server 'tcp://localhost:5432' (0ms).
info: Microsoft.EntityFrameworkCore.Migrations[20405]
      No migrations were applied. The database is already up to date.
dbug: Microsoft.EntityFrameworkCore.Query[10111]
      Compiling query expression: 
      'DbSet<Role>()
          .Any(r => r.NormalizedName == __role_NormalizedName_0)'
dbug: Microsoft.EntityFrameworkCore.Query[10107]
      Generated query execution expression: 
      'queryContext => ShapedQueryCompilingExpressionVisitor.SingleAsync<bool>(
          asyncEnumerable: new SingleQueryingEnumerable<bool>(
              (RelationalQueryContext)queryContext, 
              RelationalCommandCache.QueryExpression(
                  Projection Mapping:
                      EmptyProjectionMember -> 0
                  SELECT EXISTS (
                      SELECT 1
                      FROM Roles AS r
                      WHERE r.NormalizedName == @__role_NormalizedName_0)), 
              null, 
              Func<QueryContext, DbDataReader, ResultContext, SingleQueryResultCoordinator, bool>, 
              TeknomLed.Infrastructure.Persistence.AppDbContext, 
              False, 
              False, 
              True
          ), 
          cancellationToken: queryContext.CancellationToken)'
dbug: Microsoft.EntityFrameworkCore.Database.Connection[20000]
      Opening connection to database 'teknomled' on server 'tcp://localhost:5432'.
dbug: Microsoft.EntityFrameworkCore.Database.Connection[20001]
      Opened connection to database 'teknomled' on server 'tcp://localhost:5432'.
dbug: Microsoft.EntityFrameworkCore.Database.Command[20103]
      Creating DbCommand for 'ExecuteReader'.
dbug: Microsoft.EntityFrameworkCore.Database.Command[20104]
      Created DbCommand for 'ExecuteReader' (0ms).
dbug: Microsoft.EntityFrameworkCore.Database.Command[20106]
      Initialized DbCommand for 'ExecuteReader' (1ms).
dbug: Microsoft.EntityFrameworkCore.Database.Command[20100]
      Executing DbCommand [Parameters=[@__role_NormalizedName_0='?'], CommandType='Text', CommandTimeout='30']
      SELECT EXISTS (
          SELECT 1
          FROM "Roles" AS r
          WHERE r."NormalizedName" = @__role_NormalizedName_0)
info: Microsoft.EntityFrameworkCore.Database.Command[20101]
      Executed DbCommand (4ms) [Parameters=[@__role_NormalizedName_0='?'], CommandType='Text', CommandTimeout='30']
      SELECT EXISTS (
          SELECT 1
          FROM "Roles" AS r
          WHERE r."NormalizedName" = @__role_NormalizedName_0)
dbug: Microsoft.EntityFrameworkCore.Database.Command[20301]
      Closing data reader to 'teknomled' on server 'tcp://localhost:5432'.
dbug: Microsoft.EntityFrameworkCore.Database.Command[20300]
      A data reader for 'teknomled' on server 'tcp://localhost:5432' is being disposed after spending 1ms reading results.
dbug: Microsoft.EntityFrameworkCore.Database.Connection[20002]
      Closing connection to database 'teknomled' on server 'tcp://localhost:5432'.
dbug: Microsoft.EntityFrameworkCore.Database.Connection[20003]
      Closed connection to database 'teknomled' on server 'tcp://localhost:5432' (0ms).
dbug: Microsoft.EntityFrameworkCore.ChangeTracking[10806]
      Context 'AppDbContext' started tracking 'Role' entity. Consider using 'DbContextOptionsBuilder.EnableSensitiveDataLogging' to see key values.
dbug: Microsoft.EntityFrameworkCore.Database.Connection[20000]
      Opening connection to database 'teknomled' on server 'tcp://localhost:5432'.
dbug: Microsoft.EntityFrameworkCore.Database.Connection[20001]
      Opened connection to database 'teknomled' on server 'tcp://localhost:5432'.
dbug: Microsoft.EntityFrameworkCore.Database.Command[20103]
      Creating DbCommand for 'ExecuteReader'.
dbug: Microsoft.EntityFrameworkCore.Database.Command[20104]
      Created DbCommand for 'ExecuteReader' (0ms).
dbug: Microsoft.EntityFrameworkCore.Database.Command[20106]
      Initialized DbCommand for 'ExecuteReader' (0ms).
dbug: Microsoft.EntityFrameworkCore.Database.Command[20100]
      Executing DbCommand [Parameters=[@__role_NormalizedName_0='?'], CommandType='Text', CommandTimeout='30']
      SELECT EXISTS (
          SELECT 1
          FROM "Roles" AS r
          WHERE r."NormalizedName" = @__role_NormalizedName_0)
info: Microsoft.EntityFrameworkCore.Database.Command[20101]
      Executed DbCommand (0ms) [Parameters=[@__role_NormalizedName_0='?'], CommandType='Text', CommandTimeout='30']
      SELECT EXISTS (
          SELECT 1
          FROM "Roles" AS r
          WHERE r."NormalizedName" = @__role_NormalizedName_0)
dbug: Microsoft.EntityFrameworkCore.Database.Command[20301]
      Closing data reader to 'teknomled' on server 'tcp://localhost:5432'.
dbug: Microsoft.EntityFrameworkCore.Database.Command[20300]
      A data reader for 'teknomled' on server 'tcp://localhost:5432' is being disposed after spending 0ms reading results.
dbug: Microsoft.EntityFrameworkCore.Database.Connection[20002]
      Closing connection to database 'teknomled' on server 'tcp://localhost:5432'.
dbug: Microsoft.EntityFrameworkCore.Database.Connection[20003]
      Closed connection to database 'teknomled' on server 'tcp://localhost:5432' (0ms).
dbug: Microsoft.EntityFrameworkCore.ChangeTracking[10806]
      Context 'AppDbContext' started tracking 'Role' entity. Consider using 'DbContextOptionsBuilder.EnableSensitiveDataLogging' to see key values.
dbug: Microsoft.EntityFrameworkCore.Database.Connection[20000]
      Opening connection to database 'teknomled' on server 'tcp://localhost:5432'.
dbug: Microsoft.EntityFrameworkCore.Database.Connection[20001]
      Opened connection to database 'teknomled' on server 'tcp://localhost:5432'.
dbug: Microsoft.EntityFrameworkCore.Database.Command[20103]
      Creating DbCommand for 'ExecuteReader'.
dbug: Microsoft.EntityFrameworkCore.Database.Command[20104]
      Created DbCommand for 'ExecuteReader' (0ms).
dbug: Microsoft.EntityFrameworkCore.Database.Command[20106]
      Initialized DbCommand for 'ExecuteReader' (0ms).
dbug: Microsoft.EntityFrameworkCore.Database.Command[20100]
      Executing DbCommand [Parameters=[@__role_NormalizedName_0='?'], CommandType='Text', CommandTimeout='30']
      SELECT EXISTS (
          SELECT 1
          FROM "Roles" AS r
          WHERE r."NormalizedName" = @__role_NormalizedName_0)
info: Microsoft.EntityFrameworkCore.Database.Command[20101]
      Executed DbCommand (0ms) [Parameters=[@__role_NormalizedName_0='?'], CommandType='Text', CommandTimeout='30']
      SELECT EXISTS (
          SELECT 1
          FROM "Roles" AS r
          WHERE r."NormalizedName" = @__role_NormalizedName_0)
dbug: Microsoft.EntityFrameworkCore.Database.Command[20301]
      Closing data reader to 'teknomled' on server 'tcp://localhost:5432'.
dbug: Microsoft.EntityFrameworkCore.Database.Command[20300]
      A data reader for 'teknomled' on server 'tcp://localhost:5432' is being disposed after spending 0ms reading results.
dbug: Microsoft.EntityFrameworkCore.Database.Connection[20002]
      Closing connection to database 'teknomled' on server 'tcp://localhost:5432'.
dbug: Microsoft.EntityFrameworkCore.Database.Connection[20003]
      Closed connection to database 'teknomled' on server 'tcp://localhost:5432' (0ms).
dbug: Microsoft.EntityFrameworkCore.ChangeTracking[10806]
      Context 'AppDbContext' started tracking 'Role' entity. Consider using 'DbContextOptionsBuilder.EnableSensitiveDataLogging' to see key values.
dbug: Microsoft.EntityFrameworkCore.Database.Connection[20000]
      Opening connection to database 'teknomled' on server 'tcp://localhost:5432'.
dbug: Microsoft.EntityFrameworkCore.Database.Connection[20001]
      Opened connection to database 'teknomled' on server 'tcp://localhost:5432'.
dbug: Microsoft.EntityFrameworkCore.Database.Command[20103]
      Creating DbCommand for 'ExecuteReader'.
dbug: Microsoft.EntityFrameworkCore.Database.Command[20104]
      Created DbCommand for 'ExecuteReader' (0ms).
dbug: Microsoft.EntityFrameworkCore.Database.Command[20106]
      Initialized DbCommand for 'ExecuteReader' (0ms).
dbug: Microsoft.EntityFrameworkCore.Database.Command[20100]
      Executing DbCommand [Parameters=[@__role_NormalizedName_0='?'], CommandType='Text', CommandTimeout='30']
      SELECT EXISTS (
          SELECT 1
          FROM "Roles" AS r
          WHERE r."NormalizedName" = @__role_NormalizedName_0)
info: Microsoft.EntityFrameworkCore.Database.Command[20101]
      Executed DbCommand (0ms) [Parameters=[@__role_NormalizedName_0='?'], CommandType='Text', CommandTimeout='30']
      SELECT EXISTS (
          SELECT 1
          FROM "Roles" AS r
          WHERE r."NormalizedName" = @__role_NormalizedName_0)
dbug: Microsoft.EntityFrameworkCore.Database.Command[20301]
      Closing data reader to 'teknomled' on server 'tcp://localhost:5432'.
dbug: Microsoft.EntityFrameworkCore.Database.Command[20300]
      A data reader for 'teknomled' on server 'tcp://localhost:5432' is being disposed after spending 0ms reading results.
dbug: Microsoft.EntityFrameworkCore.Database.Connection[20002]
      Closing connection to database 'teknomled' on server 'tcp://localhost:5432'.
dbug: Microsoft.EntityFrameworkCore.Database.Connection[20003]
      Closed connection to database 'teknomled' on server 'tcp://localhost:5432' (0ms).
dbug: Microsoft.EntityFrameworkCore.ChangeTracking[10806]
      Context 'AppDbContext' started tracking 'Role' entity. Consider using 'DbContextOptionsBuilder.EnableSensitiveDataLogging' to see key values.
dbug: Microsoft.EntityFrameworkCore.Database.Connection[20000]
      Opening connection to database 'teknomled' on server 'tcp://localhost:5432'.
dbug: Microsoft.EntityFrameworkCore.Database.Connection[20001]
      Opened connection to database 'teknomled' on server 'tcp://localhost:5432'.
dbug: Microsoft.EntityFrameworkCore.Database.Command[20103]
      Creating DbCommand for 'ExecuteReader'.
dbug: Microsoft.EntityFrameworkCore.Database.Command[20104]
      Created DbCommand for 'ExecuteReader' (0ms).
dbug: Microsoft.EntityFrameworkCore.Database.Command[20106]
      Initialized DbCommand for 'ExecuteReader' (0ms).
dbug: Microsoft.EntityFrameworkCore.Database.Command[20100]
      Executing DbCommand [Parameters=[@__role_NormalizedName_0='?'], CommandType='Text', CommandTimeout='30']
      SELECT EXISTS (
          SELECT 1
          FROM "Roles" AS r
          WHERE r."NormalizedName" = @__role_NormalizedName_0)
info: Microsoft.EntityFrameworkCore.Database.Command[20101]
      Executed DbCommand (0ms) [Parameters=[@__role_NormalizedName_0='?'], CommandType='Text', CommandTimeout='30']
      SELECT EXISTS (
          SELECT 1
          FROM "Roles" AS r
          WHERE r."NormalizedName" = @__role_NormalizedName_0)
dbug: Microsoft.EntityFrameworkCore.Database.Command[20301]
      Closing data reader to 'teknomled' on server 'tcp://localhost:5432'.
dbug: Microsoft.EntityFrameworkCore.Database.Command[20300]
      A data reader for 'teknomled' on server 'tcp://localhost:5432' is being disposed after spending 0ms reading results.
dbug: Microsoft.EntityFrameworkCore.Database.Connection[20002]
      Closing connection to database 'teknomled' on server 'tcp://localhost:5432'.
dbug: Microsoft.EntityFrameworkCore.Database.Connection[20003]
      Closed connection to database 'teknomled' on server 'tcp://localhost:5432' (0ms).
dbug: Microsoft.EntityFrameworkCore.ChangeTracking[10806]
      Context 'AppDbContext' started tracking 'Role' entity. Consider using 'DbContextOptionsBuilder.EnableSensitiveDataLogging' to see key values.
dbug: Microsoft.EntityFrameworkCore.Query[10111]
      Compiling query expression: 
      'DbSet<Permission>()
          .Any(p => p.NormalizedName == __permission_NormalizedName_0)'
dbug: Microsoft.EntityFrameworkCore.Query[10107]
      Generated query execution expression: 
      'queryContext => ShapedQueryCompilingExpressionVisitor.SingleAsync<bool>(
          asyncEnumerable: new SingleQueryingEnumerable<bool>(
              (RelationalQueryContext)queryContext, 
              RelationalCommandCache.QueryExpression(
                  Projection Mapping:
                      EmptyProjectionMember -> 0
                  SELECT EXISTS (
                      SELECT 1
                      FROM Permissions AS p
                      WHERE p.NormalizedName == @__permission_NormalizedName_0)), 
              null, 
              Func<QueryContext, DbDataReader, ResultContext, SingleQueryResultCoordinator, bool>, 
              TeknomLed.Infrastructure.Persistence.AppDbContext, 
              False, 
              False, 
              True
          ), 
          cancellationToken: queryContext.CancellationToken)'
dbug: Microsoft.EntityFrameworkCore.Database.Connection[20000]
      Opening connection to database 'teknomled' on server 'tcp://localhost:5432'.
dbug: Microsoft.EntityFrameworkCore.Database.Connection[20001]
      Opened connection to database 'teknomled' on server 'tcp://localhost:5432'.
dbug: Microsoft.EntityFrameworkCore.Database.Command[20103]
      Creating DbCommand for 'ExecuteReader'.
dbug: Microsoft.EntityFrameworkCore.Database.Command[20104]
      Created DbCommand for 'ExecuteReader' (0ms).
dbug: Microsoft.EntityFrameworkCore.Database.Command[20106]
      Initialized DbCommand for 'ExecuteReader' (0ms).
dbug: Microsoft.EntityFrameworkCore.Database.Command[20100]
      Executing DbCommand [Parameters=[@__permission_NormalizedName_0='?'], CommandType='Text', CommandTimeout='30']
      SELECT EXISTS (
          SELECT 1
          FROM "Permissions" AS p
          WHERE p."NormalizedName" = @__permission_NormalizedName_0)
info: Microsoft.EntityFrameworkCore.Database.Command[20101]
      Executed DbCommand (1ms) [Parameters=[@__permission_NormalizedName_0='?'], CommandType='Text', CommandTimeout='30']
      SELECT EXISTS (
          SELECT 1
          FROM "Permissions" AS p
          WHERE p."NormalizedName" = @__permission_NormalizedName_0)
dbug: Microsoft.EntityFrameworkCore.Database.Command[20301]
      Closing data reader to 'teknomled' on server 'tcp://localhost:5432'.
dbug: Microsoft.EntityFrameworkCore.Database.Command[20300]
      A data reader for 'teknomled' on server 'tcp://localhost:5432' is being disposed after spending 0ms reading results.
dbug: Microsoft.EntityFrameworkCore.Database.Connection[20002]
      Closing connection to database 'teknomled' on server 'tcp://localhost:5432'.
dbug: Microsoft.EntityFrameworkCore.Database.Connection[20003]
      Closed connection to database 'teknomled' on server 'tcp://localhost:5432' (0ms).
dbug: Microsoft.EntityFrameworkCore.ChangeTracking[10806]
      Context 'AppDbContext' started tracking 'Permission' entity. Consider using 'DbContextOptionsBuilder.EnableSensitiveDataLogging' to see key values.
dbug: Microsoft.EntityFrameworkCore.Database.Connection[20000]
      Opening connection to database 'teknomled' on server 'tcp://localhost:5432'.
dbug: Microsoft.EntityFrameworkCore.Database.Connection[20001]
      Opened connection to database 'teknomled' on server 'tcp://localhost:5432'.
dbug: Microsoft.EntityFrameworkCore.Database.Command[20103]
      Creating DbCommand for 'ExecuteReader'.
dbug: Microsoft.EntityFrameworkCore.Database.Command[20104]
      Created DbCommand for 'ExecuteReader' (0ms).
dbug: Microsoft.EntityFrameworkCore.Database.Command[20106]
      Initialized DbCommand for 'ExecuteReader' (0ms).
dbug: Microsoft.EntityFrameworkCore.Database.Command[20100]
      Executing DbCommand [Parameters=[@__permission_NormalizedName_0='?'], CommandType='Text', CommandTimeout='30']
      SELECT EXISTS (
          SELECT 1
          FROM "Permissions" AS p
          WHERE p."NormalizedName" = @__permission_NormalizedName_0)
info: Microsoft.EntityFrameworkCore.Database.Command[20101]
      Executed DbCommand (0ms) [Parameters=[@__permission_NormalizedName_0='?'], CommandType='Text', CommandTimeout='30']
      SELECT EXISTS (
          SELECT 1
          FROM "Permissions" AS p
          WHERE p."NormalizedName" = @__permission_NormalizedName_0)
dbug: Microsoft.EntityFrameworkCore.Database.Command[20301]
      Closing data reader to 'teknomled' on server 'tcp://localhost:5432'.
dbug: Microsoft.EntityFrameworkCore.Database.Command[20300]
      A data reader for 'teknomled' on server 'tcp://localhost:5432' is being disposed after spending 0ms reading results.
dbug: Microsoft.EntityFrameworkCore.Database.Connection[20002]
      Closing connection to database 'teknomled' on server 'tcp://localhost:5432'.
dbug: Microsoft.EntityFrameworkCore.Database.Connection[20003]
      Closed connection to database 'teknomled' on server 'tcp://localhost:5432' (0ms).
dbug: Microsoft.EntityFrameworkCore.ChangeTracking[10806]
      Context 'AppDbContext' started tracking 'Permission' entity. Consider using 'DbContextOptionsBuilder.EnableSensitiveDataLogging' to see key values.
dbug: Microsoft.EntityFrameworkCore.Database.Connection[20000]
      Opening connection to database 'teknomled' on server 'tcp://localhost:5432'.
dbug: Microsoft.EntityFrameworkCore.Database.Connection[20001]
      Opened connection to database 'teknomled' on server 'tcp://localhost:5432'.
dbug: Microsoft.EntityFrameworkCore.Database.Command[20103]
      Creating DbCommand for 'ExecuteReader'.
dbug: Microsoft.EntityFrameworkCore.Database.Command[20104]
      Created DbCommand for 'ExecuteReader' (0ms).
dbug: Microsoft.EntityFrameworkCore.Database.Command[20106]
      Initialized DbCommand for 'ExecuteReader' (0ms).
dbug: Microsoft.EntityFrameworkCore.Database.Command[20100]
      Executing DbCommand [Parameters=[@__permission_NormalizedName_0='?'], CommandType='Text', CommandTimeout='30']
      SELECT EXISTS (
          SELECT 1
          FROM "Permissions" AS p
          WHERE p."NormalizedName" = @__permission_NormalizedName_0)
info: Microsoft.EntityFrameworkCore.Database.Command[20101]
      Executed DbCommand (0ms) [Parameters=[@__permission_NormalizedName_0='?'], CommandType='Text', CommandTimeout='30']
      SELECT EXISTS (
          SELECT 1
          FROM "Permissions" AS p
          WHERE p."NormalizedName" = @__permission_NormalizedName_0)
dbug: Microsoft.EntityFrameworkCore.Database.Command[20301]
      Closing data reader to 'teknomled' on server 'tcp://localhost:5432'.
dbug: Microsoft.EntityFrameworkCore.Database.Command[20300]
      A data reader for 'teknomled' on server 'tcp://localhost:5432' is being disposed after spending 0ms reading results.
dbug: Microsoft.EntityFrameworkCore.Database.Connection[20002]
      Closing connection to database 'teknomled' on server 'tcp://localhost:5432'.
dbug: Microsoft.EntityFrameworkCore.Database.Connection[20003]
      Closed connection to database 'teknomled' on server 'tcp://localhost:5432' (0ms).
dbug: Microsoft.EntityFrameworkCore.ChangeTracking[10806]
      Context 'AppDbContext' started tracking 'Permission' entity. Consider using 'DbContextOptionsBuilder.EnableSensitiveDataLogging' to see key values.
dbug: Microsoft.EntityFrameworkCore.Database.Connection[20000]
      Opening connection to database 'teknomled' on server 'tcp://localhost:5432'.
dbug: Microsoft.EntityFrameworkCore.Database.Connection[20001]
      Opened connection to database 'teknomled' on server 'tcp://localhost:5432'.
dbug: Microsoft.EntityFrameworkCore.Database.Command[20103]
      Creating DbCommand for 'ExecuteReader'.
dbug: Microsoft.EntityFrameworkCore.Database.Command[20104]
      Created DbCommand for 'ExecuteReader' (0ms).
dbug: Microsoft.EntityFrameworkCore.Database.Command[20106]
      Initialized DbCommand for 'ExecuteReader' (0ms).
dbug: Microsoft.EntityFrameworkCore.Database.Command[20100]
      Executing DbCommand [Parameters=[@__permission_NormalizedName_0='?'], CommandType='Text', CommandTimeout='30']
      SELECT EXISTS (
          SELECT 1
          FROM "Permissions" AS p
          WHERE p."NormalizedName" = @__permission_NormalizedName_0)
info: Microsoft.EntityFrameworkCore.Database.Command[20101]
      Executed DbCommand (0ms) [Parameters=[@__permission_NormalizedName_0='?'], CommandType='Text', CommandTimeout='30']
      SELECT EXISTS (
          SELECT 1
          FROM "Permissions" AS p
          WHERE p."NormalizedName" = @__permission_NormalizedName_0)
dbug: Microsoft.EntityFrameworkCore.Database.Command[20301]
      Closing data reader to 'teknomled' on server 'tcp://localhost:5432'.
dbug: Microsoft.EntityFrameworkCore.Database.Command[20300]
      A data reader for 'teknomled' on server 'tcp://localhost:5432' is being disposed after spending 0ms reading results.
dbug: Microsoft.EntityFrameworkCore.Database.Connection[20002]
      Closing connection to database 'teknomled' on server 'tcp://localhost:5432'.
dbug: Microsoft.EntityFrameworkCore.Database.Connection[20003]
      Closed connection to database 'teknomled' on server 'tcp://localhost:5432' (0ms).
dbug: Microsoft.EntityFrameworkCore.ChangeTracking[10806]
      Context 'AppDbContext' started tracking 'Permission' entity. Consider using 'DbContextOptionsBuilder.EnableSensitiveDataLogging' to see key values.
dbug: Microsoft.EntityFrameworkCore.Database.Connection[20000]
      Opening connection to database 'teknomled' on server 'tcp://localhost:5432'.
dbug: Microsoft.EntityFrameworkCore.Database.Connection[20001]
      Opened connection to database 'teknomled' on server 'tcp://localhost:5432'.
dbug: Microsoft.EntityFrameworkCore.Database.Command[20103]
      Creating DbCommand for 'ExecuteReader'.
dbug: Microsoft.EntityFrameworkCore.Database.Command[20104]
      Created DbCommand for 'ExecuteReader' (0ms).
dbug: Microsoft.EntityFrameworkCore.Database.Command[20106]
      Initialized DbCommand for 'ExecuteReader' (0ms).
dbug: Microsoft.EntityFrameworkCore.Database.Command[20100]
      Executing DbCommand [Parameters=[@__permission_NormalizedName_0='?'], CommandType='Text', CommandTimeout='30']
      SELECT EXISTS (
          SELECT 1
          FROM "Permissions" AS p
          WHERE p."NormalizedName" = @__permission_NormalizedName_0)
info: Microsoft.EntityFrameworkCore.Database.Command[20101]
      Executed DbCommand (0ms) [Parameters=[@__permission_NormalizedName_0='?'], CommandType='Text', CommandTimeout='30']
      SELECT EXISTS (
          SELECT 1
          FROM "Permissions" AS p
          WHERE p."NormalizedName" = @__permission_NormalizedName_0)
dbug: Microsoft.EntityFrameworkCore.Database.Command[20301]
      Closing data reader to 'teknomled' on server 'tcp://localhost:5432'.
dbug: Microsoft.EntityFrameworkCore.Database.Command[20300]
      A data reader for 'teknomled' on server 'tcp://localhost:5432' is being disposed after spending 0ms reading results.
dbug: Microsoft.EntityFrameworkCore.Database.Connection[20002]
      Closing connection to database 'teknomled' on server 'tcp://localhost:5432'.
dbug: Microsoft.EntityFrameworkCore.Database.Connection[20003]
      Closed connection to database 'teknomled' on server 'tcp://localhost:5432' (0ms).
dbug: Microsoft.EntityFrameworkCore.ChangeTracking[10806]
      Context 'AppDbContext' started tracking 'Permission' entity. Consider using 'DbContextOptionsBuilder.EnableSensitiveDataLogging' to see key values.
dbug: Microsoft.EntityFrameworkCore.Database.Connection[20000]
      Opening connection to database 'teknomled' on server 'tcp://localhost:5432'.
dbug: Microsoft.EntityFrameworkCore.Database.Connection[20001]
      Opened connection to database 'teknomled' on server 'tcp://localhost:5432'.
dbug: Microsoft.EntityFrameworkCore.Database.Command[20103]
      Creating DbCommand for 'ExecuteReader'.
dbug: Microsoft.EntityFrameworkCore.Database.Command[20104]
      Created DbCommand for 'ExecuteReader' (0ms).
dbug: Microsoft.EntityFrameworkCore.Database.Command[20106]
      Initialized DbCommand for 'ExecuteReader' (0ms).
dbug: Microsoft.EntityFrameworkCore.Database.Command[20100]
      Executing DbCommand [Parameters=[@__permission_NormalizedName_0='?'], CommandType='Text', CommandTimeout='30']
      SELECT EXISTS (
          SELECT 1
          FROM "Permissions" AS p
          WHERE p."NormalizedName" = @__permission_NormalizedName_0)
info: Microsoft.EntityFrameworkCore.Database.Command[20101]
      Executed DbCommand (0ms) [Parameters=[@__permission_NormalizedName_0='?'], CommandType='Text', CommandTimeout='30']
      SELECT EXISTS (
          SELECT 1
          FROM "Permissions" AS p
          WHERE p."NormalizedName" = @__permission_NormalizedName_0)
dbug: Microsoft.EntityFrameworkCore.Database.Command[20301]
      Closing data reader to 'teknomled' on server 'tcp://localhost:5432'.
dbug: Microsoft.EntityFrameworkCore.Database.Command[20300]
      A data reader for 'teknomled' on server 'tcp://localhost:5432' is being disposed after spending 0ms reading results.
dbug: Microsoft.EntityFrameworkCore.Database.Connection[20002]
      Closing connection to database 'teknomled' on server 'tcp://localhost:5432'.
dbug: Microsoft.EntityFrameworkCore.Database.Connection[20003]
      Closed connection to database 'teknomled' on server 'tcp://localhost:5432' (0ms).
dbug: Microsoft.EntityFrameworkCore.ChangeTracking[10806]
      Context 'AppDbContext' started tracking 'Permission' entity. Consider using 'DbContextOptionsBuilder.EnableSensitiveDataLogging' to see key values.
dbug: Microsoft.EntityFrameworkCore.Database.Connection[20000]
      Opening connection to database 'teknomled' on server 'tcp://localhost:5432'.
dbug: Microsoft.EntityFrameworkCore.Database.Connection[20001]
      Opened connection to database 'teknomled' on server 'tcp://localhost:5432'.
dbug: Microsoft.EntityFrameworkCore.Database.Command[20103]
      Creating DbCommand for 'ExecuteReader'.
dbug: Microsoft.EntityFrameworkCore.Database.Command[20104]
      Created DbCommand for 'ExecuteReader' (0ms).
dbug: Microsoft.EntityFrameworkCore.Database.Command[20106]
      Initialized DbCommand for 'ExecuteReader' (0ms).
dbug: Microsoft.EntityFrameworkCore.Database.Command[20100]
      Executing DbCommand [Parameters=[@__permission_NormalizedName_0='?'], CommandType='Text', CommandTimeout='30']
      SELECT EXISTS (
          SELECT 1
          FROM "Permissions" AS p
          WHERE p."NormalizedName" = @__permission_NormalizedName_0)
info: Microsoft.EntityFrameworkCore.Database.Command[20101]
      Executed DbCommand (0ms) [Parameters=[@__permission_NormalizedName_0='?'], CommandType='Text', CommandTimeout='30']
      SELECT EXISTS (
          SELECT 1
          FROM "Permissions" AS p
          WHERE p."NormalizedName" = @__permission_NormalizedName_0)
dbug: Microsoft.EntityFrameworkCore.Database.Command[20301]
      Closing data reader to 'teknomled' on server 'tcp://localhost:5432'.
dbug: Microsoft.EntityFrameworkCore.Database.Command[20300]
      A data reader for 'teknomled' on server 'tcp://localhost:5432' is being disposed after spending 0ms reading results.
dbug: Microsoft.EntityFrameworkCore.Database.Connection[20002]
      Closing connection to database 'teknomled' on server 'tcp://localhost:5432'.
dbug: Microsoft.EntityFrameworkCore.Database.Connection[20003]
      Closed connection to database 'teknomled' on server 'tcp://localhost:5432' (0ms).
dbug: Microsoft.EntityFrameworkCore.ChangeTracking[10806]
      Context 'AppDbContext' started tracking 'Permission' entity. Consider using 'DbContextOptionsBuilder.EnableSensitiveDataLogging' to see key values.
dbug: Microsoft.EntityFrameworkCore.Database.Connection[20000]
      Opening connection to database 'teknomled' on server 'tcp://localhost:5432'.
dbug: Microsoft.EntityFrameworkCore.Database.Connection[20001]
      Opened connection to database 'teknomled' on server 'tcp://localhost:5432'.
dbug: Microsoft.EntityFrameworkCore.Database.Command[20103]
      Creating DbCommand for 'ExecuteReader'.
dbug: Microsoft.EntityFrameworkCore.Database.Command[20104]
      Created DbCommand for 'ExecuteReader' (0ms).
dbug: Microsoft.EntityFrameworkCore.Database.Command[20106]
      Initialized DbCommand for 'ExecuteReader' (0ms).
dbug: Microsoft.EntityFrameworkCore.Database.Command[20100]
      Executing DbCommand [Parameters=[@__permission_NormalizedName_0='?'], CommandType='Text', CommandTimeout='30']
      SELECT EXISTS (
          SELECT 1
          FROM "Permissions" AS p
          WHERE p."NormalizedName" = @__permission_NormalizedName_0)
info: Microsoft.EntityFrameworkCore.Database.Command[20101]
      Executed DbCommand (0ms) [Parameters=[@__permission_NormalizedName_0='?'], CommandType='Text', CommandTimeout='30']
      SELECT EXISTS (
          SELECT 1
          FROM "Permissions" AS p
          WHERE p."NormalizedName" = @__permission_NormalizedName_0)
dbug: Microsoft.EntityFrameworkCore.Database.Command[20301]
      Closing data reader to 'teknomled' on server 'tcp://localhost:5432'.
dbug: Microsoft.EntityFrameworkCore.Database.Command[20300]
      A data reader for 'teknomled' on server 'tcp://localhost:5432' is being disposed after spending 0ms reading results.
dbug: Microsoft.EntityFrameworkCore.Database.Connection[20002]
      Closing connection to database 'teknomled' on server 'tcp://localhost:5432'.
dbug: Microsoft.EntityFrameworkCore.Database.Connection[20003]
      Closed connection to database 'teknomled' on server 'tcp://localhost:5432' (0ms).
dbug: Microsoft.EntityFrameworkCore.ChangeTracking[10806]
      Context 'AppDbContext' started tracking 'Permission' entity. Consider using 'DbContextOptionsBuilder.EnableSensitiveDataLogging' to see key values.
dbug: Microsoft.EntityFrameworkCore.Database.Connection[20000]
      Opening connection to database 'teknomled' on server 'tcp://localhost:5432'.
dbug: Microsoft.EntityFrameworkCore.Database.Connection[20001]
      Opened connection to database 'teknomled' on server 'tcp://localhost:5432'.
dbug: Microsoft.EntityFrameworkCore.Database.Command[20103]
      Creating DbCommand for 'ExecuteReader'.
dbug: Microsoft.EntityFrameworkCore.Database.Command[20104]
      Created DbCommand for 'ExecuteReader' (0ms).
dbug: Microsoft.EntityFrameworkCore.Database.Command[20106]
      Initialized DbCommand for 'ExecuteReader' (0ms).
dbug: Microsoft.EntityFrameworkCore.Database.Command[20100]
      Executing DbCommand [Parameters=[@__permission_NormalizedName_0='?'], CommandType='Text', CommandTimeout='30']
      SELECT EXISTS (
          SELECT 1
          FROM "Permissions" AS p
          WHERE p."NormalizedName" = @__permission_NormalizedName_0)
info: Microsoft.EntityFrameworkCore.Database.Command[20101]
      Executed DbCommand (0ms) [Parameters=[@__permission_NormalizedName_0='?'], CommandType='Text', CommandTimeout='30']
      SELECT EXISTS (
          SELECT 1
          FROM "Permissions" AS p
          WHERE p."NormalizedName" = @__permission_NormalizedName_0)
dbug: Microsoft.EntityFrameworkCore.Database.Command[20301]
      Closing data reader to 'teknomled' on server 'tcp://localhost:5432'.
dbug: Microsoft.EntityFrameworkCore.Database.Command[20300]
      A data reader for 'teknomled' on server 'tcp://localhost:5432' is being disposed after spending 0ms reading results.
dbug: Microsoft.EntityFrameworkCore.Database.Connection[20002]
      Closing connection to database 'teknomled' on server 'tcp://localhost:5432'.
dbug: Microsoft.EntityFrameworkCore.Database.Connection[20003]
      Closed connection to database 'teknomled' on server 'tcp://localhost:5432' (0ms).
dbug: Microsoft.EntityFrameworkCore.ChangeTracking[10806]
      Context 'AppDbContext' started tracking 'Permission' entity. Consider using 'DbContextOptionsBuilder.EnableSensitiveDataLogging' to see key values.
dbug: Microsoft.EntityFrameworkCore.Database.Connection[20000]
      Opening connection to database 'teknomled' on server 'tcp://localhost:5432'.
dbug: Microsoft.EntityFrameworkCore.Database.Connection[20001]
      Opened connection to database 'teknomled' on server 'tcp://localhost:5432'.
dbug: Microsoft.EntityFrameworkCore.Database.Command[20103]
      Creating DbCommand for 'ExecuteReader'.
dbug: Microsoft.EntityFrameworkCore.Database.Command[20104]
      Created DbCommand for 'ExecuteReader' (0ms).
dbug: Microsoft.EntityFrameworkCore.Database.Command[20106]
      Initialized DbCommand for 'ExecuteReader' (0ms).
dbug: Microsoft.EntityFrameworkCore.Database.Command[20100]
      Executing DbCommand [Parameters=[@__permission_NormalizedName_0='?'], CommandType='Text', CommandTimeout='30']
      SELECT EXISTS (
          SELECT 1
          FROM "Permissions" AS p
          WHERE p."NormalizedName" = @__permission_NormalizedName_0)
info: Microsoft.EntityFrameworkCore.Database.Command[20101]
      Executed DbCommand (0ms) [Parameters=[@__permission_NormalizedName_0='?'], CommandType='Text', CommandTimeout='30']
      SELECT EXISTS (
          SELECT 1
          FROM "Permissions" AS p
          WHERE p."NormalizedName" = @__permission_NormalizedName_0)
dbug: Microsoft.EntityFrameworkCore.Database.Command[20301]
      Closing data reader to 'teknomled' on server 'tcp://localhost:5432'.
dbug: Microsoft.EntityFrameworkCore.Database.Command[20300]
      A data reader for 'teknomled' on server 'tcp://localhost:5432' is being disposed after spending 0ms reading results.
dbug: Microsoft.EntityFrameworkCore.Database.Connection[20002]
      Closing connection to database 'teknomled' on server 'tcp://localhost:5432'.
dbug: Microsoft.EntityFrameworkCore.Database.Connection[20003]
      Closed connection to database 'teknomled' on server 'tcp://localhost:5432' (0ms).
dbug: Microsoft.EntityFrameworkCore.ChangeTracking[10806]
      Context 'AppDbContext' started tracking 'Permission' entity. Consider using 'DbContextOptionsBuilder.EnableSensitiveDataLogging' to see key values.
dbug: Microsoft.EntityFrameworkCore.Update[10004]
      SaveChanges starting for 'AppDbContext'.
dbug: Microsoft.EntityFrameworkCore.ChangeTracking[10800]
      DetectChanges starting for 'AppDbContext'.
dbug: Microsoft.EntityFrameworkCore.ChangeTracking[10801]
      DetectChanges completed for 'AppDbContext'.
dbug: Microsoft.EntityFrameworkCore.Update[20700]
      Executing 15 update commands as a batch.
dbug: Microsoft.EntityFrameworkCore.Database.Connection[20000]
      Opening connection to database 'teknomled' on server 'tcp://localhost:5432'.
dbug: Microsoft.EntityFrameworkCore.Database.Connection[20001]
      Opened connection to database 'teknomled' on server 'tcp://localhost:5432'.
dbug: Microsoft.EntityFrameworkCore.Database.Transaction[20209]
      Beginning transaction with isolation level 'Unspecified'.
dbug: Microsoft.EntityFrameworkCore.Database.Transaction[20200]
      Began transaction with isolation level 'ReadCommitted'.
dbug: Microsoft.EntityFrameworkCore.Database.Command[20103]
      Creating DbCommand for 'ExecuteReader'.
dbug: Microsoft.EntityFrameworkCore.Database.Command[20104]
      Created DbCommand for 'ExecuteReader' (0ms).
dbug: Microsoft.EntityFrameworkCore.Database.Command[20106]
      Initialized DbCommand for 'ExecuteReader' (0ms).
dbug: Microsoft.EntityFrameworkCore.Database.Command[20100]
      Executing DbCommand [Parameters=[@p0='?' (DbType = Guid), @p1='?', @p2='?', @p3='?', @p4='?' (DbType = Guid), @p5='?', @p6='?', @p7='?', @p8='?' (DbType = Guid), @p9='?', @p10='?', @p11='?', @p12='?' (DbType = Guid), @p13='?', @p14='?', @p15='?', @p16='?' (DbType = Guid), @p17='?', @p18='?', @p19='?', @p20='?' (DbType = Guid), @p21='?', @p22='?', @p23='?', @p24='?' (DbType = Guid), @p25='?', @p26='?', @p27='?', @p28='?' (DbType = Guid), @p29='?', @p30='?', @p31='?', @p32='?' (DbType = Guid), @p33='?', @p34='?', @p35='?', @p36='?' (DbType = Guid), @p37='?', @p38='?', @p39='?', @p40='?' (DbType = Guid), @p41='?', @p42='?', @p43='?', @p44='?' (DbType = Guid), @p45='?', @p46='?', @p47='?', @p48='?' (DbType = Guid), @p49='?', @p50='?', @p51='?', @p52='?' (DbType = Guid), @p53='?', @p54='?', @p55='?', @p56='?' (DbType = Guid), @p57='?', @p58='?', @p59='?'], CommandType='Text', CommandTimeout='30']
      INSERT INTO "Permissions" ("Id", "Description", "Name", "NormalizedName")
      VALUES (@p0, @p1, @p2, @p3);
      INSERT INTO "Permissions" ("Id", "Description", "Name", "NormalizedName")
      VALUES (@p4, @p5, @p6, @p7);
      INSERT INTO "Permissions" ("Id", "Description", "Name", "NormalizedName")
      VALUES (@p8, @p9, @p10, @p11);
      INSERT INTO "Permissions" ("Id", "Description", "Name", "NormalizedName")
      VALUES (@p12, @p13, @p14, @p15);
      INSERT INTO "Permissions" ("Id", "Description", "Name", "NormalizedName")
      VALUES (@p16, @p17, @p18, @p19);
      INSERT INTO "Permissions" ("Id", "Description", "Name", "NormalizedName")
      VALUES (@p20, @p21, @p22, @p23);
      INSERT INTO "Permissions" ("Id", "Description", "Name", "NormalizedName")
      VALUES (@p24, @p25, @p26, @p27);
      INSERT INTO "Permissions" ("Id", "Description", "Name", "NormalizedName")
      VALUES (@p28, @p29, @p30, @p31);
      INSERT INTO "Permissions" ("Id", "Description", "Name", "NormalizedName")
      VALUES (@p32, @p33, @p34, @p35);
      INSERT INTO "Permissions" ("Id", "Description", "Name", "NormalizedName")
      VALUES (@p36, @p37, @p38, @p39);
      INSERT INTO "Roles" ("Id", "Description", "Name", "NormalizedName")
      VALUES (@p40, @p41, @p42, @p43);
      INSERT INTO "Roles" ("Id", "Description", "Name", "NormalizedName")
      VALUES (@p44, @p45, @p46, @p47);
      INSERT INTO "Roles" ("Id", "Description", "Name", "NormalizedName")
      VALUES (@p48, @p49, @p50, @p51);
      INSERT INTO "Roles" ("Id", "Description", "Name", "NormalizedName")
      VALUES (@p52, @p53, @p54, @p55);
      INSERT INTO "Roles" ("Id", "Description", "Name", "NormalizedName")
      VALUES (@p56, @p57, @p58, @p59);
info: Microsoft.EntityFrameworkCore.Database.Command[20101]
      Executed DbCommand (2ms) [Parameters=[@p0='?' (DbType = Guid), @p1='?', @p2='?', @p3='?', @p4='?' (DbType = Guid), @p5='?', @p6='?', @p7='?', @p8='?' (DbType = Guid), @p9='?', @p10='?', @p11='?', @p12='?' (DbType = Guid), @p13='?', @p14='?', @p15='?', @p16='?' (DbType = Guid), @p17='?', @p18='?', @p19='?', @p20='?' (DbType = Guid), @p21='?', @p22='?', @p23='?', @p24='?' (DbType = Guid), @p25='?', @p26='?', @p27='?', @p28='?' (DbType = Guid), @p29='?', @p30='?', @p31='?', @p32='?' (DbType = Guid), @p33='?', @p34='?', @p35='?', @p36='?' (DbType = Guid), @p37='?', @p38='?', @p39='?', @p40='?' (DbType = Guid), @p41='?', @p42='?', @p43='?', @p44='?' (DbType = Guid), @p45='?', @p46='?', @p47='?', @p48='?' (DbType = Guid), @p49='?', @p50='?', @p51='?', @p52='?' (DbType = Guid), @p53='?', @p54='?', @p55='?', @p56='?' (DbType = Guid), @p57='?', @p58='?', @p59='?'], CommandType='Text', CommandTimeout='30']
      INSERT INTO "Permissions" ("Id", "Description", "Name", "NormalizedName")
      VALUES (@p0, @p1, @p2, @p3);
      INSERT INTO "Permissions" ("Id", "Description", "Name", "NormalizedName")
      VALUES (@p4, @p5, @p6, @p7);
      INSERT INTO "Permissions" ("Id", "Description", "Name", "NormalizedName")
      VALUES (@p8, @p9, @p10, @p11);
      INSERT INTO "Permissions" ("Id", "Description", "Name", "NormalizedName")
      VALUES (@p12, @p13, @p14, @p15);
      INSERT INTO "Permissions" ("Id", "Description", "Name", "NormalizedName")
      VALUES (@p16, @p17, @p18, @p19);
      INSERT INTO "Permissions" ("Id", "Description", "Name", "NormalizedName")
      VALUES (@p20, @p21, @p22, @p23);
      INSERT INTO "Permissions" ("Id", "Description", "Name", "NormalizedName")
      VALUES (@p24, @p25, @p26, @p27);
      INSERT INTO "Permissions" ("Id", "Description", "Name", "NormalizedName")
      VALUES (@p28, @p29, @p30, @p31);
      INSERT INTO "Permissions" ("Id", "Description", "Name", "NormalizedName")
      VALUES (@p32, @p33, @p34, @p35);
      INSERT INTO "Permissions" ("Id", "Description", "Name", "NormalizedName")
      VALUES (@p36, @p37, @p38, @p39);
      INSERT INTO "Roles" ("Id", "Description", "Name", "NormalizedName")
      VALUES (@p40, @p41, @p42, @p43);
      INSERT INTO "Roles" ("Id", "Description", "Name", "NormalizedName")
      VALUES (@p44, @p45, @p46, @p47);
      INSERT INTO "Roles" ("Id", "Description", "Name", "NormalizedName")
      VALUES (@p48, @p49, @p50, @p51);
      INSERT INTO "Roles" ("Id", "Description", "Name", "NormalizedName")
      VALUES (@p52, @p53, @p54, @p55);
      INSERT INTO "Roles" ("Id", "Description", "Name", "NormalizedName")
      VALUES (@p56, @p57, @p58, @p59);
dbug: Microsoft.EntityFrameworkCore.Database.Command[20301]
      Closing data reader to 'teknomled' on server 'tcp://localhost:5432'.
dbug: Microsoft.EntityFrameworkCore.Database.Command[20300]
      A data reader for 'teknomled' on server 'tcp://localhost:5432' is being disposed after spending 1ms reading results.
dbug: Microsoft.EntityFrameworkCore.Database.Transaction[20210]
      Committing transaction.
dbug: Microsoft.EntityFrameworkCore.Database.Transaction[20202]
      Committed transaction.
dbug: Microsoft.EntityFrameworkCore.Database.Connection[20002]
      Closing connection to database 'teknomled' on server 'tcp://localhost:5432'.
dbug: Microsoft.EntityFrameworkCore.Database.Connection[20003]
      Closed connection to database 'teknomled' on server 'tcp://localhost:5432' (0ms).
dbug: Microsoft.EntityFrameworkCore.Database.Transaction[20204]
      Disposing transaction.
dbug: Microsoft.EntityFrameworkCore.ChangeTracking[10807]
      An entity of type 'Role' tracked by 'AppDbContext' changed state from 'Added' to 'Unchanged'. Consider using 'DbContextOptionsBuilder.EnableSensitiveDataLogging' to see key values.
dbug: Microsoft.EntityFrameworkCore.ChangeTracking[10807]
      An entity of type 'Role' tracked by 'AppDbContext' changed state from 'Added' to 'Unchanged'. Consider using 'DbContextOptionsBuilder.EnableSensitiveDataLogging' to see key values.
dbug: Microsoft.EntityFrameworkCore.ChangeTracking[10807]
      An entity of type 'Role' tracked by 'AppDbContext' changed state from 'Added' to 'Unchanged'. Consider using 'DbContextOptionsBuilder.EnableSensitiveDataLogging' to see key values.
dbug: Microsoft.EntityFrameworkCore.ChangeTracking[10807]
      An entity of type 'Role' tracked by 'AppDbContext' changed state from 'Added' to 'Unchanged'. Consider using 'DbContextOptionsBuilder.EnableSensitiveDataLogging' to see key values.
dbug: Microsoft.EntityFrameworkCore.ChangeTracking[10807]
      An entity of type 'Role' tracked by 'AppDbContext' changed state from 'Added' to 'Unchanged'. Consider using 'DbContextOptionsBuilder.EnableSensitiveDataLogging' to see key values.
dbug: Microsoft.EntityFrameworkCore.ChangeTracking[10807]
      An entity of type 'Permission' tracked by 'AppDbContext' changed state from 'Added' to 'Unchanged'. Consider using 'DbContextOptionsBuilder.EnableSensitiveDataLogging' to see key values.
dbug: Microsoft.EntityFrameworkCore.ChangeTracking[10807]
      An entity of type 'Permission' tracked by 'AppDbContext' changed state from 'Added' to 'Unchanged'. Consider using 'DbContextOptionsBuilder.EnableSensitiveDataLogging' to see key values.
dbug: Microsoft.EntityFrameworkCore.ChangeTracking[10807]
      An entity of type 'Permission' tracked by 'AppDbContext' changed state from 'Added' to 'Unchanged'. Consider using 'DbContextOptionsBuilder.EnableSensitiveDataLogging' to see key values.
dbug: Microsoft.EntityFrameworkCore.ChangeTracking[10807]
      An entity of type 'Permission' tracked by 'AppDbContext' changed state from 'Added' to 'Unchanged'. Consider using 'DbContextOptionsBuilder.EnableSensitiveDataLogging' to see key values.
dbug: Microsoft.EntityFrameworkCore.ChangeTracking[10807]
      An entity of type 'Permission' tracked by 'AppDbContext' changed state from 'Added' to 'Unchanged'. Consider using 'DbContextOptionsBuilder.EnableSensitiveDataLogging' to see key values.
dbug: Microsoft.EntityFrameworkCore.ChangeTracking[10807]
      An entity of type 'Permission' tracked by 'AppDbContext' changed state from 'Added' to 'Unchanged'. Consider using 'DbContextOptionsBuilder.EnableSensitiveDataLogging' to see key values.
dbug: Microsoft.EntityFrameworkCore.ChangeTracking[10807]
      An entity of type 'Permission' tracked by 'AppDbContext' changed state from 'Added' to 'Unchanged'. Consider using 'DbContextOptionsBuilder.EnableSensitiveDataLogging' to see key values.
dbug: Microsoft.EntityFrameworkCore.ChangeTracking[10807]
      An entity of type 'Permission' tracked by 'AppDbContext' changed state from 'Added' to 'Unchanged'. Consider using 'DbContextOptionsBuilder.EnableSensitiveDataLogging' to see key values.
dbug: Microsoft.EntityFrameworkCore.ChangeTracking[10807]
      An entity of type 'Permission' tracked by 'AppDbContext' changed state from 'Added' to 'Unchanged'. Consider using 'DbContextOptionsBuilder.EnableSensitiveDataLogging' to see key values.
dbug: Microsoft.EntityFrameworkCore.ChangeTracking[10807]
      An entity of type 'Permission' tracked by 'AppDbContext' changed state from 'Added' to 'Unchanged'. Consider using 'DbContextOptionsBuilder.EnableSensitiveDataLogging' to see key values.
dbug: Microsoft.EntityFrameworkCore.Update[10005]
      SaveChanges completed for 'AppDbContext' with 15 entities written to the database.
dbug: Microsoft.EntityFrameworkCore.Query[10111]
      Compiling query expression: 
      'DbSet<Permission>()'
dbug: Microsoft.EntityFrameworkCore.Query[10107]
      Generated query execution expression: 
      'queryContext => new SingleQueryingEnumerable<Permission>(
          (RelationalQueryContext)queryContext, 
          RelationalCommandCache.QueryExpression(
              Projection Mapping:
                  EmptyProjectionMember -> Dictionary<IProperty, int> { [Property: Permission.Id (Guid) Required PK AfterSave:Throw ValueGenerated.OnAdd, 0], [Property: Permission.Description (string) MaxLength(256), 1], [Property: Permission.Name (string) Required MaxLength(64), 2], [Property: Permission.NormalizedName (string) Required Index MaxLength(64), 3] }
              SELECT p.Id, p.Description, p.Name, p.NormalizedName
              FROM Permissions AS p), 
          null, 
          Func<QueryContext, DbDataReader, ResultContext, SingleQueryResultCoordinator, Permission>, 
          TeknomLed.Infrastructure.Persistence.AppDbContext, 
          False, 
          False, 
          True
      )'
dbug: Microsoft.EntityFrameworkCore.Database.Connection[20000]
      Opening connection to database 'teknomled' on server 'tcp://localhost:5432'.
dbug: Microsoft.EntityFrameworkCore.Database.Connection[20001]
      Opened connection to database 'teknomled' on server 'tcp://localhost:5432'.
dbug: Microsoft.EntityFrameworkCore.Database.Command[20103]
      Creating DbCommand for 'ExecuteReader'.
dbug: Microsoft.EntityFrameworkCore.Database.Command[20104]
      Created DbCommand for 'ExecuteReader' (0ms).
dbug: Microsoft.EntityFrameworkCore.Database.Command[20106]
      Initialized DbCommand for 'ExecuteReader' (0ms).
dbug: Microsoft.EntityFrameworkCore.Database.Command[20100]
      Executing DbCommand [Parameters=[], CommandType='Text', CommandTimeout='30']
      SELECT p."Id", p."Description", p."Name", p."NormalizedName"
      FROM "Permissions" AS p
info: Microsoft.EntityFrameworkCore.Database.Command[20101]
      Executed DbCommand (0ms) [Parameters=[], CommandType='Text', CommandTimeout='30']
      SELECT p."Id", p."Description", p."Name", p."NormalizedName"
      FROM "Permissions" AS p
dbug: Microsoft.EntityFrameworkCore.Database.Command[20301]
      Closing data reader to 'teknomled' on server 'tcp://localhost:5432'.
dbug: Microsoft.EntityFrameworkCore.Database.Command[20300]
      A data reader for 'teknomled' on server 'tcp://localhost:5432' is being disposed after spending 1ms reading results.
dbug: Microsoft.EntityFrameworkCore.Database.Connection[20002]
      Closing connection to database 'teknomled' on server 'tcp://localhost:5432'.
dbug: Microsoft.EntityFrameworkCore.Database.Connection[20003]
      Closed connection to database 'teknomled' on server 'tcp://localhost:5432' (0ms).
dbug: Microsoft.EntityFrameworkCore.Query[10111]
      Compiling query expression: 
      'DbSet<RolePermission>()
          .Any(rp => rp.RoleId == __8__locals1_roleId_0 && rp.PermissionId == __permission_Id_1)'
dbug: Microsoft.EntityFrameworkCore.Query[10107]
      Generated query execution expression: 
      'queryContext => ShapedQueryCompilingExpressionVisitor.SingleAsync<bool>(
          asyncEnumerable: new SingleQueryingEnumerable<bool>(
              (RelationalQueryContext)queryContext, 
              RelationalCommandCache.QueryExpression(
                  Projection Mapping:
                      EmptyProjectionMember -> 0
                  SELECT EXISTS (
                      SELECT 1
                      FROM RolePermissions AS r
                      WHERE (r.RoleId == @__8__locals1_roleId_0) && (r.PermissionId == @__permission_Id_1))), 
              null, 
              Func<QueryContext, DbDataReader, ResultContext, SingleQueryResultCoordinator, bool>, 
              TeknomLed.Infrastructure.Persistence.AppDbContext, 
              False, 
              False, 
              True
          ), 
          cancellationToken: queryContext.CancellationToken)'
dbug: Microsoft.EntityFrameworkCore.Database.Connection[20000]
      Opening connection to database 'teknomled' on server 'tcp://localhost:5432'.
dbug: Microsoft.EntityFrameworkCore.Database.Connection[20001]
      Opened connection to database 'teknomled' on server 'tcp://localhost:5432'.
dbug: Microsoft.EntityFrameworkCore.Database.Command[20103]
      Creating DbCommand for 'ExecuteReader'.
dbug: Microsoft.EntityFrameworkCore.Database.Command[20104]
      Created DbCommand for 'ExecuteReader' (0ms).
dbug: Microsoft.EntityFrameworkCore.Database.Command[20106]
      Initialized DbCommand for 'ExecuteReader' (0ms).
dbug: Microsoft.EntityFrameworkCore.Database.Command[20100]
      Executing DbCommand [Parameters=[@__8__locals1_roleId_0='?' (DbType = Guid), @__permission_Id_1='?' (DbType = Guid)], CommandType='Text', CommandTimeout='30']
      SELECT EXISTS (
          SELECT 1
          FROM "RolePermissions" AS r
          WHERE r."RoleId" = @__8__locals1_roleId_0 AND r."PermissionId" = @__permission_Id_1)
info: Microsoft.EntityFrameworkCore.Database.Command[20101]
      Executed DbCommand (1ms) [Parameters=[@__8__locals1_roleId_0='?' (DbType = Guid), @__permission_Id_1='?' (DbType = Guid)], CommandType='Text', CommandTimeout='30']
      SELECT EXISTS (
          SELECT 1
          FROM "RolePermissions" AS r
          WHERE r."RoleId" = @__8__locals1_roleId_0 AND r."PermissionId" = @__permission_Id_1)
dbug: Microsoft.EntityFrameworkCore.Database.Command[20301]
      Closing data reader to 'teknomled' on server 'tcp://localhost:5432'.
dbug: Microsoft.EntityFrameworkCore.Database.Command[20300]
      A data reader for 'teknomled' on server 'tcp://localhost:5432' is being disposed after spending 0ms reading results.
dbug: Microsoft.EntityFrameworkCore.Database.Connection[20002]
      Closing connection to database 'teknomled' on server 'tcp://localhost:5432'.
dbug: Microsoft.EntityFrameworkCore.Database.Connection[20003]
      Closed connection to database 'teknomled' on server 'tcp://localhost:5432' (0ms).
dbug: Microsoft.EntityFrameworkCore.ChangeTracking[10805]
      The navigation 'RolePermission.Permission' was detected as changed. Consider using 'DbContextOptionsBuilder.EnableSensitiveDataLogging' to see key values.
dbug: Microsoft.EntityFrameworkCore.ChangeTracking[10805]
      The navigation 'RolePermission.Role' was detected as changed. Consider using 'DbContextOptionsBuilder.EnableSensitiveDataLogging' to see key values.
dbug: Microsoft.EntityFrameworkCore.ChangeTracking[10806]
      Context 'AppDbContext' started tracking 'RolePermission' entity. Consider using 'DbContextOptionsBuilder.EnableSensitiveDataLogging' to see key values.
dbug: Microsoft.EntityFrameworkCore.Database.Connection[20000]
      Opening connection to database 'teknomled' on server 'tcp://localhost:5432'.
dbug: Microsoft.EntityFrameworkCore.Database.Connection[20001]
      Opened connection to database 'teknomled' on server 'tcp://localhost:5432'.
dbug: Microsoft.EntityFrameworkCore.Database.Command[20103]
      Creating DbCommand for 'ExecuteReader'.
dbug: Microsoft.EntityFrameworkCore.Database.Command[20104]
      Created DbCommand for 'ExecuteReader' (0ms).
dbug: Microsoft.EntityFrameworkCore.Database.Command[20106]
      Initialized DbCommand for 'ExecuteReader' (0ms).
dbug: Microsoft.EntityFrameworkCore.Database.Command[20100]
      Executing DbCommand [Parameters=[@__8__locals1_roleId_0='?' (DbType = Guid), @__permission_Id_1='?' (DbType = Guid)], CommandType='Text', CommandTimeout='30']
      SELECT EXISTS (
          SELECT 1
          FROM "RolePermissions" AS r
          WHERE r."RoleId" = @__8__locals1_roleId_0 AND r."PermissionId" = @__permission_Id_1)
info: Microsoft.EntityFrameworkCore.Database.Command[20101]
      Executed DbCommand (0ms) [Parameters=[@__8__locals1_roleId_0='?' (DbType = Guid), @__permission_Id_1='?' (DbType = Guid)], CommandType='Text', CommandTimeout='30']
      SELECT EXISTS (
          SELECT 1
          FROM "RolePermissions" AS r
          WHERE r."RoleId" = @__8__locals1_roleId_0 AND r."PermissionId" = @__permission_Id_1)
dbug: Microsoft.EntityFrameworkCore.Database.Command[20301]
      Closing data reader to 'teknomled' on server 'tcp://localhost:5432'.
dbug: Microsoft.EntityFrameworkCore.Database.Command[20300]
      A data reader for 'teknomled' on server 'tcp://localhost:5432' is being disposed after spending 0ms reading results.
dbug: Microsoft.EntityFrameworkCore.Database.Connection[20002]
      Closing connection to database 'teknomled' on server 'tcp://localhost:5432'.
dbug: Microsoft.EntityFrameworkCore.Database.Connection[20003]
      Closed connection to database 'teknomled' on server 'tcp://localhost:5432' (0ms).
dbug: Microsoft.EntityFrameworkCore.ChangeTracking[10805]
      The navigation 'RolePermission.Permission' was detected as changed. Consider using 'DbContextOptionsBuilder.EnableSensitiveDataLogging' to see key values.
dbug: Microsoft.EntityFrameworkCore.ChangeTracking[10805]
      The navigation 'RolePermission.Role' was detected as changed. Consider using 'DbContextOptionsBuilder.EnableSensitiveDataLogging' to see key values.
dbug: Microsoft.EntityFrameworkCore.ChangeTracking[10806]
      Context 'AppDbContext' started tracking 'RolePermission' entity. Consider using 'DbContextOptionsBuilder.EnableSensitiveDataLogging' to see key values.
dbug: Microsoft.EntityFrameworkCore.Database.Connection[20000]
      Opening connection to database 'teknomled' on server 'tcp://localhost:5432'.
dbug: Microsoft.EntityFrameworkCore.Database.Connection[20001]
      Opened connection to database 'teknomled' on server 'tcp://localhost:5432'.
dbug: Microsoft.EntityFrameworkCore.Database.Command[20103]
      Creating DbCommand for 'ExecuteReader'.
dbug: Microsoft.EntityFrameworkCore.Database.Command[20104]
      Created DbCommand for 'ExecuteReader' (0ms).
dbug: Microsoft.EntityFrameworkCore.Database.Command[20106]
      Initialized DbCommand for 'ExecuteReader' (0ms).
dbug: Microsoft.EntityFrameworkCore.Database.Command[20100]
      Executing DbCommand [Parameters=[@__8__locals1_roleId_0='?' (DbType = Guid), @__permission_Id_1='?' (DbType = Guid)], CommandType='Text', CommandTimeout='30']
      SELECT EXISTS (
          SELECT 1
          FROM "RolePermissions" AS r
          WHERE r."RoleId" = @__8__locals1_roleId_0 AND r."PermissionId" = @__permission_Id_1)
info: Microsoft.EntityFrameworkCore.Database.Command[20101]
      Executed DbCommand (0ms) [Parameters=[@__8__locals1_roleId_0='?' (DbType = Guid), @__permission_Id_1='?' (DbType = Guid)], CommandType='Text', CommandTimeout='30']
      SELECT EXISTS (
          SELECT 1
          FROM "RolePermissions" AS r
          WHERE r."RoleId" = @__8__locals1_roleId_0 AND r."PermissionId" = @__permission_Id_1)
dbug: Microsoft.EntityFrameworkCore.Database.Command[20301]
      Closing data reader to 'teknomled' on server 'tcp://localhost:5432'.
dbug: Microsoft.EntityFrameworkCore.Database.Command[20300]
      A data reader for 'teknomled' on server 'tcp://localhost:5432' is being disposed after spending 0ms reading results.
dbug: Microsoft.EntityFrameworkCore.Database.Connection[20002]
      Closing connection to database 'teknomled' on server 'tcp://localhost:5432'.
dbug: Microsoft.EntityFrameworkCore.Database.Connection[20003]
      Closed connection to database 'teknomled' on server 'tcp://localhost:5432' (0ms).
dbug: Microsoft.EntityFrameworkCore.ChangeTracking[10805]
      The navigation 'RolePermission.Permission' was detected as changed. Consider using 'DbContextOptionsBuilder.EnableSensitiveDataLogging' to see key values.
dbug: Microsoft.EntityFrameworkCore.ChangeTracking[10805]
      The navigation 'RolePermission.Role' was detected as changed. Consider using 'DbContextOptionsBuilder.EnableSensitiveDataLogging' to see key values.
dbug: Microsoft.EntityFrameworkCore.ChangeTracking[10806]
      Context 'AppDbContext' started tracking 'RolePermission' entity. Consider using 'DbContextOptionsBuilder.EnableSensitiveDataLogging' to see key values.
dbug: Microsoft.EntityFrameworkCore.Database.Connection[20000]
      Opening connection to database 'teknomled' on server 'tcp://localhost:5432'.
dbug: Microsoft.EntityFrameworkCore.Database.Connection[20001]
      Opened connection to database 'teknomled' on server 'tcp://localhost:5432'.
dbug: Microsoft.EntityFrameworkCore.Database.Command[20103]
      Creating DbCommand for 'ExecuteReader'.
dbug: Microsoft.EntityFrameworkCore.Database.Command[20104]
      Created DbCommand for 'ExecuteReader' (0ms).
dbug: Microsoft.EntityFrameworkCore.Database.Command[20106]
      Initialized DbCommand for 'ExecuteReader' (0ms).
dbug: Microsoft.EntityFrameworkCore.Database.Command[20100]
      Executing DbCommand [Parameters=[@__8__locals1_roleId_0='?' (DbType = Guid), @__permission_Id_1='?' (DbType = Guid)], CommandType='Text', CommandTimeout='30']
      SELECT EXISTS (
          SELECT 1
          FROM "RolePermissions" AS r
          WHERE r."RoleId" = @__8__locals1_roleId_0 AND r."PermissionId" = @__permission_Id_1)
info: Microsoft.EntityFrameworkCore.Database.Command[20101]
      Executed DbCommand (0ms) [Parameters=[@__8__locals1_roleId_0='?' (DbType = Guid), @__permission_Id_1='?' (DbType = Guid)], CommandType='Text', CommandTimeout='30']
      SELECT EXISTS (
          SELECT 1
          FROM "RolePermissions" AS r
          WHERE r."RoleId" = @__8__locals1_roleId_0 AND r."PermissionId" = @__permission_Id_1)
dbug: Microsoft.EntityFrameworkCore.Database.Command[20301]
      Closing data reader to 'teknomled' on server 'tcp://localhost:5432'.
dbug: Microsoft.EntityFrameworkCore.Database.Command[20300]
      A data reader for 'teknomled' on server 'tcp://localhost:5432' is being disposed after spending 0ms reading results.
dbug: Microsoft.EntityFrameworkCore.Database.Connection[20002]
      Closing connection to database 'teknomled' on server 'tcp://localhost:5432'.
dbug: Microsoft.EntityFrameworkCore.Database.Connection[20003]
      Closed connection to database 'teknomled' on server 'tcp://localhost:5432' (0ms).
dbug: Microsoft.EntityFrameworkCore.ChangeTracking[10805]
      The navigation 'RolePermission.Permission' was detected as changed. Consider using 'DbContextOptionsBuilder.EnableSensitiveDataLogging' to see key values.
dbug: Microsoft.EntityFrameworkCore.ChangeTracking[10805]
      The navigation 'RolePermission.Role' was detected as changed. Consider using 'DbContextOptionsBuilder.EnableSensitiveDataLogging' to see key values.
dbug: Microsoft.EntityFrameworkCore.ChangeTracking[10806]
      Context 'AppDbContext' started tracking 'RolePermission' entity. Consider using 'DbContextOptionsBuilder.EnableSensitiveDataLogging' to see key values.
dbug: Microsoft.EntityFrameworkCore.Database.Connection[20000]
      Opening connection to database 'teknomled' on server 'tcp://localhost:5432'.
dbug: Microsoft.EntityFrameworkCore.Database.Connection[20001]
      Opened connection to database 'teknomled' on server 'tcp://localhost:5432'.
dbug: Microsoft.EntityFrameworkCore.Database.Command[20103]
      Creating DbCommand for 'ExecuteReader'.
dbug: Microsoft.EntityFrameworkCore.Database.Command[20104]
      Created DbCommand for 'ExecuteReader' (0ms).
dbug: Microsoft.EntityFrameworkCore.Database.Command[20106]
      Initialized DbCommand for 'ExecuteReader' (0ms).
dbug: Microsoft.EntityFrameworkCore.Database.Command[20100]
      Executing DbCommand [Parameters=[@__8__locals1_roleId_0='?' (DbType = Guid), @__permission_Id_1='?' (DbType = Guid)], CommandType='Text', CommandTimeout='30']
      SELECT EXISTS (
          SELECT 1
          FROM "RolePermissions" AS r
          WHERE r."RoleId" = @__8__locals1_roleId_0 AND r."PermissionId" = @__permission_Id_1)
info: Microsoft.EntityFrameworkCore.Database.Command[20101]
      Executed DbCommand (0ms) [Parameters=[@__8__locals1_roleId_0='?' (DbType = Guid), @__permission_Id_1='?' (DbType = Guid)], CommandType='Text', CommandTimeout='30']
      SELECT EXISTS (
          SELECT 1
          FROM "RolePermissions" AS r
          WHERE r."RoleId" = @__8__locals1_roleId_0 AND r."PermissionId" = @__permission_Id_1)
dbug: Microsoft.EntityFrameworkCore.Database.Command[20301]
      Closing data reader to 'teknomled' on server 'tcp://localhost:5432'.
dbug: Microsoft.EntityFrameworkCore.Database.Command[20300]
      A data reader for 'teknomled' on server 'tcp://localhost:5432' is being disposed after spending 0ms reading results.
dbug: Microsoft.EntityFrameworkCore.Database.Connection[20002]
      Closing connection to database 'teknomled' on server 'tcp://localhost:5432'.
dbug: Microsoft.EntityFrameworkCore.Database.Connection[20003]
      Closed connection to database 'teknomled' on server 'tcp://localhost:5432' (0ms).
dbug: Microsoft.EntityFrameworkCore.ChangeTracking[10805]
      The navigation 'RolePermission.Permission' was detected as changed. Consider using 'DbContextOptionsBuilder.EnableSensitiveDataLogging' to see key values.
dbug: Microsoft.EntityFrameworkCore.ChangeTracking[10805]
      The navigation 'RolePermission.Role' was detected as changed. Consider using 'DbContextOptionsBuilder.EnableSensitiveDataLogging' to see key values.
dbug: Microsoft.EntityFrameworkCore.ChangeTracking[10806]
      Context 'AppDbContext' started tracking 'RolePermission' entity. Consider using 'DbContextOptionsBuilder.EnableSensitiveDataLogging' to see key values.
dbug: Microsoft.EntityFrameworkCore.Database.Connection[20000]
      Opening connection to database 'teknomled' on server 'tcp://localhost:5432'.
dbug: Microsoft.EntityFrameworkCore.Database.Connection[20001]
      Opened connection to database 'teknomled' on server 'tcp://localhost:5432'.
dbug: Microsoft.EntityFrameworkCore.Database.Command[20103]
      Creating DbCommand for 'ExecuteReader'.
dbug: Microsoft.EntityFrameworkCore.Database.Command[20104]
      Created DbCommand for 'ExecuteReader' (0ms).
dbug: Microsoft.EntityFrameworkCore.Database.Command[20106]
      Initialized DbCommand for 'ExecuteReader' (0ms).
dbug: Microsoft.EntityFrameworkCore.Database.Command[20100]
      Executing DbCommand [Parameters=[@__8__locals1_roleId_0='?' (DbType = Guid), @__permission_Id_1='?' (DbType = Guid)], CommandType='Text', CommandTimeout='30']
      SELECT EXISTS (
          SELECT 1
          FROM "RolePermissions" AS r
          WHERE r."RoleId" = @__8__locals1_roleId_0 AND r."PermissionId" = @__permission_Id_1)
info: Microsoft.EntityFrameworkCore.Database.Command[20101]
      Executed DbCommand (0ms) [Parameters=[@__8__locals1_roleId_0='?' (DbType = Guid), @__permission_Id_1='?' (DbType = Guid)], CommandType='Text', CommandTimeout='30']
      SELECT EXISTS (
          SELECT 1
          FROM "RolePermissions" AS r
          WHERE r."RoleId" = @__8__locals1_roleId_0 AND r."PermissionId" = @__permission_Id_1)
dbug: Microsoft.EntityFrameworkCore.Database.Command[20301]
      Closing data reader to 'teknomled' on server 'tcp://localhost:5432'.
dbug: Microsoft.EntityFrameworkCore.Database.Command[20300]
      A data reader for 'teknomled' on server 'tcp://localhost:5432' is being disposed after spending 0ms reading results.
dbug: Microsoft.EntityFrameworkCore.Database.Connection[20002]
      Closing connection to database 'teknomled' on server 'tcp://localhost:5432'.
dbug: Microsoft.EntityFrameworkCore.Database.Connection[20003]
      Closed connection to database 'teknomled' on server 'tcp://localhost:5432' (0ms).
dbug: Microsoft.EntityFrameworkCore.ChangeTracking[10805]
      The navigation 'RolePermission.Permission' was detected as changed. Consider using 'DbContextOptionsBuilder.EnableSensitiveDataLogging' to see key values.
dbug: Microsoft.EntityFrameworkCore.ChangeTracking[10805]
      The navigation 'RolePermission.Role' was detected as changed. Consider using 'DbContextOptionsBuilder.EnableSensitiveDataLogging' to see key values.
dbug: Microsoft.EntityFrameworkCore.ChangeTracking[10806]
      Context 'AppDbContext' started tracking 'RolePermission' entity. Consider using 'DbContextOptionsBuilder.EnableSensitiveDataLogging' to see key values.
dbug: Microsoft.EntityFrameworkCore.Database.Connection[20000]
      Opening connection to database 'teknomled' on server 'tcp://localhost:5432'.
dbug: Microsoft.EntityFrameworkCore.Database.Connection[20001]
      Opened connection to database 'teknomled' on server 'tcp://localhost:5432'.
dbug: Microsoft.EntityFrameworkCore.Database.Command[20103]
      Creating DbCommand for 'ExecuteReader'.
dbug: Microsoft.EntityFrameworkCore.Database.Command[20104]
      Created DbCommand for 'ExecuteReader' (0ms).
dbug: Microsoft.EntityFrameworkCore.Database.Command[20106]
      Initialized DbCommand for 'ExecuteReader' (0ms).
dbug: Microsoft.EntityFrameworkCore.Database.Command[20100]
      Executing DbCommand [Parameters=[@__8__locals1_roleId_0='?' (DbType = Guid), @__permission_Id_1='?' (DbType = Guid)], CommandType='Text', CommandTimeout='30']
      SELECT EXISTS (
          SELECT 1
          FROM "RolePermissions" AS r
          WHERE r."RoleId" = @__8__locals1_roleId_0 AND r."PermissionId" = @__permission_Id_1)
info: Microsoft.EntityFrameworkCore.Database.Command[20101]
      Executed DbCommand (0ms) [Parameters=[@__8__locals1_roleId_0='?' (DbType = Guid), @__permission_Id_1='?' (DbType = Guid)], CommandType='Text', CommandTimeout='30']
      SELECT EXISTS (
          SELECT 1
          FROM "RolePermissions" AS r
          WHERE r."RoleId" = @__8__locals1_roleId_0 AND r."PermissionId" = @__permission_Id_1)
dbug: Microsoft.EntityFrameworkCore.Database.Command[20301]
      Closing data reader to 'teknomled' on server 'tcp://localhost:5432'.
dbug: Microsoft.EntityFrameworkCore.Database.Command[20300]
      A data reader for 'teknomled' on server 'tcp://localhost:5432' is being disposed after spending 0ms reading results.
dbug: Microsoft.EntityFrameworkCore.Database.Connection[20002]
      Closing connection to database 'teknomled' on server 'tcp://localhost:5432'.
dbug: Microsoft.EntityFrameworkCore.Database.Connection[20003]
      Closed connection to database 'teknomled' on server 'tcp://localhost:5432' (0ms).
dbug: Microsoft.EntityFrameworkCore.ChangeTracking[10805]
      The navigation 'RolePermission.Permission' was detected as changed. Consider using 'DbContextOptionsBuilder.EnableSensitiveDataLogging' to see key values.
dbug: Microsoft.EntityFrameworkCore.ChangeTracking[10805]
      The navigation 'RolePermission.Role' was detected as changed. Consider using 'DbContextOptionsBuilder.EnableSensitiveDataLogging' to see key values.
dbug: Microsoft.EntityFrameworkCore.ChangeTracking[10806]
      Context 'AppDbContext' started tracking 'RolePermission' entity. Consider using 'DbContextOptionsBuilder.EnableSensitiveDataLogging' to see key values.
dbug: Microsoft.EntityFrameworkCore.Database.Connection[20000]
      Opening connection to database 'teknomled' on server 'tcp://localhost:5432'.
dbug: Microsoft.EntityFrameworkCore.Database.Connection[20001]
      Opened connection to database 'teknomled' on server 'tcp://localhost:5432'.
dbug: Microsoft.EntityFrameworkCore.Database.Command[20103]
      Creating DbCommand for 'ExecuteReader'.
dbug: Microsoft.EntityFrameworkCore.Database.Command[20104]
      Created DbCommand for 'ExecuteReader' (0ms).
dbug: Microsoft.EntityFrameworkCore.Database.Command[20106]
      Initialized DbCommand for 'ExecuteReader' (0ms).
dbug: Microsoft.EntityFrameworkCore.Database.Command[20100]
      Executing DbCommand [Parameters=[@__8__locals1_roleId_0='?' (DbType = Guid), @__permission_Id_1='?' (DbType = Guid)], CommandType='Text', CommandTimeout='30']
      SELECT EXISTS (
          SELECT 1
          FROM "RolePermissions" AS r
          WHERE r."RoleId" = @__8__locals1_roleId_0 AND r."PermissionId" = @__permission_Id_1)
info: Microsoft.EntityFrameworkCore.Database.Command[20101]
      Executed DbCommand (0ms) [Parameters=[@__8__locals1_roleId_0='?' (DbType = Guid), @__permission_Id_1='?' (DbType = Guid)], CommandType='Text', CommandTimeout='30']
      SELECT EXISTS (
          SELECT 1
          FROM "RolePermissions" AS r
          WHERE r."RoleId" = @__8__locals1_roleId_0 AND r."PermissionId" = @__permission_Id_1)
dbug: Microsoft.EntityFrameworkCore.Database.Command[20301]
      Closing data reader to 'teknomled' on server 'tcp://localhost:5432'.
dbug: Microsoft.EntityFrameworkCore.Database.Command[20300]
      A data reader for 'teknomled' on server 'tcp://localhost:5432' is being disposed after spending 0ms reading results.
dbug: Microsoft.EntityFrameworkCore.Database.Connection[20002]
      Closing connection to database 'teknomled' on server 'tcp://localhost:5432'.
dbug: Microsoft.EntityFrameworkCore.Database.Connection[20003]
      Closed connection to database 'teknomled' on server 'tcp://localhost:5432' (0ms).
dbug: Microsoft.EntityFrameworkCore.ChangeTracking[10805]
      The navigation 'RolePermission.Permission' was detected as changed. Consider using 'DbContextOptionsBuilder.EnableSensitiveDataLogging' to see key values.
dbug: Microsoft.EntityFrameworkCore.ChangeTracking[10805]
      The navigation 'RolePermission.Role' was detected as changed. Consider using 'DbContextOptionsBuilder.EnableSensitiveDataLogging' to see key values.
dbug: Microsoft.EntityFrameworkCore.ChangeTracking[10806]
      Context 'AppDbContext' started tracking 'RolePermission' entity. Consider using 'DbContextOptionsBuilder.EnableSensitiveDataLogging' to see key values.
dbug: Microsoft.EntityFrameworkCore.Database.Connection[20000]
      Opening connection to database 'teknomled' on server 'tcp://localhost:5432'.
dbug: Microsoft.EntityFrameworkCore.Database.Connection[20001]
      Opened connection to database 'teknomled' on server 'tcp://localhost:5432'.
dbug: Microsoft.EntityFrameworkCore.Database.Command[20103]
      Creating DbCommand for 'ExecuteReader'.
dbug: Microsoft.EntityFrameworkCore.Database.Command[20104]
      Created DbCommand for 'ExecuteReader' (0ms).
dbug: Microsoft.EntityFrameworkCore.Database.Command[20106]
      Initialized DbCommand for 'ExecuteReader' (0ms).
dbug: Microsoft.EntityFrameworkCore.Database.Command[20100]
      Executing DbCommand [Parameters=[@__8__locals1_roleId_0='?' (DbType = Guid), @__permission_Id_1='?' (DbType = Guid)], CommandType='Text', CommandTimeout='30']
      SELECT EXISTS (
          SELECT 1
          FROM "RolePermissions" AS r
          WHERE r."RoleId" = @__8__locals1_roleId_0 AND r."PermissionId" = @__permission_Id_1)
info: Microsoft.EntityFrameworkCore.Database.Command[20101]
      Executed DbCommand (0ms) [Parameters=[@__8__locals1_roleId_0='?' (DbType = Guid), @__permission_Id_1='?' (DbType = Guid)], CommandType='Text', CommandTimeout='30']
      SELECT EXISTS (
          SELECT 1
          FROM "RolePermissions" AS r
          WHERE r."RoleId" = @__8__locals1_roleId_0 AND r."PermissionId" = @__permission_Id_1)
dbug: Microsoft.EntityFrameworkCore.Database.Command[20301]
      Closing data reader to 'teknomled' on server 'tcp://localhost:5432'.
dbug: Microsoft.EntityFrameworkCore.Database.Command[20300]
      A data reader for 'teknomled' on server 'tcp://localhost:5432' is being disposed after spending 0ms reading results.
dbug: Microsoft.EntityFrameworkCore.Database.Connection[20002]
      Closing connection to database 'teknomled' on server 'tcp://localhost:5432'.
dbug: Microsoft.EntityFrameworkCore.Database.Connection[20003]
      Closed connection to database 'teknomled' on server 'tcp://localhost:5432' (0ms).
dbug: Microsoft.EntityFrameworkCore.ChangeTracking[10805]
      The navigation 'RolePermission.Permission' was detected as changed. Consider using 'DbContextOptionsBuilder.EnableSensitiveDataLogging' to see key values.
dbug: Microsoft.EntityFrameworkCore.ChangeTracking[10805]
      The navigation 'RolePermission.Role' was detected as changed. Consider using 'DbContextOptionsBuilder.EnableSensitiveDataLogging' to see key values.
dbug: Microsoft.EntityFrameworkCore.ChangeTracking[10806]
      Context 'AppDbContext' started tracking 'RolePermission' entity. Consider using 'DbContextOptionsBuilder.EnableSensitiveDataLogging' to see key values.
dbug: Microsoft.EntityFrameworkCore.Database.Connection[20000]
      Opening connection to database 'teknomled' on server 'tcp://localhost:5432'.
dbug: Microsoft.EntityFrameworkCore.Database.Connection[20001]
      Opened connection to database 'teknomled' on server 'tcp://localhost:5432'.
dbug: Microsoft.EntityFrameworkCore.Database.Command[20103]
      Creating DbCommand for 'ExecuteReader'.
dbug: Microsoft.EntityFrameworkCore.Database.Command[20104]
      Created DbCommand for 'ExecuteReader' (0ms).
dbug: Microsoft.EntityFrameworkCore.Database.Command[20106]
      Initialized DbCommand for 'ExecuteReader' (0ms).
dbug: Microsoft.EntityFrameworkCore.Database.Command[20100]
      Executing DbCommand [Parameters=[@__8__locals1_roleId_0='?' (DbType = Guid), @__permission_Id_1='?' (DbType = Guid)], CommandType='Text', CommandTimeout='30']
      SELECT EXISTS (
          SELECT 1
          FROM "RolePermissions" AS r
          WHERE r."RoleId" = @__8__locals1_roleId_0 AND r."PermissionId" = @__permission_Id_1)
info: Microsoft.EntityFrameworkCore.Database.Command[20101]
      Executed DbCommand (0ms) [Parameters=[@__8__locals1_roleId_0='?' (DbType = Guid), @__permission_Id_1='?' (DbType = Guid)], CommandType='Text', CommandTimeout='30']
      SELECT EXISTS (
          SELECT 1
          FROM "RolePermissions" AS r
          WHERE r."RoleId" = @__8__locals1_roleId_0 AND r."PermissionId" = @__permission_Id_1)
dbug: Microsoft.EntityFrameworkCore.Database.Command[20301]
      Closing data reader to 'teknomled' on server 'tcp://localhost:5432'.
dbug: Microsoft.EntityFrameworkCore.Database.Command[20300]
      A data reader for 'teknomled' on server 'tcp://localhost:5432' is being disposed after spending 0ms reading results.
dbug: Microsoft.EntityFrameworkCore.Database.Connection[20002]
      Closing connection to database 'teknomled' on server 'tcp://localhost:5432'.
dbug: Microsoft.EntityFrameworkCore.Database.Connection[20003]
      Closed connection to database 'teknomled' on server 'tcp://localhost:5432' (0ms).
dbug: Microsoft.EntityFrameworkCore.ChangeTracking[10805]
      The navigation 'RolePermission.Permission' was detected as changed. Consider using 'DbContextOptionsBuilder.EnableSensitiveDataLogging' to see key values.
dbug: Microsoft.EntityFrameworkCore.ChangeTracking[10805]
      The navigation 'RolePermission.Role' was detected as changed. Consider using 'DbContextOptionsBuilder.EnableSensitiveDataLogging' to see key values.
dbug: Microsoft.EntityFrameworkCore.ChangeTracking[10806]
      Context 'AppDbContext' started tracking 'RolePermission' entity. Consider using 'DbContextOptionsBuilder.EnableSensitiveDataLogging' to see key values.
dbug: Microsoft.EntityFrameworkCore.Database.Connection[20000]
      Opening connection to database 'teknomled' on server 'tcp://localhost:5432'.
dbug: Microsoft.EntityFrameworkCore.Database.Connection[20001]
      Opened connection to database 'teknomled' on server 'tcp://localhost:5432'.
dbug: Microsoft.EntityFrameworkCore.Database.Command[20103]
      Creating DbCommand for 'ExecuteReader'.
dbug: Microsoft.EntityFrameworkCore.Database.Command[20104]
      Created DbCommand for 'ExecuteReader' (0ms).
dbug: Microsoft.EntityFrameworkCore.Database.Command[20106]
      Initialized DbCommand for 'ExecuteReader' (0ms).
dbug: Microsoft.EntityFrameworkCore.Database.Command[20100]
      Executing DbCommand [Parameters=[@__8__locals1_roleId_0='?' (DbType = Guid), @__permission_Id_1='?' (DbType = Guid)], CommandType='Text', CommandTimeout='30']
      SELECT EXISTS (
          SELECT 1
          FROM "RolePermissions" AS r
          WHERE r."RoleId" = @__8__locals1_roleId_0 AND r."PermissionId" = @__permission_Id_1)
info: Microsoft.EntityFrameworkCore.Database.Command[20101]
      Executed DbCommand (0ms) [Parameters=[@__8__locals1_roleId_0='?' (DbType = Guid), @__permission_Id_1='?' (DbType = Guid)], CommandType='Text', CommandTimeout='30']
      SELECT EXISTS (
          SELECT 1
          FROM "RolePermissions" AS r
          WHERE r."RoleId" = @__8__locals1_roleId_0 AND r."PermissionId" = @__permission_Id_1)
dbug: Microsoft.EntityFrameworkCore.Database.Command[20301]
      Closing data reader to 'teknomled' on server 'tcp://localhost:5432'.
dbug: Microsoft.EntityFrameworkCore.Database.Command[20300]
      A data reader for 'teknomled' on server 'tcp://localhost:5432' is being disposed after spending 0ms reading results.
dbug: Microsoft.EntityFrameworkCore.Database.Connection[20002]
      Closing connection to database 'teknomled' on server 'tcp://localhost:5432'.
dbug: Microsoft.EntityFrameworkCore.Database.Connection[20003]
      Closed connection to database 'teknomled' on server 'tcp://localhost:5432' (0ms).
dbug: Microsoft.EntityFrameworkCore.ChangeTracking[10805]
      The navigation 'RolePermission.Permission' was detected as changed. Consider using 'DbContextOptionsBuilder.EnableSensitiveDataLogging' to see key values.
dbug: Microsoft.EntityFrameworkCore.ChangeTracking[10805]
      The navigation 'RolePermission.Role' was detected as changed. Consider using 'DbContextOptionsBuilder.EnableSensitiveDataLogging' to see key values.
dbug: Microsoft.EntityFrameworkCore.ChangeTracking[10806]
      Context 'AppDbContext' started tracking 'RolePermission' entity. Consider using 'DbContextOptionsBuilder.EnableSensitiveDataLogging' to see key values.
dbug: Microsoft.EntityFrameworkCore.Database.Connection[20000]
      Opening connection to database 'teknomled' on server 'tcp://localhost:5432'.
dbug: Microsoft.EntityFrameworkCore.Database.Connection[20001]
      Opened connection to database 'teknomled' on server 'tcp://localhost:5432'.
dbug: Microsoft.EntityFrameworkCore.Database.Command[20103]
      Creating DbCommand for 'ExecuteReader'.
dbug: Microsoft.EntityFrameworkCore.Database.Command[20104]
      Created DbCommand for 'ExecuteReader' (0ms).
dbug: Microsoft.EntityFrameworkCore.Database.Command[20106]
      Initialized DbCommand for 'ExecuteReader' (0ms).
dbug: Microsoft.EntityFrameworkCore.Database.Command[20100]
      Executing DbCommand [Parameters=[@__8__locals1_roleId_0='?' (DbType = Guid), @__permission_Id_1='?' (DbType = Guid)], CommandType='Text', CommandTimeout='30']
      SELECT EXISTS (
          SELECT 1
          FROM "RolePermissions" AS r
          WHERE r."RoleId" = @__8__locals1_roleId_0 AND r."PermissionId" = @__permission_Id_1)
info: Microsoft.EntityFrameworkCore.Database.Command[20101]
      Executed DbCommand (0ms) [Parameters=[@__8__locals1_roleId_0='?' (DbType = Guid), @__permission_Id_1='?' (DbType = Guid)], CommandType='Text', CommandTimeout='30']
      SELECT EXISTS (
          SELECT 1
          FROM "RolePermissions" AS r
          WHERE r."RoleId" = @__8__locals1_roleId_0 AND r."PermissionId" = @__permission_Id_1)
dbug: Microsoft.EntityFrameworkCore.Database.Command[20301]
      Closing data reader to 'teknomled' on server 'tcp://localhost:5432'.
dbug: Microsoft.EntityFrameworkCore.Database.Command[20300]
      A data reader for 'teknomled' on server 'tcp://localhost:5432' is being disposed after spending 0ms reading results.
dbug: Microsoft.EntityFrameworkCore.Database.Connection[20002]
      Closing connection to database 'teknomled' on server 'tcp://localhost:5432'.
dbug: Microsoft.EntityFrameworkCore.Database.Connection[20003]
      Closed connection to database 'teknomled' on server 'tcp://localhost:5432' (0ms).
dbug: Microsoft.EntityFrameworkCore.ChangeTracking[10805]
      The navigation 'RolePermission.Permission' was detected as changed. Consider using 'DbContextOptionsBuilder.EnableSensitiveDataLogging' to see key values.
dbug: Microsoft.EntityFrameworkCore.ChangeTracking[10805]
      The navigation 'RolePermission.Role' was detected as changed. Consider using 'DbContextOptionsBuilder.EnableSensitiveDataLogging' to see key values.
dbug: Microsoft.EntityFrameworkCore.ChangeTracking[10806]
      Context 'AppDbContext' started tracking 'RolePermission' entity. Consider using 'DbContextOptionsBuilder.EnableSensitiveDataLogging' to see key values.
dbug: Microsoft.EntityFrameworkCore.Database.Connection[20000]
      Opening connection to database 'teknomled' on server 'tcp://localhost:5432'.
dbug: Microsoft.EntityFrameworkCore.Database.Connection[20001]
      Opened connection to database 'teknomled' on server 'tcp://localhost:5432'.
dbug: Microsoft.EntityFrameworkCore.Database.Command[20103]
      Creating DbCommand for 'ExecuteReader'.
dbug: Microsoft.EntityFrameworkCore.Database.Command[20104]
      Created DbCommand for 'ExecuteReader' (0ms).
dbug: Microsoft.EntityFrameworkCore.Database.Command[20106]
      Initialized DbCommand for 'ExecuteReader' (0ms).
dbug: Microsoft.EntityFrameworkCore.Database.Command[20100]
      Executing DbCommand [Parameters=[@__8__locals1_roleId_0='?' (DbType = Guid), @__permission_Id_1='?' (DbType = Guid)], CommandType='Text', CommandTimeout='30']
      SELECT EXISTS (
          SELECT 1
          FROM "RolePermissions" AS r
          WHERE r."RoleId" = @__8__locals1_roleId_0 AND r."PermissionId" = @__permission_Id_1)
info: Microsoft.EntityFrameworkCore.Database.Command[20101]
      Executed DbCommand (0ms) [Parameters=[@__8__locals1_roleId_0='?' (DbType = Guid), @__permission_Id_1='?' (DbType = Guid)], CommandType='Text', CommandTimeout='30']
      SELECT EXISTS (
          SELECT 1
          FROM "RolePermissions" AS r
          WHERE r."RoleId" = @__8__locals1_roleId_0 AND r."PermissionId" = @__permission_Id_1)
dbug: Microsoft.EntityFrameworkCore.Database.Command[20301]
      Closing data reader to 'teknomled' on server 'tcp://localhost:5432'.
dbug: Microsoft.EntityFrameworkCore.Database.Command[20300]
      A data reader for 'teknomled' on server 'tcp://localhost:5432' is being disposed after spending 0ms reading results.
dbug: Microsoft.EntityFrameworkCore.Database.Connection[20002]
      Closing connection to database 'teknomled' on server 'tcp://localhost:5432'.
dbug: Microsoft.EntityFrameworkCore.Database.Connection[20003]
      Closed connection to database 'teknomled' on server 'tcp://localhost:5432' (0ms).
dbug: Microsoft.EntityFrameworkCore.ChangeTracking[10805]
      The navigation 'RolePermission.Permission' was detected as changed. Consider using 'DbContextOptionsBuilder.EnableSensitiveDataLogging' to see key values.
dbug: Microsoft.EntityFrameworkCore.ChangeTracking[10805]
      The navigation 'RolePermission.Role' was detected as changed. Consider using 'DbContextOptionsBuilder.EnableSensitiveDataLogging' to see key values.
dbug: Microsoft.EntityFrameworkCore.ChangeTracking[10806]
      Context 'AppDbContext' started tracking 'RolePermission' entity. Consider using 'DbContextOptionsBuilder.EnableSensitiveDataLogging' to see key values.
dbug: Microsoft.EntityFrameworkCore.Database.Connection[20000]
      Opening connection to database 'teknomled' on server 'tcp://localhost:5432'.
dbug: Microsoft.EntityFrameworkCore.Database.Connection[20001]
      Opened connection to database 'teknomled' on server 'tcp://localhost:5432'.
dbug: Microsoft.EntityFrameworkCore.Database.Command[20103]
      Creating DbCommand for 'ExecuteReader'.
dbug: Microsoft.EntityFrameworkCore.Database.Command[20104]
      Created DbCommand for 'ExecuteReader' (0ms).
dbug: Microsoft.EntityFrameworkCore.Database.Command[20106]
      Initialized DbCommand for 'ExecuteReader' (0ms).
dbug: Microsoft.EntityFrameworkCore.Database.Command[20100]
      Executing DbCommand [Parameters=[@__8__locals1_roleId_0='?' (DbType = Guid), @__permission_Id_1='?' (DbType = Guid)], CommandType='Text', CommandTimeout='30']
      SELECT EXISTS (
          SELECT 1
          FROM "RolePermissions" AS r
          WHERE r."RoleId" = @__8__locals1_roleId_0 AND r."PermissionId" = @__permission_Id_1)
info: Microsoft.EntityFrameworkCore.Database.Command[20101]
      Executed DbCommand (0ms) [Parameters=[@__8__locals1_roleId_0='?' (DbType = Guid), @__permission_Id_1='?' (DbType = Guid)], CommandType='Text', CommandTimeout='30']
      SELECT EXISTS (
          SELECT 1
          FROM "RolePermissions" AS r
          WHERE r."RoleId" = @__8__locals1_roleId_0 AND r."PermissionId" = @__permission_Id_1)
dbug: Microsoft.EntityFrameworkCore.Database.Command[20301]
      Closing data reader to 'teknomled' on server 'tcp://localhost:5432'.
dbug: Microsoft.EntityFrameworkCore.Database.Command[20300]
      A data reader for 'teknomled' on server 'tcp://localhost:5432' is being disposed after spending 0ms reading results.
dbug: Microsoft.EntityFrameworkCore.Database.Connection[20002]
      Closing connection to database 'teknomled' on server 'tcp://localhost:5432'.
dbug: Microsoft.EntityFrameworkCore.Database.Connection[20003]
      Closed connection to database 'teknomled' on server 'tcp://localhost:5432' (0ms).
dbug: Microsoft.EntityFrameworkCore.ChangeTracking[10805]
      The navigation 'RolePermission.Permission' was detected as changed. Consider using 'DbContextOptionsBuilder.EnableSensitiveDataLogging' to see key values.
dbug: Microsoft.EntityFrameworkCore.ChangeTracking[10805]
      The navigation 'RolePermission.Role' was detected as changed. Consider using 'DbContextOptionsBuilder.EnableSensitiveDataLogging' to see key values.
dbug: Microsoft.EntityFrameworkCore.ChangeTracking[10806]
      Context 'AppDbContext' started tracking 'RolePermission' entity. Consider using 'DbContextOptionsBuilder.EnableSensitiveDataLogging' to see key values.
dbug: Microsoft.EntityFrameworkCore.Database.Connection[20000]
      Opening connection to database 'teknomled' on server 'tcp://localhost:5432'.
dbug: Microsoft.EntityFrameworkCore.Database.Connection[20001]
      Opened connection to database 'teknomled' on server 'tcp://localhost:5432'.
dbug: Microsoft.EntityFrameworkCore.Database.Command[20103]
      Creating DbCommand for 'ExecuteReader'.
dbug: Microsoft.EntityFrameworkCore.Database.Command[20104]
      Created DbCommand for 'ExecuteReader' (0ms).
dbug: Microsoft.EntityFrameworkCore.Database.Command[20106]
      Initialized DbCommand for 'ExecuteReader' (0ms).
dbug: Microsoft.EntityFrameworkCore.Database.Command[20100]
      Executing DbCommand [Parameters=[@__8__locals1_roleId_0='?' (DbType = Guid), @__permission_Id_1='?' (DbType = Guid)], CommandType='Text', CommandTimeout='30']
      SELECT EXISTS (
          SELECT 1
          FROM "RolePermissions" AS r
          WHERE r."RoleId" = @__8__locals1_roleId_0 AND r."PermissionId" = @__permission_Id_1)
info: Microsoft.EntityFrameworkCore.Database.Command[20101]
      Executed DbCommand (0ms) [Parameters=[@__8__locals1_roleId_0='?' (DbType = Guid), @__permission_Id_1='?' (DbType = Guid)], CommandType='Text', CommandTimeout='30']
      SELECT EXISTS (
          SELECT 1
          FROM "RolePermissions" AS r
          WHERE r."RoleId" = @__8__locals1_roleId_0 AND r."PermissionId" = @__permission_Id_1)
dbug: Microsoft.EntityFrameworkCore.Database.Command[20301]
      Closing data reader to 'teknomled' on server 'tcp://localhost:5432'.
dbug: Microsoft.EntityFrameworkCore.Database.Command[20300]
      A data reader for 'teknomled' on server 'tcp://localhost:5432' is being disposed after spending 0ms reading results.
dbug: Microsoft.EntityFrameworkCore.Database.Connection[20002]
      Closing connection to database 'teknomled' on server 'tcp://localhost:5432'.
dbug: Microsoft.EntityFrameworkCore.Database.Connection[20003]
      Closed connection to database 'teknomled' on server 'tcp://localhost:5432' (0ms).
dbug: Microsoft.EntityFrameworkCore.ChangeTracking[10805]
      The navigation 'RolePermission.Permission' was detected as changed. Consider using 'DbContextOptionsBuilder.EnableSensitiveDataLogging' to see key values.
dbug: Microsoft.EntityFrameworkCore.ChangeTracking[10805]
      The navigation 'RolePermission.Role' was detected as changed. Consider using 'DbContextOptionsBuilder.EnableSensitiveDataLogging' to see key values.
dbug: Microsoft.EntityFrameworkCore.ChangeTracking[10806]
      Context 'AppDbContext' started tracking 'RolePermission' entity. Consider using 'DbContextOptionsBuilder.EnableSensitiveDataLogging' to see key values.
dbug: Microsoft.EntityFrameworkCore.Database.Connection[20000]
      Opening connection to database 'teknomled' on server 'tcp://localhost:5432'.
dbug: Microsoft.EntityFrameworkCore.Database.Connection[20001]
      Opened connection to database 'teknomled' on server 'tcp://localhost:5432'.
dbug: Microsoft.EntityFrameworkCore.Database.Command[20103]
      Creating DbCommand for 'ExecuteReader'.
dbug: Microsoft.EntityFrameworkCore.Database.Command[20104]
      Created DbCommand for 'ExecuteReader' (0ms).
dbug: Microsoft.EntityFrameworkCore.Database.Command[20106]
      Initialized DbCommand for 'ExecuteReader' (0ms).
dbug: Microsoft.EntityFrameworkCore.Database.Command[20100]
      Executing DbCommand [Parameters=[@__8__locals1_roleId_0='?' (DbType = Guid), @__permission_Id_1='?' (DbType = Guid)], CommandType='Text', CommandTimeout='30']
      SELECT EXISTS (
          SELECT 1
          FROM "RolePermissions" AS r
          WHERE r."RoleId" = @__8__locals1_roleId_0 AND r."PermissionId" = @__permission_Id_1)
info: Microsoft.EntityFrameworkCore.Database.Command[20101]
      Executed DbCommand (0ms) [Parameters=[@__8__locals1_roleId_0='?' (DbType = Guid), @__permission_Id_1='?' (DbType = Guid)], CommandType='Text', CommandTimeout='30']
      SELECT EXISTS (
          SELECT 1
          FROM "RolePermissions" AS r
          WHERE r."RoleId" = @__8__locals1_roleId_0 AND r."PermissionId" = @__permission_Id_1)
dbug: Microsoft.EntityFrameworkCore.Database.Command[20301]
      Closing data reader to 'teknomled' on server 'tcp://localhost:5432'.
dbug: Microsoft.EntityFrameworkCore.Database.Command[20300]
      A data reader for 'teknomled' on server 'tcp://localhost:5432' is being disposed after spending 0ms reading results.
dbug: Microsoft.EntityFrameworkCore.Database.Connection[20002]
      Closing connection to database 'teknomled' on server 'tcp://localhost:5432'.
dbug: Microsoft.EntityFrameworkCore.Database.Connection[20003]
      Closed connection to database 'teknomled' on server 'tcp://localhost:5432' (0ms).
dbug: Microsoft.EntityFrameworkCore.ChangeTracking[10805]
      The navigation 'RolePermission.Permission' was detected as changed. Consider using 'DbContextOptionsBuilder.EnableSensitiveDataLogging' to see key values.
dbug: Microsoft.EntityFrameworkCore.ChangeTracking[10805]
      The navigation 'RolePermission.Role' was detected as changed. Consider using 'DbContextOptionsBuilder.EnableSensitiveDataLogging' to see key values.
dbug: Microsoft.EntityFrameworkCore.ChangeTracking[10806]
      Context 'AppDbContext' started tracking 'RolePermission' entity. Consider using 'DbContextOptionsBuilder.EnableSensitiveDataLogging' to see key values.
dbug: Microsoft.EntityFrameworkCore.Database.Connection[20000]
      Opening connection to database 'teknomled' on server 'tcp://localhost:5432'.
dbug: Microsoft.EntityFrameworkCore.Database.Connection[20001]
      Opened connection to database 'teknomled' on server 'tcp://localhost:5432'.
dbug: Microsoft.EntityFrameworkCore.Database.Command[20103]
      Creating DbCommand for 'ExecuteReader'.
dbug: Microsoft.EntityFrameworkCore.Database.Command[20104]
      Created DbCommand for 'ExecuteReader' (0ms).
dbug: Microsoft.EntityFrameworkCore.Database.Command[20106]
      Initialized DbCommand for 'ExecuteReader' (0ms).
dbug: Microsoft.EntityFrameworkCore.Database.Command[20100]
      Executing DbCommand [Parameters=[@__8__locals1_roleId_0='?' (DbType = Guid), @__permission_Id_1='?' (DbType = Guid)], CommandType='Text', CommandTimeout='30']
      SELECT EXISTS (
          SELECT 1
          FROM "RolePermissions" AS r
          WHERE r."RoleId" = @__8__locals1_roleId_0 AND r."PermissionId" = @__permission_Id_1)
info: Microsoft.EntityFrameworkCore.Database.Command[20101]
      Executed DbCommand (0ms) [Parameters=[@__8__locals1_roleId_0='?' (DbType = Guid), @__permission_Id_1='?' (DbType = Guid)], CommandType='Text', CommandTimeout='30']
      SELECT EXISTS (
          SELECT 1
          FROM "RolePermissions" AS r
          WHERE r."RoleId" = @__8__locals1_roleId_0 AND r."PermissionId" = @__permission_Id_1)
dbug: Microsoft.EntityFrameworkCore.Database.Command[20301]
      Closing data reader to 'teknomled' on server 'tcp://localhost:5432'.
dbug: Microsoft.EntityFrameworkCore.Database.Command[20300]
      A data reader for 'teknomled' on server 'tcp://localhost:5432' is being disposed after spending 0ms reading results.
dbug: Microsoft.EntityFrameworkCore.Database.Connection[20002]
      Closing connection to database 'teknomled' on server 'tcp://localhost:5432'.
dbug: Microsoft.EntityFrameworkCore.Database.Connection[20003]
      Closed connection to database 'teknomled' on server 'tcp://localhost:5432' (0ms).
dbug: Microsoft.EntityFrameworkCore.ChangeTracking[10805]
      The navigation 'RolePermission.Permission' was detected as changed. Consider using 'DbContextOptionsBuilder.EnableSensitiveDataLogging' to see key values.
dbug: Microsoft.EntityFrameworkCore.ChangeTracking[10805]
      The navigation 'RolePermission.Role' was detected as changed. Consider using 'DbContextOptionsBuilder.EnableSensitiveDataLogging' to see key values.
dbug: Microsoft.EntityFrameworkCore.ChangeTracking[10806]
      Context 'AppDbContext' started tracking 'RolePermission' entity. Consider using 'DbContextOptionsBuilder.EnableSensitiveDataLogging' to see key values.
dbug: Microsoft.EntityFrameworkCore.Database.Connection[20000]
      Opening connection to database 'teknomled' on server 'tcp://localhost:5432'.
dbug: Microsoft.EntityFrameworkCore.Database.Connection[20001]
      Opened connection to database 'teknomled' on server 'tcp://localhost:5432'.
dbug: Microsoft.EntityFrameworkCore.Database.Command[20103]
      Creating DbCommand for 'ExecuteReader'.
dbug: Microsoft.EntityFrameworkCore.Database.Command[20104]
      Created DbCommand for 'ExecuteReader' (0ms).
dbug: Microsoft.EntityFrameworkCore.Database.Command[20106]
      Initialized DbCommand for 'ExecuteReader' (0ms).
dbug: Microsoft.EntityFrameworkCore.Database.Command[20100]
      Executing DbCommand [Parameters=[@__8__locals1_roleId_0='?' (DbType = Guid), @__permission_Id_1='?' (DbType = Guid)], CommandType='Text', CommandTimeout='30']
      SELECT EXISTS (
          SELECT 1
          FROM "RolePermissions" AS r
          WHERE r."RoleId" = @__8__locals1_roleId_0 AND r."PermissionId" = @__permission_Id_1)
info: Microsoft.EntityFrameworkCore.Database.Command[20101]
      Executed DbCommand (0ms) [Parameters=[@__8__locals1_roleId_0='?' (DbType = Guid), @__permission_Id_1='?' (DbType = Guid)], CommandType='Text', CommandTimeout='30']
      SELECT EXISTS (
          SELECT 1
          FROM "RolePermissions" AS r
          WHERE r."RoleId" = @__8__locals1_roleId_0 AND r."PermissionId" = @__permission_Id_1)
dbug: Microsoft.EntityFrameworkCore.Database.Command[20301]
      Closing data reader to 'teknomled' on server 'tcp://localhost:5432'.
dbug: Microsoft.EntityFrameworkCore.Database.Command[20300]
      A data reader for 'teknomled' on server 'tcp://localhost:5432' is being disposed after spending 0ms reading results.
dbug: Microsoft.EntityFrameworkCore.Database.Connection[20002]
      Closing connection to database 'teknomled' on server 'tcp://localhost:5432'.
dbug: Microsoft.EntityFrameworkCore.Database.Connection[20003]
      Closed connection to database 'teknomled' on server 'tcp://localhost:5432' (0ms).
dbug: Microsoft.EntityFrameworkCore.ChangeTracking[10805]
      The navigation 'RolePermission.Permission' was detected as changed. Consider using 'DbContextOptionsBuilder.EnableSensitiveDataLogging' to see key values.
dbug: Microsoft.EntityFrameworkCore.ChangeTracking[10805]
      The navigation 'RolePermission.Role' was detected as changed. Consider using 'DbContextOptionsBuilder.EnableSensitiveDataLogging' to see key values.
dbug: Microsoft.EntityFrameworkCore.ChangeTracking[10806]
      Context 'AppDbContext' started tracking 'RolePermission' entity. Consider using 'DbContextOptionsBuilder.EnableSensitiveDataLogging' to see key values.
dbug: Microsoft.EntityFrameworkCore.Database.Connection[20000]
      Opening connection to database 'teknomled' on server 'tcp://localhost:5432'.
dbug: Microsoft.EntityFrameworkCore.Database.Connection[20001]
      Opened connection to database 'teknomled' on server 'tcp://localhost:5432'.
dbug: Microsoft.EntityFrameworkCore.Database.Command[20103]
      Creating DbCommand for 'ExecuteReader'.
dbug: Microsoft.EntityFrameworkCore.Database.Command[20104]
      Created DbCommand for 'ExecuteReader' (0ms).
dbug: Microsoft.EntityFrameworkCore.Database.Command[20106]
      Initialized DbCommand for 'ExecuteReader' (0ms).
dbug: Microsoft.EntityFrameworkCore.Database.Command[20100]
      Executing DbCommand [Parameters=[@__8__locals1_roleId_0='?' (DbType = Guid), @__permission_Id_1='?' (DbType = Guid)], CommandType='Text', CommandTimeout='30']
      SELECT EXISTS (
          SELECT 1
          FROM "RolePermissions" AS r
          WHERE r."RoleId" = @__8__locals1_roleId_0 AND r."PermissionId" = @__permission_Id_1)
info: Microsoft.EntityFrameworkCore.Database.Command[20101]
      Executed DbCommand (0ms) [Parameters=[@__8__locals1_roleId_0='?' (DbType = Guid), @__permission_Id_1='?' (DbType = Guid)], CommandType='Text', CommandTimeout='30']
      SELECT EXISTS (
          SELECT 1
          FROM "RolePermissions" AS r
          WHERE r."RoleId" = @__8__locals1_roleId_0 AND r."PermissionId" = @__permission_Id_1)
dbug: Microsoft.EntityFrameworkCore.Database.Command[20301]
      Closing data reader to 'teknomled' on server 'tcp://localhost:5432'.
dbug: Microsoft.EntityFrameworkCore.Database.Command[20300]
      A data reader for 'teknomled' on server 'tcp://localhost:5432' is being disposed after spending 0ms reading results.
dbug: Microsoft.EntityFrameworkCore.Database.Connection[20002]
      Closing connection to database 'teknomled' on server 'tcp://localhost:5432'.
dbug: Microsoft.EntityFrameworkCore.Database.Connection[20003]
      Closed connection to database 'teknomled' on server 'tcp://localhost:5432' (0ms).
dbug: Microsoft.EntityFrameworkCore.ChangeTracking[10805]
      The navigation 'RolePermission.Permission' was detected as changed. Consider using 'DbContextOptionsBuilder.EnableSensitiveDataLogging' to see key values.
dbug: Microsoft.EntityFrameworkCore.ChangeTracking[10805]
      The navigation 'RolePermission.Role' was detected as changed. Consider using 'DbContextOptionsBuilder.EnableSensitiveDataLogging' to see key values.
dbug: Microsoft.EntityFrameworkCore.ChangeTracking[10806]
      Context 'AppDbContext' started tracking 'RolePermission' entity. Consider using 'DbContextOptionsBuilder.EnableSensitiveDataLogging' to see key values.
dbug: Microsoft.EntityFrameworkCore.Database.Connection[20000]
      Opening connection to database 'teknomled' on server 'tcp://localhost:5432'.
dbug: Microsoft.EntityFrameworkCore.Database.Connection[20001]
      Opened connection to database 'teknomled' on server 'tcp://localhost:5432'.
dbug: Microsoft.EntityFrameworkCore.Database.Command[20103]
      Creating DbCommand for 'ExecuteReader'.
dbug: Microsoft.EntityFrameworkCore.Database.Command[20104]
      Created DbCommand for 'ExecuteReader' (0ms).
dbug: Microsoft.EntityFrameworkCore.Database.Command[20106]
      Initialized DbCommand for 'ExecuteReader' (0ms).
dbug: Microsoft.EntityFrameworkCore.Database.Command[20100]
      Executing DbCommand [Parameters=[@__8__locals1_roleId_0='?' (DbType = Guid), @__permission_Id_1='?' (DbType = Guid)], CommandType='Text', CommandTimeout='30']
      SELECT EXISTS (
          SELECT 1
          FROM "RolePermissions" AS r
          WHERE r."RoleId" = @__8__locals1_roleId_0 AND r."PermissionId" = @__permission_Id_1)
info: Microsoft.EntityFrameworkCore.Database.Command[20101]
      Executed DbCommand (0ms) [Parameters=[@__8__locals1_roleId_0='?' (DbType = Guid), @__permission_Id_1='?' (DbType = Guid)], CommandType='Text', CommandTimeout='30']
      SELECT EXISTS (
          SELECT 1
          FROM "RolePermissions" AS r
          WHERE r."RoleId" = @__8__locals1_roleId_0 AND r."PermissionId" = @__permission_Id_1)
dbug: Microsoft.EntityFrameworkCore.Database.Command[20301]
      Closing data reader to 'teknomled' on server 'tcp://localhost:5432'.
dbug: Microsoft.EntityFrameworkCore.Database.Command[20300]
      A data reader for 'teknomled' on server 'tcp://localhost:5432' is being disposed after spending 0ms reading results.
dbug: Microsoft.EntityFrameworkCore.Database.Connection[20002]
      Closing connection to database 'teknomled' on server 'tcp://localhost:5432'.
dbug: Microsoft.EntityFrameworkCore.Database.Connection[20003]
      Closed connection to database 'teknomled' on server 'tcp://localhost:5432' (0ms).
dbug: Microsoft.EntityFrameworkCore.ChangeTracking[10805]
      The navigation 'RolePermission.Permission' was detected as changed. Consider using 'DbContextOptionsBuilder.EnableSensitiveDataLogging' to see key values.
dbug: Microsoft.EntityFrameworkCore.ChangeTracking[10805]
      The navigation 'RolePermission.Role' was detected as changed. Consider using 'DbContextOptionsBuilder.EnableSensitiveDataLogging' to see key values.
dbug: Microsoft.EntityFrameworkCore.ChangeTracking[10806]
      Context 'AppDbContext' started tracking 'RolePermission' entity. Consider using 'DbContextOptionsBuilder.EnableSensitiveDataLogging' to see key values.
dbug: Microsoft.EntityFrameworkCore.Database.Connection[20000]
      Opening connection to database 'teknomled' on server 'tcp://localhost:5432'.
dbug: Microsoft.EntityFrameworkCore.Database.Connection[20001]
      Opened connection to database 'teknomled' on server 'tcp://localhost:5432'.
dbug: Microsoft.EntityFrameworkCore.Database.Command[20103]
      Creating DbCommand for 'ExecuteReader'.
dbug: Microsoft.EntityFrameworkCore.Database.Command[20104]
      Created DbCommand for 'ExecuteReader' (0ms).
dbug: Microsoft.EntityFrameworkCore.Database.Command[20106]
      Initialized DbCommand for 'ExecuteReader' (0ms).
dbug: Microsoft.EntityFrameworkCore.Database.Command[20100]
      Executing DbCommand [Parameters=[@__8__locals1_roleId_0='?' (DbType = Guid), @__permission_Id_1='?' (DbType = Guid)], CommandType='Text', CommandTimeout='30']
      SELECT EXISTS (
          SELECT 1
          FROM "RolePermissions" AS r
          WHERE r."RoleId" = @__8__locals1_roleId_0 AND r."PermissionId" = @__permission_Id_1)
info: Microsoft.EntityFrameworkCore.Database.Command[20101]
      Executed DbCommand (0ms) [Parameters=[@__8__locals1_roleId_0='?' (DbType = Guid), @__permission_Id_1='?' (DbType = Guid)], CommandType='Text', CommandTimeout='30']
      SELECT EXISTS (
          SELECT 1
          FROM "RolePermissions" AS r
          WHERE r."RoleId" = @__8__locals1_roleId_0 AND r."PermissionId" = @__permission_Id_1)
dbug: Microsoft.EntityFrameworkCore.Database.Command[20301]
      Closing data reader to 'teknomled' on server 'tcp://localhost:5432'.
dbug: Microsoft.EntityFrameworkCore.Database.Command[20300]
      A data reader for 'teknomled' on server 'tcp://localhost:5432' is being disposed after spending 0ms reading results.
dbug: Microsoft.EntityFrameworkCore.Database.Connection[20002]
      Closing connection to database 'teknomled' on server 'tcp://localhost:5432'.
dbug: Microsoft.EntityFrameworkCore.Database.Connection[20003]
      Closed connection to database 'teknomled' on server 'tcp://localhost:5432' (0ms).
dbug: Microsoft.EntityFrameworkCore.ChangeTracking[10805]
      The navigation 'RolePermission.Permission' was detected as changed. Consider using 'DbContextOptionsBuilder.EnableSensitiveDataLogging' to see key values.
dbug: Microsoft.EntityFrameworkCore.ChangeTracking[10805]
      The navigation 'RolePermission.Role' was detected as changed. Consider using 'DbContextOptionsBuilder.EnableSensitiveDataLogging' to see key values.
dbug: Microsoft.EntityFrameworkCore.ChangeTracking[10806]
      Context 'AppDbContext' started tracking 'RolePermission' entity. Consider using 'DbContextOptionsBuilder.EnableSensitiveDataLogging' to see key values.
dbug: Microsoft.EntityFrameworkCore.Database.Connection[20000]
      Opening connection to database 'teknomled' on server 'tcp://localhost:5432'.
dbug: Microsoft.EntityFrameworkCore.Database.Connection[20001]
      Opened connection to database 'teknomled' on server 'tcp://localhost:5432'.
dbug: Microsoft.EntityFrameworkCore.Database.Command[20103]
      Creating DbCommand for 'ExecuteReader'.
dbug: Microsoft.EntityFrameworkCore.Database.Command[20104]
      Created DbCommand for 'ExecuteReader' (0ms).
dbug: Microsoft.EntityFrameworkCore.Database.Command[20106]
      Initialized DbCommand for 'ExecuteReader' (0ms).
dbug: Microsoft.EntityFrameworkCore.Database.Command[20100]
      Executing DbCommand [Parameters=[@__8__locals1_roleId_0='?' (DbType = Guid), @__permission_Id_1='?' (DbType = Guid)], CommandType='Text', CommandTimeout='30']
      SELECT EXISTS (
          SELECT 1
          FROM "RolePermissions" AS r
          WHERE r."RoleId" = @__8__locals1_roleId_0 AND r."PermissionId" = @__permission_Id_1)
info: Microsoft.EntityFrameworkCore.Database.Command[20101]
      Executed DbCommand (0ms) [Parameters=[@__8__locals1_roleId_0='?' (DbType = Guid), @__permission_Id_1='?' (DbType = Guid)], CommandType='Text', CommandTimeout='30']
      SELECT EXISTS (
          SELECT 1
          FROM "RolePermissions" AS r
          WHERE r."RoleId" = @__8__locals1_roleId_0 AND r."PermissionId" = @__permission_Id_1)
dbug: Microsoft.EntityFrameworkCore.Database.Command[20301]
      Closing data reader to 'teknomled' on server 'tcp://localhost:5432'.
dbug: Microsoft.EntityFrameworkCore.Database.Command[20300]
      A data reader for 'teknomled' on server 'tcp://localhost:5432' is being disposed after spending 0ms reading results.
dbug: Microsoft.EntityFrameworkCore.Database.Connection[20002]
      Closing connection to database 'teknomled' on server 'tcp://localhost:5432'.
dbug: Microsoft.EntityFrameworkCore.Database.Connection[20003]
      Closed connection to database 'teknomled' on server 'tcp://localhost:5432' (0ms).
dbug: Microsoft.EntityFrameworkCore.ChangeTracking[10805]
      The navigation 'RolePermission.Permission' was detected as changed. Consider using 'DbContextOptionsBuilder.EnableSensitiveDataLogging' to see key values.
dbug: Microsoft.EntityFrameworkCore.ChangeTracking[10805]
      The navigation 'RolePermission.Role' was detected as changed. Consider using 'DbContextOptionsBuilder.EnableSensitiveDataLogging' to see key values.
dbug: Microsoft.EntityFrameworkCore.ChangeTracking[10806]
      Context 'AppDbContext' started tracking 'RolePermission' entity. Consider using 'DbContextOptionsBuilder.EnableSensitiveDataLogging' to see key values.
dbug: Microsoft.EntityFrameworkCore.Database.Connection[20000]
      Opening connection to database 'teknomled' on server 'tcp://localhost:5432'.
dbug: Microsoft.EntityFrameworkCore.Database.Connection[20001]
      Opened connection to database 'teknomled' on server 'tcp://localhost:5432'.
dbug: Microsoft.EntityFrameworkCore.Database.Command[20103]
      Creating DbCommand for 'ExecuteReader'.
dbug: Microsoft.EntityFrameworkCore.Database.Command[20104]
      Created DbCommand for 'ExecuteReader' (0ms).
dbug: Microsoft.EntityFrameworkCore.Database.Command[20106]
      Initialized DbCommand for 'ExecuteReader' (0ms).
dbug: Microsoft.EntityFrameworkCore.Database.Command[20100]
      Executing DbCommand [Parameters=[@__8__locals1_roleId_0='?' (DbType = Guid), @__permission_Id_1='?' (DbType = Guid)], CommandType='Text', CommandTimeout='30']
      SELECT EXISTS (
          SELECT 1
          FROM "RolePermissions" AS r
          WHERE r."RoleId" = @__8__locals1_roleId_0 AND r."PermissionId" = @__permission_Id_1)
info: Microsoft.EntityFrameworkCore.Database.Command[20101]
      Executed DbCommand (0ms) [Parameters=[@__8__locals1_roleId_0='?' (DbType = Guid), @__permission_Id_1='?' (DbType = Guid)], CommandType='Text', CommandTimeout='30']
      SELECT EXISTS (
          SELECT 1
          FROM "RolePermissions" AS r
          WHERE r."RoleId" = @__8__locals1_roleId_0 AND r."PermissionId" = @__permission_Id_1)
dbug: Microsoft.EntityFrameworkCore.Database.Command[20301]
      Closing data reader to 'teknomled' on server 'tcp://localhost:5432'.
dbug: Microsoft.EntityFrameworkCore.Database.Command[20300]
      A data reader for 'teknomled' on server 'tcp://localhost:5432' is being disposed after spending 0ms reading results.
dbug: Microsoft.EntityFrameworkCore.Database.Connection[20002]
      Closing connection to database 'teknomled' on server 'tcp://localhost:5432'.
dbug: Microsoft.EntityFrameworkCore.Database.Connection[20003]
      Closed connection to database 'teknomled' on server 'tcp://localhost:5432' (0ms).
dbug: Microsoft.EntityFrameworkCore.ChangeTracking[10805]
      The navigation 'RolePermission.Permission' was detected as changed. Consider using 'DbContextOptionsBuilder.EnableSensitiveDataLogging' to see key values.
dbug: Microsoft.EntityFrameworkCore.ChangeTracking[10805]
      The navigation 'RolePermission.Role' was detected as changed. Consider using 'DbContextOptionsBuilder.EnableSensitiveDataLogging' to see key values.
dbug: Microsoft.EntityFrameworkCore.ChangeTracking[10806]
      Context 'AppDbContext' started tracking 'RolePermission' entity. Consider using 'DbContextOptionsBuilder.EnableSensitiveDataLogging' to see key values.
dbug: Microsoft.EntityFrameworkCore.Database.Connection[20000]
      Opening connection to database 'teknomled' on server 'tcp://localhost:5432'.
dbug: Microsoft.EntityFrameworkCore.Database.Connection[20001]
      Opened connection to database 'teknomled' on server 'tcp://localhost:5432'.
dbug: Microsoft.EntityFrameworkCore.Database.Command[20103]
      Creating DbCommand for 'ExecuteReader'.
dbug: Microsoft.EntityFrameworkCore.Database.Command[20104]
      Created DbCommand for 'ExecuteReader' (0ms).
dbug: Microsoft.EntityFrameworkCore.Database.Command[20106]
      Initialized DbCommand for 'ExecuteReader' (0ms).
dbug: Microsoft.EntityFrameworkCore.Database.Command[20100]
      Executing DbCommand [Parameters=[@__8__locals1_roleId_0='?' (DbType = Guid), @__permission_Id_1='?' (DbType = Guid)], CommandType='Text', CommandTimeout='30']
      SELECT EXISTS (
          SELECT 1
          FROM "RolePermissions" AS r
          WHERE r."RoleId" = @__8__locals1_roleId_0 AND r."PermissionId" = @__permission_Id_1)
info: Microsoft.EntityFrameworkCore.Database.Command[20101]
      Executed DbCommand (0ms) [Parameters=[@__8__locals1_roleId_0='?' (DbType = Guid), @__permission_Id_1='?' (DbType = Guid)], CommandType='Text', CommandTimeout='30']
      SELECT EXISTS (
          SELECT 1
          FROM "RolePermissions" AS r
          WHERE r."RoleId" = @__8__locals1_roleId_0 AND r."PermissionId" = @__permission_Id_1)
dbug: Microsoft.EntityFrameworkCore.Database.Command[20301]
      Closing data reader to 'teknomled' on server 'tcp://localhost:5432'.
dbug: Microsoft.EntityFrameworkCore.Database.Command[20300]
      A data reader for 'teknomled' on server 'tcp://localhost:5432' is being disposed after spending 0ms reading results.
dbug: Microsoft.EntityFrameworkCore.Database.Connection[20002]
      Closing connection to database 'teknomled' on server 'tcp://localhost:5432'.
dbug: Microsoft.EntityFrameworkCore.Database.Connection[20003]
      Closed connection to database 'teknomled' on server 'tcp://localhost:5432' (0ms).
dbug: Microsoft.EntityFrameworkCore.ChangeTracking[10805]
      The navigation 'RolePermission.Permission' was detected as changed. Consider using 'DbContextOptionsBuilder.EnableSensitiveDataLogging' to see key values.
dbug: Microsoft.EntityFrameworkCore.ChangeTracking[10805]
      The navigation 'RolePermission.Role' was detected as changed. Consider using 'DbContextOptionsBuilder.EnableSensitiveDataLogging' to see key values.
dbug: Microsoft.EntityFrameworkCore.ChangeTracking[10806]
      Context 'AppDbContext' started tracking 'RolePermission' entity. Consider using 'DbContextOptionsBuilder.EnableSensitiveDataLogging' to see key values.
dbug: Microsoft.EntityFrameworkCore.Database.Connection[20000]
      Opening connection to database 'teknomled' on server 'tcp://localhost:5432'.
dbug: Microsoft.EntityFrameworkCore.Database.Connection[20001]
      Opened connection to database 'teknomled' on server 'tcp://localhost:5432'.
dbug: Microsoft.EntityFrameworkCore.Database.Command[20103]
      Creating DbCommand for 'ExecuteReader'.
dbug: Microsoft.EntityFrameworkCore.Database.Command[20104]
      Created DbCommand for 'ExecuteReader' (0ms).
dbug: Microsoft.EntityFrameworkCore.Database.Command[20106]
      Initialized DbCommand for 'ExecuteReader' (0ms).
dbug: Microsoft.EntityFrameworkCore.Database.Command[20100]
      Executing DbCommand [Parameters=[@__8__locals1_roleId_0='?' (DbType = Guid), @__permission_Id_1='?' (DbType = Guid)], CommandType='Text', CommandTimeout='30']
      SELECT EXISTS (
          SELECT 1
          FROM "RolePermissions" AS r
          WHERE r."RoleId" = @__8__locals1_roleId_0 AND r."PermissionId" = @__permission_Id_1)
info: Microsoft.EntityFrameworkCore.Database.Command[20101]
      Executed DbCommand (0ms) [Parameters=[@__8__locals1_roleId_0='?' (DbType = Guid), @__permission_Id_1='?' (DbType = Guid)], CommandType='Text', CommandTimeout='30']
      SELECT EXISTS (
          SELECT 1
          FROM "RolePermissions" AS r
          WHERE r."RoleId" = @__8__locals1_roleId_0 AND r."PermissionId" = @__permission_Id_1)
dbug: Microsoft.EntityFrameworkCore.Database.Command[20301]
      Closing data reader to 'teknomled' on server 'tcp://localhost:5432'.
dbug: Microsoft.EntityFrameworkCore.Database.Command[20300]
      A data reader for 'teknomled' on server 'tcp://localhost:5432' is being disposed after spending 0ms reading results.
dbug: Microsoft.EntityFrameworkCore.Database.Connection[20002]
      Closing connection to database 'teknomled' on server 'tcp://localhost:5432'.
dbug: Microsoft.EntityFrameworkCore.Database.Connection[20003]
      Closed connection to database 'teknomled' on server 'tcp://localhost:5432' (0ms).
dbug: Microsoft.EntityFrameworkCore.ChangeTracking[10805]
      The navigation 'RolePermission.Permission' was detected as changed. Consider using 'DbContextOptionsBuilder.EnableSensitiveDataLogging' to see key values.
dbug: Microsoft.EntityFrameworkCore.ChangeTracking[10805]
      The navigation 'RolePermission.Role' was detected as changed. Consider using 'DbContextOptionsBuilder.EnableSensitiveDataLogging' to see key values.
dbug: Microsoft.EntityFrameworkCore.ChangeTracking[10806]
      Context 'AppDbContext' started tracking 'RolePermission' entity. Consider using 'DbContextOptionsBuilder.EnableSensitiveDataLogging' to see key values.
dbug: Microsoft.EntityFrameworkCore.Database.Connection[20000]
      Opening connection to database 'teknomled' on server 'tcp://localhost:5432'.
dbug: Microsoft.EntityFrameworkCore.Database.Connection[20001]
      Opened connection to database 'teknomled' on server 'tcp://localhost:5432'.
dbug: Microsoft.EntityFrameworkCore.Database.Command[20103]
      Creating DbCommand for 'ExecuteReader'.
dbug: Microsoft.EntityFrameworkCore.Database.Command[20104]
      Created DbCommand for 'ExecuteReader' (0ms).
dbug: Microsoft.EntityFrameworkCore.Database.Command[20106]
      Initialized DbCommand for 'ExecuteReader' (0ms).
dbug: Microsoft.EntityFrameworkCore.Database.Command[20100]
      Executing DbCommand [Parameters=[@__8__locals1_roleId_0='?' (DbType = Guid), @__permission_Id_1='?' (DbType = Guid)], CommandType='Text', CommandTimeout='30']
      SELECT EXISTS (
          SELECT 1
          FROM "RolePermissions" AS r
          WHERE r."RoleId" = @__8__locals1_roleId_0 AND r."PermissionId" = @__permission_Id_1)
info: Microsoft.EntityFrameworkCore.Database.Command[20101]
      Executed DbCommand (0ms) [Parameters=[@__8__locals1_roleId_0='?' (DbType = Guid), @__permission_Id_1='?' (DbType = Guid)], CommandType='Text', CommandTimeout='30']
      SELECT EXISTS (
          SELECT 1
          FROM "RolePermissions" AS r
          WHERE r."RoleId" = @__8__locals1_roleId_0 AND r."PermissionId" = @__permission_Id_1)
dbug: Microsoft.EntityFrameworkCore.Database.Command[20301]
      Closing data reader to 'teknomled' on server 'tcp://localhost:5432'.
dbug: Microsoft.EntityFrameworkCore.Database.Command[20300]
      A data reader for 'teknomled' on server 'tcp://localhost:5432' is being disposed after spending 0ms reading results.
dbug: Microsoft.EntityFrameworkCore.Database.Connection[20002]
      Closing connection to database 'teknomled' on server 'tcp://localhost:5432'.
dbug: Microsoft.EntityFrameworkCore.Database.Connection[20003]
      Closed connection to database 'teknomled' on server 'tcp://localhost:5432' (0ms).
dbug: Microsoft.EntityFrameworkCore.ChangeTracking[10805]
      The navigation 'RolePermission.Permission' was detected as changed. Consider using 'DbContextOptionsBuilder.EnableSensitiveDataLogging' to see key values.
dbug: Microsoft.EntityFrameworkCore.ChangeTracking[10805]
      The navigation 'RolePermission.Role' was detected as changed. Consider using 'DbContextOptionsBuilder.EnableSensitiveDataLogging' to see key values.
dbug: Microsoft.EntityFrameworkCore.ChangeTracking[10806]
      Context 'AppDbContext' started tracking 'RolePermission' entity. Consider using 'DbContextOptionsBuilder.EnableSensitiveDataLogging' to see key values.
dbug: Microsoft.EntityFrameworkCore.Database.Connection[20000]
      Opening connection to database 'teknomled' on server 'tcp://localhost:5432'.
dbug: Microsoft.EntityFrameworkCore.Database.Connection[20001]
      Opened connection to database 'teknomled' on server 'tcp://localhost:5432'.
dbug: Microsoft.EntityFrameworkCore.Database.Command[20103]
      Creating DbCommand for 'ExecuteReader'.
dbug: Microsoft.EntityFrameworkCore.Database.Command[20104]
      Created DbCommand for 'ExecuteReader' (0ms).
dbug: Microsoft.EntityFrameworkCore.Database.Command[20106]
      Initialized DbCommand for 'ExecuteReader' (0ms).
dbug: Microsoft.EntityFrameworkCore.Database.Command[20100]
      Executing DbCommand [Parameters=[@__8__locals1_roleId_0='?' (DbType = Guid), @__permission_Id_1='?' (DbType = Guid)], CommandType='Text', CommandTimeout='30']
      SELECT EXISTS (
          SELECT 1
          FROM "RolePermissions" AS r
          WHERE r."RoleId" = @__8__locals1_roleId_0 AND r."PermissionId" = @__permission_Id_1)
info: Microsoft.EntityFrameworkCore.Database.Command[20101]
      Executed DbCommand (0ms) [Parameters=[@__8__locals1_roleId_0='?' (DbType = Guid), @__permission_Id_1='?' (DbType = Guid)], CommandType='Text', CommandTimeout='30']
      SELECT EXISTS (
          SELECT 1
          FROM "RolePermissions" AS r
          WHERE r."RoleId" = @__8__locals1_roleId_0 AND r."PermissionId" = @__permission_Id_1)
dbug: Microsoft.EntityFrameworkCore.Database.Command[20301]
      Closing data reader to 'teknomled' on server 'tcp://localhost:5432'.
dbug: Microsoft.EntityFrameworkCore.Database.Command[20300]
      A data reader for 'teknomled' on server 'tcp://localhost:5432' is being disposed after spending 0ms reading results.
dbug: Microsoft.EntityFrameworkCore.Database.Connection[20002]
      Closing connection to database 'teknomled' on server 'tcp://localhost:5432'.
dbug: Microsoft.EntityFrameworkCore.Database.Connection[20003]
      Closed connection to database 'teknomled' on server 'tcp://localhost:5432' (0ms).
dbug: Microsoft.EntityFrameworkCore.ChangeTracking[10805]
      The navigation 'RolePermission.Permission' was detected as changed. Consider using 'DbContextOptionsBuilder.EnableSensitiveDataLogging' to see key values.
dbug: Microsoft.EntityFrameworkCore.ChangeTracking[10805]
      The navigation 'RolePermission.Role' was detected as changed. Consider using 'DbContextOptionsBuilder.EnableSensitiveDataLogging' to see key values.
dbug: Microsoft.EntityFrameworkCore.ChangeTracking[10806]
      Context 'AppDbContext' started tracking 'RolePermission' entity. Consider using 'DbContextOptionsBuilder.EnableSensitiveDataLogging' to see key values.
dbug: Microsoft.EntityFrameworkCore.Database.Connection[20000]
      Opening connection to database 'teknomled' on server 'tcp://localhost:5432'.
dbug: Microsoft.EntityFrameworkCore.Database.Connection[20001]
      Opened connection to database 'teknomled' on server 'tcp://localhost:5432'.
dbug: Microsoft.EntityFrameworkCore.Database.Command[20103]
      Creating DbCommand for 'ExecuteReader'.
dbug: Microsoft.EntityFrameworkCore.Database.Command[20104]
      Created DbCommand for 'ExecuteReader' (0ms).
dbug: Microsoft.EntityFrameworkCore.Database.Command[20106]
      Initialized DbCommand for 'ExecuteReader' (0ms).
dbug: Microsoft.EntityFrameworkCore.Database.Command[20100]
      Executing DbCommand [Parameters=[@__8__locals1_roleId_0='?' (DbType = Guid), @__permission_Id_1='?' (DbType = Guid)], CommandType='Text', CommandTimeout='30']
      SELECT EXISTS (
          SELECT 1
          FROM "RolePermissions" AS r
          WHERE r."RoleId" = @__8__locals1_roleId_0 AND r."PermissionId" = @__permission_Id_1)
info: Microsoft.EntityFrameworkCore.Database.Command[20101]
      Executed DbCommand (0ms) [Parameters=[@__8__locals1_roleId_0='?' (DbType = Guid), @__permission_Id_1='?' (DbType = Guid)], CommandType='Text', CommandTimeout='30']
      SELECT EXISTS (
          SELECT 1
          FROM "RolePermissions" AS r
          WHERE r."RoleId" = @__8__locals1_roleId_0 AND r."PermissionId" = @__permission_Id_1)
dbug: Microsoft.EntityFrameworkCore.Database.Command[20301]
      Closing data reader to 'teknomled' on server 'tcp://localhost:5432'.
dbug: Microsoft.EntityFrameworkCore.Database.Command[20300]
      A data reader for 'teknomled' on server 'tcp://localhost:5432' is being disposed after spending 0ms reading results.
dbug: Microsoft.EntityFrameworkCore.Database.Connection[20002]
      Closing connection to database 'teknomled' on server 'tcp://localhost:5432'.
dbug: Microsoft.EntityFrameworkCore.Database.Connection[20003]
      Closed connection to database 'teknomled' on server 'tcp://localhost:5432' (0ms).
dbug: Microsoft.EntityFrameworkCore.ChangeTracking[10805]
      The navigation 'RolePermission.Permission' was detected as changed. Consider using 'DbContextOptionsBuilder.EnableSensitiveDataLogging' to see key values.
dbug: Microsoft.EntityFrameworkCore.ChangeTracking[10805]
      The navigation 'RolePermission.Role' was detected as changed. Consider using 'DbContextOptionsBuilder.EnableSensitiveDataLogging' to see key values.
dbug: Microsoft.EntityFrameworkCore.ChangeTracking[10806]
      Context 'AppDbContext' started tracking 'RolePermission' entity. Consider using 'DbContextOptionsBuilder.EnableSensitiveDataLogging' to see key values.
dbug: Microsoft.EntityFrameworkCore.Database.Connection[20000]
      Opening connection to database 'teknomled' on server 'tcp://localhost:5432'.
dbug: Microsoft.EntityFrameworkCore.Database.Connection[20001]
      Opened connection to database 'teknomled' on server 'tcp://localhost:5432'.
dbug: Microsoft.EntityFrameworkCore.Database.Command[20103]
      Creating DbCommand for 'ExecuteReader'.
dbug: Microsoft.EntityFrameworkCore.Database.Command[20104]
      Created DbCommand for 'ExecuteReader' (0ms).
dbug: Microsoft.EntityFrameworkCore.Database.Command[20106]
      Initialized DbCommand for 'ExecuteReader' (0ms).
dbug: Microsoft.EntityFrameworkCore.Database.Command[20100]
      Executing DbCommand [Parameters=[@__8__locals1_roleId_0='?' (DbType = Guid), @__permission_Id_1='?' (DbType = Guid)], CommandType='Text', CommandTimeout='30']
      SELECT EXISTS (
          SELECT 1
          FROM "RolePermissions" AS r
          WHERE r."RoleId" = @__8__locals1_roleId_0 AND r."PermissionId" = @__permission_Id_1)
info: Microsoft.EntityFrameworkCore.Database.Command[20101]
      Executed DbCommand (0ms) [Parameters=[@__8__locals1_roleId_0='?' (DbType = Guid), @__permission_Id_1='?' (DbType = Guid)], CommandType='Text', CommandTimeout='30']
      SELECT EXISTS (
          SELECT 1
          FROM "RolePermissions" AS r
          WHERE r."RoleId" = @__8__locals1_roleId_0 AND r."PermissionId" = @__permission_Id_1)
dbug: Microsoft.EntityFrameworkCore.Database.Command[20301]
      Closing data reader to 'teknomled' on server 'tcp://localhost:5432'.
dbug: Microsoft.EntityFrameworkCore.Database.Command[20300]
      A data reader for 'teknomled' on server 'tcp://localhost:5432' is being disposed after spending 0ms reading results.
dbug: Microsoft.EntityFrameworkCore.Database.Connection[20002]
      Closing connection to database 'teknomled' on server 'tcp://localhost:5432'.
dbug: Microsoft.EntityFrameworkCore.Database.Connection[20003]
      Closed connection to database 'teknomled' on server 'tcp://localhost:5432' (0ms).
dbug: Microsoft.EntityFrameworkCore.ChangeTracking[10805]
      The navigation 'RolePermission.Permission' was detected as changed. Consider using 'DbContextOptionsBuilder.EnableSensitiveDataLogging' to see key values.
dbug: Microsoft.EntityFrameworkCore.ChangeTracking[10805]
      The navigation 'RolePermission.Role' was detected as changed. Consider using 'DbContextOptionsBuilder.EnableSensitiveDataLogging' to see key values.
dbug: Microsoft.EntityFrameworkCore.ChangeTracking[10806]
      Context 'AppDbContext' started tracking 'RolePermission' entity. Consider using 'DbContextOptionsBuilder.EnableSensitiveDataLogging' to see key values.
dbug: Microsoft.EntityFrameworkCore.Database.Connection[20000]
      Opening connection to database 'teknomled' on server 'tcp://localhost:5432'.
dbug: Microsoft.EntityFrameworkCore.Database.Connection[20001]
      Opened connection to database 'teknomled' on server 'tcp://localhost:5432'.
dbug: Microsoft.EntityFrameworkCore.Database.Command[20103]
      Creating DbCommand for 'ExecuteReader'.
dbug: Microsoft.EntityFrameworkCore.Database.Command[20104]
      Created DbCommand for 'ExecuteReader' (0ms).
dbug: Microsoft.EntityFrameworkCore.Database.Command[20106]
      Initialized DbCommand for 'ExecuteReader' (0ms).
dbug: Microsoft.EntityFrameworkCore.Database.Command[20100]
      Executing DbCommand [Parameters=[@__8__locals1_roleId_0='?' (DbType = Guid), @__permission_Id_1='?' (DbType = Guid)], CommandType='Text', CommandTimeout='30']
      SELECT EXISTS (
          SELECT 1
          FROM "RolePermissions" AS r
          WHERE r."RoleId" = @__8__locals1_roleId_0 AND r."PermissionId" = @__permission_Id_1)
info: Microsoft.EntityFrameworkCore.Database.Command[20101]
      Executed DbCommand (0ms) [Parameters=[@__8__locals1_roleId_0='?' (DbType = Guid), @__permission_Id_1='?' (DbType = Guid)], CommandType='Text', CommandTimeout='30']
      SELECT EXISTS (
          SELECT 1
          FROM "RolePermissions" AS r
          WHERE r."RoleId" = @__8__locals1_roleId_0 AND r."PermissionId" = @__permission_Id_1)
dbug: Microsoft.EntityFrameworkCore.Database.Command[20301]
      Closing data reader to 'teknomled' on server 'tcp://localhost:5432'.
dbug: Microsoft.EntityFrameworkCore.Database.Command[20300]
      A data reader for 'teknomled' on server 'tcp://localhost:5432' is being disposed after spending 0ms reading results.
dbug: Microsoft.EntityFrameworkCore.Database.Connection[20002]
      Closing connection to database 'teknomled' on server 'tcp://localhost:5432'.
dbug: Microsoft.EntityFrameworkCore.Database.Connection[20003]
      Closed connection to database 'teknomled' on server 'tcp://localhost:5432' (0ms).
dbug: Microsoft.EntityFrameworkCore.ChangeTracking[10805]
      The navigation 'RolePermission.Permission' was detected as changed. Consider using 'DbContextOptionsBuilder.EnableSensitiveDataLogging' to see key values.
dbug: Microsoft.EntityFrameworkCore.ChangeTracking[10805]
      The navigation 'RolePermission.Role' was detected as changed. Consider using 'DbContextOptionsBuilder.EnableSensitiveDataLogging' to see key values.
dbug: Microsoft.EntityFrameworkCore.ChangeTracking[10806]
      Context 'AppDbContext' started tracking 'RolePermission' entity. Consider using 'DbContextOptionsBuilder.EnableSensitiveDataLogging' to see key values.
dbug: Microsoft.EntityFrameworkCore.Database.Connection[20000]
      Opening connection to database 'teknomled' on server 'tcp://localhost:5432'.
dbug: Microsoft.EntityFrameworkCore.Database.Connection[20001]
      Opened connection to database 'teknomled' on server 'tcp://localhost:5432'.
dbug: Microsoft.EntityFrameworkCore.Database.Command[20103]
      Creating DbCommand for 'ExecuteReader'.
dbug: Microsoft.EntityFrameworkCore.Database.Command[20104]
      Created DbCommand for 'ExecuteReader' (0ms).
dbug: Microsoft.EntityFrameworkCore.Database.Command[20106]
      Initialized DbCommand for 'ExecuteReader' (0ms).
dbug: Microsoft.EntityFrameworkCore.Database.Command[20100]
      Executing DbCommand [Parameters=[@__8__locals1_roleId_0='?' (DbType = Guid), @__permission_Id_1='?' (DbType = Guid)], CommandType='Text', CommandTimeout='30']
      SELECT EXISTS (
          SELECT 1
          FROM "RolePermissions" AS r
          WHERE r."RoleId" = @__8__locals1_roleId_0 AND r."PermissionId" = @__permission_Id_1)
info: Microsoft.EntityFrameworkCore.Database.Command[20101]
      Executed DbCommand (0ms) [Parameters=[@__8__locals1_roleId_0='?' (DbType = Guid), @__permission_Id_1='?' (DbType = Guid)], CommandType='Text', CommandTimeout='30']
      SELECT EXISTS (
          SELECT 1
          FROM "RolePermissions" AS r
          WHERE r."RoleId" = @__8__locals1_roleId_0 AND r."PermissionId" = @__permission_Id_1)
dbug: Microsoft.EntityFrameworkCore.Database.Command[20301]
      Closing data reader to 'teknomled' on server 'tcp://localhost:5432'.
dbug: Microsoft.EntityFrameworkCore.Database.Command[20300]
      A data reader for 'teknomled' on server 'tcp://localhost:5432' is being disposed after spending 0ms reading results.
dbug: Microsoft.EntityFrameworkCore.Database.Connection[20002]
      Closing connection to database 'teknomled' on server 'tcp://localhost:5432'.
dbug: Microsoft.EntityFrameworkCore.Database.Connection[20003]
      Closed connection to database 'teknomled' on server 'tcp://localhost:5432' (0ms).
dbug: Microsoft.EntityFrameworkCore.ChangeTracking[10805]
      The navigation 'RolePermission.Permission' was detected as changed. Consider using 'DbContextOptionsBuilder.EnableSensitiveDataLogging' to see key values.
dbug: Microsoft.EntityFrameworkCore.ChangeTracking[10805]
      The navigation 'RolePermission.Role' was detected as changed. Consider using 'DbContextOptionsBuilder.EnableSensitiveDataLogging' to see key values.
dbug: Microsoft.EntityFrameworkCore.ChangeTracking[10806]
      Context 'AppDbContext' started tracking 'RolePermission' entity. Consider using 'DbContextOptionsBuilder.EnableSensitiveDataLogging' to see key values.
dbug: Microsoft.EntityFrameworkCore.Database.Connection[20000]
      Opening connection to database 'teknomled' on server 'tcp://localhost:5432'.
dbug: Microsoft.EntityFrameworkCore.Database.Connection[20001]
      Opened connection to database 'teknomled' on server 'tcp://localhost:5432'.
dbug: Microsoft.EntityFrameworkCore.Database.Command[20103]
      Creating DbCommand for 'ExecuteReader'.
dbug: Microsoft.EntityFrameworkCore.Database.Command[20104]
      Created DbCommand for 'ExecuteReader' (0ms).
dbug: Microsoft.EntityFrameworkCore.Database.Command[20106]
      Initialized DbCommand for 'ExecuteReader' (0ms).
dbug: Microsoft.EntityFrameworkCore.Database.Command[20100]
      Executing DbCommand [Parameters=[@__8__locals1_roleId_0='?' (DbType = Guid), @__permission_Id_1='?' (DbType = Guid)], CommandType='Text', CommandTimeout='30']
      SELECT EXISTS (
          SELECT 1
          FROM "RolePermissions" AS r
          WHERE r."RoleId" = @__8__locals1_roleId_0 AND r."PermissionId" = @__permission_Id_1)
info: Microsoft.EntityFrameworkCore.Database.Command[20101]
      Executed DbCommand (0ms) [Parameters=[@__8__locals1_roleId_0='?' (DbType = Guid), @__permission_Id_1='?' (DbType = Guid)], CommandType='Text', CommandTimeout='30']
      SELECT EXISTS (
          SELECT 1
          FROM "RolePermissions" AS r
          WHERE r."RoleId" = @__8__locals1_roleId_0 AND r."PermissionId" = @__permission_Id_1)
dbug: Microsoft.EntityFrameworkCore.Database.Command[20301]
      Closing data reader to 'teknomled' on server 'tcp://localhost:5432'.
dbug: Microsoft.EntityFrameworkCore.Database.Command[20300]
      A data reader for 'teknomled' on server 'tcp://localhost:5432' is being disposed after spending 0ms reading results.
dbug: Microsoft.EntityFrameworkCore.Database.Connection[20002]
      Closing connection to database 'teknomled' on server 'tcp://localhost:5432'.
dbug: Microsoft.EntityFrameworkCore.Database.Connection[20003]
      Closed connection to database 'teknomled' on server 'tcp://localhost:5432' (0ms).
dbug: Microsoft.EntityFrameworkCore.ChangeTracking[10805]
      The navigation 'RolePermission.Permission' was detected as changed. Consider using 'DbContextOptionsBuilder.EnableSensitiveDataLogging' to see key values.
dbug: Microsoft.EntityFrameworkCore.ChangeTracking[10805]
      The navigation 'RolePermission.Role' was detected as changed. Consider using 'DbContextOptionsBuilder.EnableSensitiveDataLogging' to see key values.
dbug: Microsoft.EntityFrameworkCore.ChangeTracking[10806]
      Context 'AppDbContext' started tracking 'RolePermission' entity. Consider using 'DbContextOptionsBuilder.EnableSensitiveDataLogging' to see key values.
dbug: Microsoft.EntityFrameworkCore.Database.Connection[20000]
      Opening connection to database 'teknomled' on server 'tcp://localhost:5432'.
dbug: Microsoft.EntityFrameworkCore.Database.Connection[20001]
      Opened connection to database 'teknomled' on server 'tcp://localhost:5432'.
dbug: Microsoft.EntityFrameworkCore.Database.Command[20103]
      Creating DbCommand for 'ExecuteReader'.
dbug: Microsoft.EntityFrameworkCore.Database.Command[20104]
      Created DbCommand for 'ExecuteReader' (0ms).
dbug: Microsoft.EntityFrameworkCore.Database.Command[20106]
      Initialized DbCommand for 'ExecuteReader' (0ms).
dbug: Microsoft.EntityFrameworkCore.Database.Command[20100]
      Executing DbCommand [Parameters=[@__8__locals1_roleId_0='?' (DbType = Guid), @__permission_Id_1='?' (DbType = Guid)], CommandType='Text', CommandTimeout='30']
      SELECT EXISTS (
          SELECT 1
          FROM "RolePermissions" AS r
          WHERE r."RoleId" = @__8__locals1_roleId_0 AND r."PermissionId" = @__permission_Id_1)
info: Microsoft.EntityFrameworkCore.Database.Command[20101]
      Executed DbCommand (0ms) [Parameters=[@__8__locals1_roleId_0='?' (DbType = Guid), @__permission_Id_1='?' (DbType = Guid)], CommandType='Text', CommandTimeout='30']
      SELECT EXISTS (
          SELECT 1
          FROM "RolePermissions" AS r
          WHERE r."RoleId" = @__8__locals1_roleId_0 AND r."PermissionId" = @__permission_Id_1)
dbug: Microsoft.EntityFrameworkCore.Database.Command[20301]
      Closing data reader to 'teknomled' on server 'tcp://localhost:5432'.
dbug: Microsoft.EntityFrameworkCore.Database.Command[20300]
      A data reader for 'teknomled' on server 'tcp://localhost:5432' is being disposed after spending 0ms reading results.
dbug: Microsoft.EntityFrameworkCore.Database.Connection[20002]
      Closing connection to database 'teknomled' on server 'tcp://localhost:5432'.
dbug: Microsoft.EntityFrameworkCore.Database.Connection[20003]
      Closed connection to database 'teknomled' on server 'tcp://localhost:5432' (0ms).
dbug: Microsoft.EntityFrameworkCore.ChangeTracking[10805]
      The navigation 'RolePermission.Permission' was detected as changed. Consider using 'DbContextOptionsBuilder.EnableSensitiveDataLogging' to see key values.
dbug: Microsoft.EntityFrameworkCore.ChangeTracking[10805]
      The navigation 'RolePermission.Role' was detected as changed. Consider using 'DbContextOptionsBuilder.EnableSensitiveDataLogging' to see key values.
dbug: Microsoft.EntityFrameworkCore.ChangeTracking[10806]
      Context 'AppDbContext' started tracking 'RolePermission' entity. Consider using 'DbContextOptionsBuilder.EnableSensitiveDataLogging' to see key values.
dbug: Microsoft.EntityFrameworkCore.Database.Connection[20000]
      Opening connection to database 'teknomled' on server 'tcp://localhost:5432'.
dbug: Microsoft.EntityFrameworkCore.Database.Connection[20001]
      Opened connection to database 'teknomled' on server 'tcp://localhost:5432'.
dbug: Microsoft.EntityFrameworkCore.Database.Command[20103]
      Creating DbCommand for 'ExecuteReader'.
dbug: Microsoft.EntityFrameworkCore.Database.Command[20104]
      Created DbCommand for 'ExecuteReader' (0ms).
dbug: Microsoft.EntityFrameworkCore.Database.Command[20106]
      Initialized DbCommand for 'ExecuteReader' (0ms).
dbug: Microsoft.EntityFrameworkCore.Database.Command[20100]
      Executing DbCommand [Parameters=[@__8__locals1_roleId_0='?' (DbType = Guid), @__permission_Id_1='?' (DbType = Guid)], CommandType='Text', CommandTimeout='30']
      SELECT EXISTS (
          SELECT 1
          FROM "RolePermissions" AS r
          WHERE r."RoleId" = @__8__locals1_roleId_0 AND r."PermissionId" = @__permission_Id_1)
info: Microsoft.EntityFrameworkCore.Database.Command[20101]
      Executed DbCommand (0ms) [Parameters=[@__8__locals1_roleId_0='?' (DbType = Guid), @__permission_Id_1='?' (DbType = Guid)], CommandType='Text', CommandTimeout='30']
      SELECT EXISTS (
          SELECT 1
          FROM "RolePermissions" AS r
          WHERE r."RoleId" = @__8__locals1_roleId_0 AND r."PermissionId" = @__permission_Id_1)
dbug: Microsoft.EntityFrameworkCore.Database.Command[20301]
      Closing data reader to 'teknomled' on server 'tcp://localhost:5432'.
dbug: Microsoft.EntityFrameworkCore.Database.Command[20300]
      A data reader for 'teknomled' on server 'tcp://localhost:5432' is being disposed after spending 0ms reading results.
dbug: Microsoft.EntityFrameworkCore.Database.Connection[20002]
      Closing connection to database 'teknomled' on server 'tcp://localhost:5432'.
dbug: Microsoft.EntityFrameworkCore.Database.Connection[20003]
      Closed connection to database 'teknomled' on server 'tcp://localhost:5432' (0ms).
dbug: Microsoft.EntityFrameworkCore.ChangeTracking[10805]
      The navigation 'RolePermission.Permission' was detected as changed. Consider using 'DbContextOptionsBuilder.EnableSensitiveDataLogging' to see key values.
dbug: Microsoft.EntityFrameworkCore.ChangeTracking[10805]
      The navigation 'RolePermission.Role' was detected as changed. Consider using 'DbContextOptionsBuilder.EnableSensitiveDataLogging' to see key values.
dbug: Microsoft.EntityFrameworkCore.ChangeTracking[10806]
      Context 'AppDbContext' started tracking 'RolePermission' entity. Consider using 'DbContextOptionsBuilder.EnableSensitiveDataLogging' to see key values.
dbug: Microsoft.EntityFrameworkCore.Update[10004]
      SaveChanges starting for 'AppDbContext'.
dbug: Microsoft.EntityFrameworkCore.ChangeTracking[10800]
      DetectChanges starting for 'AppDbContext'.
dbug: Microsoft.EntityFrameworkCore.ChangeTracking[10801]
      DetectChanges completed for 'AppDbContext'.
dbug: Microsoft.EntityFrameworkCore.Update[20700]
      Executing 34 update commands as a batch.
dbug: Microsoft.EntityFrameworkCore.Database.Connection[20000]
      Opening connection to database 'teknomled' on server 'tcp://localhost:5432'.
dbug: Microsoft.EntityFrameworkCore.Database.Connection[20001]
      Opened connection to database 'teknomled' on server 'tcp://localhost:5432'.
dbug: Microsoft.EntityFrameworkCore.Database.Transaction[20209]
      Beginning transaction with isolation level 'Unspecified'.
dbug: Microsoft.EntityFrameworkCore.Database.Transaction[20200]
      Began transaction with isolation level 'ReadCommitted'.
dbug: Microsoft.EntityFrameworkCore.Database.Command[20103]
      Creating DbCommand for 'ExecuteReader'.
dbug: Microsoft.EntityFrameworkCore.Database.Command[20104]
      Created DbCommand for 'ExecuteReader' (0ms).
dbug: Microsoft.EntityFrameworkCore.Database.Command[20106]
      Initialized DbCommand for 'ExecuteReader' (0ms).
dbug: Microsoft.EntityFrameworkCore.Database.Command[20100]
      Executing DbCommand [Parameters=[@p0='?' (DbType = Guid), @p1='?' (DbType = Guid), @p2='?' (DbType = Guid), @p3='?' (DbType = Guid), @p4='?' (DbType = Guid), @p5='?' (DbType = Guid), @p6='?' (DbType = Guid), @p7='?' (DbType = Guid), @p8='?' (DbType = Guid), @p9='?' (DbType = Guid), @p10='?' (DbType = Guid), @p11='?' (DbType = Guid), @p12='?' (DbType = Guid), @p13='?' (DbType = Guid), @p14='?' (DbType = Guid), @p15='?' (DbType = Guid), @p16='?' (DbType = Guid), @p17='?' (DbType = Guid), @p18='?' (DbType = Guid), @p19='?' (DbType = Guid), @p20='?' (DbType = Guid), @p21='?' (DbType = Guid), @p22='?' (DbType = Guid), @p23='?' (DbType = Guid), @p24='?' (DbType = Guid), @p25='?' (DbType = Guid), @p26='?' (DbType = Guid), @p27='?' (DbType = Guid), @p28='?' (DbType = Guid), @p29='?' (DbType = Guid), @p30='?' (DbType = Guid), @p31='?' (DbType = Guid), @p32='?' (DbType = Guid), @p33='?' (DbType = Guid), @p34='?' (DbType = Guid), @p35='?' (DbType = Guid), @p36='?' (DbType = Guid), @p37='?' (DbType = Guid), @p38='?' (DbType = Guid), @p39='?' (DbType = Guid), @p40='?' (DbType = Guid), @p41='?' (DbType = Guid), @p42='?' (DbType = Guid), @p43='?' (DbType = Guid), @p44='?' (DbType = Guid), @p45='?' (DbType = Guid), @p46='?' (DbType = Guid), @p47='?' (DbType = Guid), @p48='?' (DbType = Guid), @p49='?' (DbType = Guid), @p50='?' (DbType = Guid), @p51='?' (DbType = Guid), @p52='?' (DbType = Guid), @p53='?' (DbType = Guid), @p54='?' (DbType = Guid), @p55='?' (DbType = Guid), @p56='?' (DbType = Guid), @p57='?' (DbType = Guid), @p58='?' (DbType = Guid), @p59='?' (DbType = Guid), @p60='?' (DbType = Guid), @p61='?' (DbType = Guid), @p62='?' (DbType = Guid), @p63='?' (DbType = Guid), @p64='?' (DbType = Guid), @p65='?' (DbType = Guid), @p66='?' (DbType = Guid), @p67='?' (DbType = Guid)], CommandType='Text', CommandTimeout='30']
      INSERT INTO "RolePermissions" ("PermissionId", "RoleId")
      VALUES (@p0, @p1);
      INSERT INTO "RolePermissions" ("PermissionId", "RoleId")
      VALUES (@p2, @p3);
      INSERT INTO "RolePermissions" ("PermissionId", "RoleId")
      VALUES (@p4, @p5);
      INSERT INTO "RolePermissions" ("PermissionId", "RoleId")
      VALUES (@p6, @p7);
      INSERT INTO "RolePermissions" ("PermissionId", "RoleId")
      VALUES (@p8, @p9);
      INSERT INTO "RolePermissions" ("PermissionId", "RoleId")
      VALUES (@p10, @p11);
      INSERT INTO "RolePermissions" ("PermissionId", "RoleId")
      VALUES (@p12, @p13);
      INSERT INTO "RolePermissions" ("PermissionId", "RoleId")
      VALUES (@p14, @p15);
      INSERT INTO "RolePermissions" ("PermissionId", "RoleId")
      VALUES (@p16, @p17);
      INSERT INTO "RolePermissions" ("PermissionId", "RoleId")
      VALUES (@p18, @p19);
      INSERT INTO "RolePermissions" ("PermissionId", "RoleId")
      VALUES (@p20, @p21);
      INSERT INTO "RolePermissions" ("PermissionId", "RoleId")
      VALUES (@p22, @p23);
      INSERT INTO "RolePermissions" ("PermissionId", "RoleId")
      VALUES (@p24, @p25);
      INSERT INTO "RolePermissions" ("PermissionId", "RoleId")
      VALUES (@p26, @p27);
      INSERT INTO "RolePermissions" ("PermissionId", "RoleId")
      VALUES (@p28, @p29);
      INSERT INTO "RolePermissions" ("PermissionId", "RoleId")
      VALUES (@p30, @p31);
      INSERT INTO "RolePermissions" ("PermissionId", "RoleId")
      VALUES (@p32, @p33);
      INSERT INTO "RolePermissions" ("PermissionId", "RoleId")
      VALUES (@p34, @p35);
      INSERT INTO "RolePermissions" ("PermissionId", "RoleId")
      VALUES (@p36, @p37);
      INSERT INTO "RolePermissions" ("PermissionId", "RoleId")
      VALUES (@p38, @p39);
      INSERT INTO "RolePermissions" ("PermissionId", "RoleId")
      VALUES (@p40, @p41);
      INSERT INTO "RolePermissions" ("PermissionId", "RoleId")
      VALUES (@p42, @p43);
      INSERT INTO "RolePermissions" ("PermissionId", "RoleId")
      VALUES (@p44, @p45);
      INSERT INTO "RolePermissions" ("PermissionId", "RoleId")
      VALUES (@p46, @p47);
      INSERT INTO "RolePermissions" ("PermissionId", "RoleId")
      VALUES (@p48, @p49);
      INSERT INTO "RolePermissions" ("PermissionId", "RoleId")
      VALUES (@p50, @p51);
      INSERT INTO "RolePermissions" ("PermissionId", "RoleId")
      VALUES (@p52, @p53);
      INSERT INTO "RolePermissions" ("PermissionId", "RoleId")
      VALUES (@p54, @p55);
      INSERT INTO "RolePermissions" ("PermissionId", "RoleId")
      VALUES (@p56, @p57);
      INSERT INTO "RolePermissions" ("PermissionId", "RoleId")
      VALUES (@p58, @p59);
      INSERT INTO "RolePermissions" ("PermissionId", "RoleId")
      VALUES (@p60, @p61);
      INSERT INTO "RolePermissions" ("PermissionId", "RoleId")
      VALUES (@p62, @p63);
      INSERT INTO "RolePermissions" ("PermissionId", "RoleId")
      VALUES (@p64, @p65);
      INSERT INTO "RolePermissions" ("PermissionId", "RoleId")
      VALUES (@p66, @p67);
info: Microsoft.EntityFrameworkCore.Database.Command[20101]
      Executed DbCommand (2ms) [Parameters=[@p0='?' (DbType = Guid), @p1='?' (DbType = Guid), @p2='?' (DbType = Guid), @p3='?' (DbType = Guid), @p4='?' (DbType = Guid), @p5='?' (DbType = Guid), @p6='?' (DbType = Guid), @p7='?' (DbType = Guid), @p8='?' (DbType = Guid), @p9='?' (DbType = Guid), @p10='?' (DbType = Guid), @p11='?' (DbType = Guid), @p12='?' (DbType = Guid), @p13='?' (DbType = Guid), @p14='?' (DbType = Guid), @p15='?' (DbType = Guid), @p16='?' (DbType = Guid), @p17='?' (DbType = Guid), @p18='?' (DbType = Guid), @p19='?' (DbType = Guid), @p20='?' (DbType = Guid), @p21='?' (DbType = Guid), @p22='?' (DbType = Guid), @p23='?' (DbType = Guid), @p24='?' (DbType = Guid), @p25='?' (DbType = Guid), @p26='?' (DbType = Guid), @p27='?' (DbType = Guid), @p28='?' (DbType = Guid), @p29='?' (DbType = Guid), @p30='?' (DbType = Guid), @p31='?' (DbType = Guid), @p32='?' (DbType = Guid), @p33='?' (DbType = Guid), @p34='?' (DbType = Guid), @p35='?' (DbType = Guid), @p36='?' (DbType = Guid), @p37='?' (DbType = Guid), @p38='?' (DbType = Guid), @p39='?' (DbType = Guid), @p40='?' (DbType = Guid), @p41='?' (DbType = Guid), @p42='?' (DbType = Guid), @p43='?' (DbType = Guid), @p44='?' (DbType = Guid), @p45='?' (DbType = Guid), @p46='?' (DbType = Guid), @p47='?' (DbType = Guid), @p48='?' (DbType = Guid), @p49='?' (DbType = Guid), @p50='?' (DbType = Guid), @p51='?' (DbType = Guid), @p52='?' (DbType = Guid), @p53='?' (DbType = Guid), @p54='?' (DbType = Guid), @p55='?' (DbType = Guid), @p56='?' (DbType = Guid), @p57='?' (DbType = Guid), @p58='?' (DbType = Guid), @p59='?' (DbType = Guid), @p60='?' (DbType = Guid), @p61='?' (DbType = Guid), @p62='?' (DbType = Guid), @p63='?' (DbType = Guid), @p64='?' (DbType = Guid), @p65='?' (DbType = Guid), @p66='?' (DbType = Guid), @p67='?' (DbType = Guid)], CommandType='Text', CommandTimeout='30']
      INSERT INTO "RolePermissions" ("PermissionId", "RoleId")
      VALUES (@p0, @p1);
      INSERT INTO "RolePermissions" ("PermissionId", "RoleId")
      VALUES (@p2, @p3);
      INSERT INTO "RolePermissions" ("PermissionId", "RoleId")
      VALUES (@p4, @p5);
      INSERT INTO "RolePermissions" ("PermissionId", "RoleId")
      VALUES (@p6, @p7);
      INSERT INTO "RolePermissions" ("PermissionId", "RoleId")
      VALUES (@p8, @p9);
      INSERT INTO "RolePermissions" ("PermissionId", "RoleId")
      VALUES (@p10, @p11);
      INSERT INTO "RolePermissions" ("PermissionId", "RoleId")
      VALUES (@p12, @p13);
      INSERT INTO "RolePermissions" ("PermissionId", "RoleId")
      VALUES (@p14, @p15);
      INSERT INTO "RolePermissions" ("PermissionId", "RoleId")
      VALUES (@p16, @p17);
      INSERT INTO "RolePermissions" ("PermissionId", "RoleId")
      VALUES (@p18, @p19);
      INSERT INTO "RolePermissions" ("PermissionId", "RoleId")
      VALUES (@p20, @p21);
      INSERT INTO "RolePermissions" ("PermissionId", "RoleId")
      VALUES (@p22, @p23);
      INSERT INTO "RolePermissions" ("PermissionId", "RoleId")
      VALUES (@p24, @p25);
      INSERT INTO "RolePermissions" ("PermissionId", "RoleId")
      VALUES (@p26, @p27);
      INSERT INTO "RolePermissions" ("PermissionId", "RoleId")
      VALUES (@p28, @p29);
      INSERT INTO "RolePermissions" ("PermissionId", "RoleId")
      VALUES (@p30, @p31);
      INSERT INTO "RolePermissions" ("PermissionId", "RoleId")
      VALUES (@p32, @p33);
      INSERT INTO "RolePermissions" ("PermissionId", "RoleId")
      VALUES (@p34, @p35);
      INSERT INTO "RolePermissions" ("PermissionId", "RoleId")
      VALUES (@p36, @p37);
      INSERT INTO "RolePermissions" ("PermissionId", "RoleId")
      VALUES (@p38, @p39);
      INSERT INTO "RolePermissions" ("PermissionId", "RoleId")
      VALUES (@p40, @p41);
      INSERT INTO "RolePermissions" ("PermissionId", "RoleId")
      VALUES (@p42, @p43);
      INSERT INTO "RolePermissions" ("PermissionId", "RoleId")
      VALUES (@p44, @p45);
      INSERT INTO "RolePermissions" ("PermissionId", "RoleId")
      VALUES (@p46, @p47);
      INSERT INTO "RolePermissions" ("PermissionId", "RoleId")
      VALUES (@p48, @p49);
      INSERT INTO "RolePermissions" ("PermissionId", "RoleId")
      VALUES (@p50, @p51);
      INSERT INTO "RolePermissions" ("PermissionId", "RoleId")
      VALUES (@p52, @p53);
      INSERT INTO "RolePermissions" ("PermissionId", "RoleId")
      VALUES (@p54, @p55);
      INSERT INTO "RolePermissions" ("PermissionId", "RoleId")
      VALUES (@p56, @p57);
      INSERT INTO "RolePermissions" ("PermissionId", "RoleId")
      VALUES (@p58, @p59);
      INSERT INTO "RolePermissions" ("PermissionId", "RoleId")
      VALUES (@p60, @p61);
      INSERT INTO "RolePermissions" ("PermissionId", "RoleId")
      VALUES (@p62, @p63);
      INSERT INTO "RolePermissions" ("PermissionId", "RoleId")
      VALUES (@p64, @p65);
      INSERT INTO "RolePermissions" ("PermissionId", "RoleId")
      VALUES (@p66, @p67);
dbug: Microsoft.EntityFrameworkCore.Database.Command[20301]
      Closing data reader to 'teknomled' on server 'tcp://localhost:5432'.
dbug: Microsoft.EntityFrameworkCore.Database.Command[20300]
      A data reader for 'teknomled' on server 'tcp://localhost:5432' is being disposed after spending 0ms reading results.
dbug: Microsoft.EntityFrameworkCore.Database.Transaction[20210]
      Committing transaction.
dbug: Microsoft.EntityFrameworkCore.Database.Transaction[20202]
      Committed transaction.
dbug: Microsoft.EntityFrameworkCore.Database.Connection[20002]
      Closing connection to database 'teknomled' on server 'tcp://localhost:5432'.
dbug: Microsoft.EntityFrameworkCore.Database.Connection[20003]
      Closed connection to database 'teknomled' on server 'tcp://localhost:5432' (0ms).
dbug: Microsoft.EntityFrameworkCore.Database.Transaction[20204]
      Disposing transaction.
dbug: Microsoft.EntityFrameworkCore.ChangeTracking[10807]
      An entity of type 'RolePermission' tracked by 'AppDbContext' changed state from 'Added' to 'Unchanged'. Consider using 'DbContextOptionsBuilder.EnableSensitiveDataLogging' to see key values.
dbug: Microsoft.EntityFrameworkCore.ChangeTracking[10807]
      An entity of type 'RolePermission' tracked by 'AppDbContext' changed state from 'Added' to 'Unchanged'. Consider using 'DbContextOptionsBuilder.EnableSensitiveDataLogging' to see key values.
dbug: Microsoft.EntityFrameworkCore.ChangeTracking[10807]
      An entity of type 'RolePermission' tracked by 'AppDbContext' changed state from 'Added' to 'Unchanged'. Consider using 'DbContextOptionsBuilder.EnableSensitiveDataLogging' to see key values.
dbug: Microsoft.EntityFrameworkCore.ChangeTracking[10807]
      An entity of type 'RolePermission' tracked by 'AppDbContext' changed state from 'Added' to 'Unchanged'. Consider using 'DbContextOptionsBuilder.EnableSensitiveDataLogging' to see key values.
dbug: Microsoft.EntityFrameworkCore.ChangeTracking[10807]
      An entity of type 'RolePermission' tracked by 'AppDbContext' changed state from 'Added' to 'Unchanged'. Consider using 'DbContextOptionsBuilder.EnableSensitiveDataLogging' to see key values.
dbug: Microsoft.EntityFrameworkCore.ChangeTracking[10807]
      An entity of type 'RolePermission' tracked by 'AppDbContext' changed state from 'Added' to 'Unchanged'. Consider using 'DbContextOptionsBuilder.EnableSensitiveDataLogging' to see key values.
dbug: Microsoft.EntityFrameworkCore.ChangeTracking[10807]
      An entity of type 'RolePermission' tracked by 'AppDbContext' changed state from 'Added' to 'Unchanged'. Consider using 'DbContextOptionsBuilder.EnableSensitiveDataLogging' to see key values.
dbug: Microsoft.EntityFrameworkCore.ChangeTracking[10807]
      An entity of type 'RolePermission' tracked by 'AppDbContext' changed state from 'Added' to 'Unchanged'. Consider using 'DbContextOptionsBuilder.EnableSensitiveDataLogging' to see key values.
dbug: Microsoft.EntityFrameworkCore.ChangeTracking[10807]
      An entity of type 'RolePermission' tracked by 'AppDbContext' changed state from 'Added' to 'Unchanged'. Consider using 'DbContextOptionsBuilder.EnableSensitiveDataLogging' to see key values.
dbug: Microsoft.EntityFrameworkCore.ChangeTracking[10807]
      An entity of type 'RolePermission' tracked by 'AppDbContext' changed state from 'Added' to 'Unchanged'. Consider using 'DbContextOptionsBuilder.EnableSensitiveDataLogging' to see key values.
dbug: Microsoft.EntityFrameworkCore.ChangeTracking[10807]
      An entity of type 'RolePermission' tracked by 'AppDbContext' changed state from 'Added' to 'Unchanged'. Consider using 'DbContextOptionsBuilder.EnableSensitiveDataLogging' to see key values.
dbug: Microsoft.EntityFrameworkCore.ChangeTracking[10807]
      An entity of type 'RolePermission' tracked by 'AppDbContext' changed state from 'Added' to 'Unchanged'. Consider using 'DbContextOptionsBuilder.EnableSensitiveDataLogging' to see key values.
dbug: Microsoft.EntityFrameworkCore.ChangeTracking[10807]
      An entity of type 'RolePermission' tracked by 'AppDbContext' changed state from 'Added' to 'Unchanged'. Consider using 'DbContextOptionsBuilder.EnableSensitiveDataLogging' to see key values.
dbug: Microsoft.EntityFrameworkCore.ChangeTracking[10807]
      An entity of type 'RolePermission' tracked by 'AppDbContext' changed state from 'Added' to 'Unchanged'. Consider using 'DbContextOptionsBuilder.EnableSensitiveDataLogging' to see key values.
dbug: Microsoft.EntityFrameworkCore.ChangeTracking[10807]
      An entity of type 'RolePermission' tracked by 'AppDbContext' changed state from 'Added' to 'Unchanged'. Consider using 'DbContextOptionsBuilder.EnableSensitiveDataLogging' to see key values.
dbug: Microsoft.EntityFrameworkCore.ChangeTracking[10807]
      An entity of type 'RolePermission' tracked by 'AppDbContext' changed state from 'Added' to 'Unchanged'. Consider using 'DbContextOptionsBuilder.EnableSensitiveDataLogging' to see key values.
dbug: Microsoft.EntityFrameworkCore.ChangeTracking[10807]
      An entity of type 'RolePermission' tracked by 'AppDbContext' changed state from 'Added' to 'Unchanged'. Consider using 'DbContextOptionsBuilder.EnableSensitiveDataLogging' to see key values.
dbug: Microsoft.EntityFrameworkCore.ChangeTracking[10807]
      An entity of type 'RolePermission' tracked by 'AppDbContext' changed state from 'Added' to 'Unchanged'. Consider using 'DbContextOptionsBuilder.EnableSensitiveDataLogging' to see key values.
dbug: Microsoft.EntityFrameworkCore.ChangeTracking[10807]
      An entity of type 'RolePermission' tracked by 'AppDbContext' changed state from 'Added' to 'Unchanged'. Consider using 'DbContextOptionsBuilder.EnableSensitiveDataLogging' to see key values.
dbug: Microsoft.EntityFrameworkCore.ChangeTracking[10807]
      An entity of type 'RolePermission' tracked by 'AppDbContext' changed state from 'Added' to 'Unchanged'. Consider using 'DbContextOptionsBuilder.EnableSensitiveDataLogging' to see key values.
dbug: Microsoft.EntityFrameworkCore.ChangeTracking[10807]
      An entity of type 'RolePermission' tracked by 'AppDbContext' changed state from 'Added' to 'Unchanged'. Consider using 'DbContextOptionsBuilder.EnableSensitiveDataLogging' to see key values.
dbug: Microsoft.EntityFrameworkCore.ChangeTracking[10807]
      An entity of type 'RolePermission' tracked by 'AppDbContext' changed state from 'Added' to 'Unchanged'. Consider using 'DbContextOptionsBuilder.EnableSensitiveDataLogging' to see key values.
dbug: Microsoft.EntityFrameworkCore.ChangeTracking[10807]
      An entity of type 'RolePermission' tracked by 'AppDbContext' changed state from 'Added' to 'Unchanged'. Consider using 'DbContextOptionsBuilder.EnableSensitiveDataLogging' to see key values.
dbug: Microsoft.EntityFrameworkCore.ChangeTracking[10807]
      An entity of type 'RolePermission' tracked by 'AppDbContext' changed state from 'Added' to 'Unchanged'. Consider using 'DbContextOptionsBuilder.EnableSensitiveDataLogging' to see key values.
dbug: Microsoft.EntityFrameworkCore.ChangeTracking[10807]
      An entity of type 'RolePermission' tracked by 'AppDbContext' changed state from 'Added' to 'Unchanged'. Consider using 'DbContextOptionsBuilder.EnableSensitiveDataLogging' to see key values.
dbug: Microsoft.EntityFrameworkCore.ChangeTracking[10807]
      An entity of type 'RolePermission' tracked by 'AppDbContext' changed state from 'Added' to 'Unchanged'. Consider using 'DbContextOptionsBuilder.EnableSensitiveDataLogging' to see key values.
dbug: Microsoft.EntityFrameworkCore.ChangeTracking[10807]
      An entity of type 'RolePermission' tracked by 'AppDbContext' changed state from 'Added' to 'Unchanged'. Consider using 'DbContextOptionsBuilder.EnableSensitiveDataLogging' to see key values.
dbug: Microsoft.EntityFrameworkCore.ChangeTracking[10807]
      An entity of type 'RolePermission' tracked by 'AppDbContext' changed state from 'Added' to 'Unchanged'. Consider using 'DbContextOptionsBuilder.EnableSensitiveDataLogging' to see key values.
dbug: Microsoft.EntityFrameworkCore.ChangeTracking[10807]
      An entity of type 'RolePermission' tracked by 'AppDbContext' changed state from 'Added' to 'Unchanged'. Consider using 'DbContextOptionsBuilder.EnableSensitiveDataLogging' to see key values.
dbug: Microsoft.EntityFrameworkCore.ChangeTracking[10807]
      An entity of type 'RolePermission' tracked by 'AppDbContext' changed state from 'Added' to 'Unchanged'. Consider using 'DbContextOptionsBuilder.EnableSensitiveDataLogging' to see key values.
dbug: Microsoft.EntityFrameworkCore.ChangeTracking[10807]
      An entity of type 'RolePermission' tracked by 'AppDbContext' changed state from 'Added' to 'Unchanged'. Consider using 'DbContextOptionsBuilder.EnableSensitiveDataLogging' to see key values.
dbug: Microsoft.EntityFrameworkCore.ChangeTracking[10807]
      An entity of type 'RolePermission' tracked by 'AppDbContext' changed state from 'Added' to 'Unchanged'. Consider using 'DbContextOptionsBuilder.EnableSensitiveDataLogging' to see key values.
dbug: Microsoft.EntityFrameworkCore.ChangeTracking[10807]
      An entity of type 'RolePermission' tracked by 'AppDbContext' changed state from 'Added' to 'Unchanged'. Consider using 'DbContextOptionsBuilder.EnableSensitiveDataLogging' to see key values.
dbug: Microsoft.EntityFrameworkCore.ChangeTracking[10807]
      An entity of type 'RolePermission' tracked by 'AppDbContext' changed state from 'Added' to 'Unchanged'. Consider using 'DbContextOptionsBuilder.EnableSensitiveDataLogging' to see key values.
dbug: Microsoft.EntityFrameworkCore.Update[10005]
      SaveChanges completed for 'AppDbContext' with 34 entities written to the database.
dbug: Microsoft.EntityFrameworkCore.Query[10111]
      Compiling query expression: 
      'DbSet<Product>()
          .Any()'
dbug: Microsoft.EntityFrameworkCore.Query[10107]
      Generated query execution expression: 
      'queryContext => ShapedQueryCompilingExpressionVisitor.SingleAsync<bool>(
          asyncEnumerable: new SingleQueryingEnumerable<bool>(
              (RelationalQueryContext)queryContext, 
              RelationalCommandCache.QueryExpression(
                  Projection Mapping:
                      EmptyProjectionMember -> 0
                  SELECT EXISTS (
                      SELECT 1
                      FROM Products AS p)), 
              null, 
              Func<QueryContext, DbDataReader, ResultContext, SingleQueryResultCoordinator, bool>, 
              TeknomLed.Infrastructure.Persistence.AppDbContext, 
              False, 
              False, 
              True
          ), 
          cancellationToken: queryContext.CancellationToken)'
dbug: Microsoft.EntityFrameworkCore.Database.Connection[20000]
      Opening connection to database 'teknomled' on server 'tcp://localhost:5432'.
dbug: Microsoft.EntityFrameworkCore.Database.Connection[20001]
      Opened connection to database 'teknomled' on server 'tcp://localhost:5432'.
dbug: Microsoft.EntityFrameworkCore.Database.Command[20103]
      Creating DbCommand for 'ExecuteReader'.
dbug: Microsoft.EntityFrameworkCore.Database.Command[20104]
      Created DbCommand for 'ExecuteReader' (0ms).
dbug: Microsoft.EntityFrameworkCore.Database.Command[20106]
      Initialized DbCommand for 'ExecuteReader' (0ms).
dbug: Microsoft.EntityFrameworkCore.Database.Command[20100]
      Executing DbCommand [Parameters=[], CommandType='Text', CommandTimeout='30']
      SELECT EXISTS (
          SELECT 1
          FROM "Products" AS p)
info: Microsoft.EntityFrameworkCore.Database.Command[20101]
      Executed DbCommand (1ms) [Parameters=[], CommandType='Text', CommandTimeout='30']
      SELECT EXISTS (
          SELECT 1
          FROM "Products" AS p)
dbug: Microsoft.EntityFrameworkCore.Database.Command[20301]
      Closing data reader to 'teknomled' on server 'tcp://localhost:5432'.
dbug: Microsoft.EntityFrameworkCore.Database.Command[20300]
      A data reader for 'teknomled' on server 'tcp://localhost:5432' is being disposed after spending 0ms reading results.
dbug: Microsoft.EntityFrameworkCore.Database.Connection[20002]
      Closing connection to database 'teknomled' on server 'tcp://localhost:5432'.
dbug: Microsoft.EntityFrameworkCore.Database.Connection[20003]
      Closed connection to database 'teknomled' on server 'tcp://localhost:5432' (0ms).
dbug: Microsoft.EntityFrameworkCore.ChangeTracking[10806]
      Context 'AppDbContext' started tracking 'Category' entity. Consider using 'DbContextOptionsBuilder.EnableSensitiveDataLogging' to see key values.
dbug: Microsoft.EntityFrameworkCore.ChangeTracking[10806]
      Context 'AppDbContext' started tracking 'Category' entity. Consider using 'DbContextOptionsBuilder.EnableSensitiveDataLogging' to see key values.
dbug: Microsoft.EntityFrameworkCore.ChangeTracking[10806]
      Context 'AppDbContext' started tracking 'Category' entity. Consider using 'DbContextOptionsBuilder.EnableSensitiveDataLogging' to see key values.
dbug: Microsoft.EntityFrameworkCore.ChangeTracking[10806]
      Context 'AppDbContext' started tracking 'Category' entity. Consider using 'DbContextOptionsBuilder.EnableSensitiveDataLogging' to see key values.
dbug: Microsoft.EntityFrameworkCore.ChangeTracking[10806]
      Context 'AppDbContext' started tracking 'Category' entity. Consider using 'DbContextOptionsBuilder.EnableSensitiveDataLogging' to see key values.
dbug: Microsoft.EntityFrameworkCore.ChangeTracking[10806]
      Context 'AppDbContext' started tracking 'Category' entity. Consider using 'DbContextOptionsBuilder.EnableSensitiveDataLogging' to see key values.
dbug: Microsoft.EntityFrameworkCore.ChangeTracking[10806]
      Context 'AppDbContext' started tracking 'ApplicationArea' entity. Consider using 'DbContextOptionsBuilder.EnableSensitiveDataLogging' to see key values.
dbug: Microsoft.EntityFrameworkCore.ChangeTracking[10806]
      Context 'AppDbContext' started tracking 'ApplicationArea' entity. Consider using 'DbContextOptionsBuilder.EnableSensitiveDataLogging' to see key values.
dbug: Microsoft.EntityFrameworkCore.ChangeTracking[10806]
      Context 'AppDbContext' started tracking 'ApplicationArea' entity. Consider using 'DbContextOptionsBuilder.EnableSensitiveDataLogging' to see key values.
dbug: Microsoft.EntityFrameworkCore.ChangeTracking[10806]
      Context 'AppDbContext' started tracking 'ApplicationArea' entity. Consider using 'DbContextOptionsBuilder.EnableSensitiveDataLogging' to see key values.
dbug: Microsoft.EntityFrameworkCore.ChangeTracking[10806]
      Context 'AppDbContext' started tracking 'ApplicationArea' entity. Consider using 'DbContextOptionsBuilder.EnableSensitiveDataLogging' to see key values.
dbug: Microsoft.EntityFrameworkCore.ChangeTracking[10806]
      Context 'AppDbContext' started tracking 'ApplicationArea' entity. Consider using 'DbContextOptionsBuilder.EnableSensitiveDataLogging' to see key values.
dbug: Microsoft.EntityFrameworkCore.ChangeTracking[10806]
      Context 'AppDbContext' started tracking 'ApplicationArea' entity. Consider using 'DbContextOptionsBuilder.EnableSensitiveDataLogging' to see key values.
dbug: Microsoft.EntityFrameworkCore.ChangeTracking[10805]
      The navigation 'Product.Category' was detected as changed. Consider using 'DbContextOptionsBuilder.EnableSensitiveDataLogging' to see key values.
dbug: Microsoft.EntityFrameworkCore.ChangeTracking[10806]
      Context 'AppDbContext' started tracking 'Product' entity. Consider using 'DbContextOptionsBuilder.EnableSensitiveDataLogging' to see key values.
dbug: Microsoft.EntityFrameworkCore.ChangeTracking[10805]
      The navigation 'ProductMedia.Product' was detected as changed. Consider using 'DbContextOptionsBuilder.EnableSensitiveDataLogging' to see key values.
dbug: Microsoft.EntityFrameworkCore.ChangeTracking[10806]
      Context 'AppDbContext' started tracking 'ProductMedia' entity. Consider using 'DbContextOptionsBuilder.EnableSensitiveDataLogging' to see key values.
dbug: Microsoft.EntityFrameworkCore.ChangeTracking[10805]
      The navigation 'ProductMedia.Product' was detected as changed. Consider using 'DbContextOptionsBuilder.EnableSensitiveDataLogging' to see key values.
dbug: Microsoft.EntityFrameworkCore.ChangeTracking[10806]
      Context 'AppDbContext' started tracking 'ProductMedia' entity. Consider using 'DbContextOptionsBuilder.EnableSensitiveDataLogging' to see key values.
dbug: Microsoft.EntityFrameworkCore.ChangeTracking[10805]
      The navigation 'ProductMedia.Product' was detected as changed. Consider using 'DbContextOptionsBuilder.EnableSensitiveDataLogging' to see key values.
dbug: Microsoft.EntityFrameworkCore.ChangeTracking[10806]
      Context 'AppDbContext' started tracking 'ProductMedia' entity. Consider using 'DbContextOptionsBuilder.EnableSensitiveDataLogging' to see key values.
dbug: Microsoft.EntityFrameworkCore.ChangeTracking[10805]
      The navigation 'ProductMedia.Product' was detected as changed. Consider using 'DbContextOptionsBuilder.EnableSensitiveDataLogging' to see key values.
dbug: Microsoft.EntityFrameworkCore.ChangeTracking[10806]
      Context 'AppDbContext' started tracking 'ProductMedia' entity. Consider using 'DbContextOptionsBuilder.EnableSensitiveDataLogging' to see key values.
dbug: Microsoft.EntityFrameworkCore.ChangeTracking[10805]
      The navigation 'ProductApplicationArea.ApplicationArea' was detected as changed. Consider using 'DbContextOptionsBuilder.EnableSensitiveDataLogging' to see key values.
dbug: Microsoft.EntityFrameworkCore.ChangeTracking[10805]
      The navigation 'ProductApplicationArea.Product' was detected as changed. Consider using 'DbContextOptionsBuilder.EnableSensitiveDataLogging' to see key values.
dbug: Microsoft.EntityFrameworkCore.ChangeTracking[10806]
      Context 'AppDbContext' started tracking 'ProductApplicationArea' entity. Consider using 'DbContextOptionsBuilder.EnableSensitiveDataLogging' to see key values.
dbug: Microsoft.EntityFrameworkCore.ChangeTracking[10805]
      The navigation 'ProductApplicationArea.ApplicationArea' was detected as changed. Consider using 'DbContextOptionsBuilder.EnableSensitiveDataLogging' to see key values.
dbug: Microsoft.EntityFrameworkCore.ChangeTracking[10805]
      The navigation 'ProductApplicationArea.Product' was detected as changed. Consider using 'DbContextOptionsBuilder.EnableSensitiveDataLogging' to see key values.
dbug: Microsoft.EntityFrameworkCore.ChangeTracking[10806]
      Context 'AppDbContext' started tracking 'ProductApplicationArea' entity. Consider using 'DbContextOptionsBuilder.EnableSensitiveDataLogging' to see key values.
dbug: Microsoft.EntityFrameworkCore.ChangeTracking[10805]
      The navigation 'ProductApplicationArea.ApplicationArea' was detected as changed. Consider using 'DbContextOptionsBuilder.EnableSensitiveDataLogging' to see key values.
dbug: Microsoft.EntityFrameworkCore.ChangeTracking[10805]
      The navigation 'ProductApplicationArea.Product' was detected as changed. Consider using 'DbContextOptionsBuilder.EnableSensitiveDataLogging' to see key values.
dbug: Microsoft.EntityFrameworkCore.ChangeTracking[10806]
      Context 'AppDbContext' started tracking 'ProductApplicationArea' entity. Consider using 'DbContextOptionsBuilder.EnableSensitiveDataLogging' to see key values.
dbug: Microsoft.EntityFrameworkCore.ChangeTracking[10805]
      The navigation 'ProductSpecification.Product' was detected as changed. Consider using 'DbContextOptionsBuilder.EnableSensitiveDataLogging' to see key values.
dbug: Microsoft.EntityFrameworkCore.ChangeTracking[10806]
      Context 'AppDbContext' started tracking 'ProductSpecification' entity. Consider using 'DbContextOptionsBuilder.EnableSensitiveDataLogging' to see key values.
dbug: Microsoft.EntityFrameworkCore.ChangeTracking[10805]
      The navigation 'ProductSpecification.Product' was detected as changed. Consider using 'DbContextOptionsBuilder.EnableSensitiveDataLogging' to see key values.
dbug: Microsoft.EntityFrameworkCore.ChangeTracking[10806]
      Context 'AppDbContext' started tracking 'ProductSpecification' entity. Consider using 'DbContextOptionsBuilder.EnableSensitiveDataLogging' to see key values.
dbug: Microsoft.EntityFrameworkCore.ChangeTracking[10805]
      The navigation 'ProductSpecification.Product' was detected as changed. Consider using 'DbContextOptionsBuilder.EnableSensitiveDataLogging' to see key values.
dbug: Microsoft.EntityFrameworkCore.ChangeTracking[10806]
      Context 'AppDbContext' started tracking 'ProductSpecification' entity. Consider using 'DbContextOptionsBuilder.EnableSensitiveDataLogging' to see key values.
dbug: Microsoft.EntityFrameworkCore.ChangeTracking[10805]
      The navigation 'ProductSpecification.Product' was detected as changed. Consider using 'DbContextOptionsBuilder.EnableSensitiveDataLogging' to see key values.
dbug: Microsoft.EntityFrameworkCore.ChangeTracking[10806]
      Context 'AppDbContext' started tracking 'ProductSpecification' entity. Consider using 'DbContextOptionsBuilder.EnableSensitiveDataLogging' to see key values.
dbug: Microsoft.EntityFrameworkCore.ChangeTracking[10805]
      The navigation 'ProductVariant.Product' was detected as changed. Consider using 'DbContextOptionsBuilder.EnableSensitiveDataLogging' to see key values.
dbug: Microsoft.EntityFrameworkCore.ChangeTracking[10806]
      Context 'AppDbContext' started tracking 'ProductVariant' entity. Consider using 'DbContextOptionsBuilder.EnableSensitiveDataLogging' to see key values.
dbug: Microsoft.EntityFrameworkCore.ChangeTracking[10805]
      The navigation 'ProductVariant.Product' was detected as changed. Consider using 'DbContextOptionsBuilder.EnableSensitiveDataLogging' to see key values.
dbug: Microsoft.EntityFrameworkCore.ChangeTracking[10806]
      Context 'AppDbContext' started tracking 'ProductVariant' entity. Consider using 'DbContextOptionsBuilder.EnableSensitiveDataLogging' to see key values.
dbug: Microsoft.EntityFrameworkCore.ChangeTracking[10805]
      The navigation 'ProductVariant.Product' was detected as changed. Consider using 'DbContextOptionsBuilder.EnableSensitiveDataLogging' to see key values.
dbug: Microsoft.EntityFrameworkCore.ChangeTracking[10806]
      Context 'AppDbContext' started tracking 'ProductVariant' entity. Consider using 'DbContextOptionsBuilder.EnableSensitiveDataLogging' to see key values.
dbug: Microsoft.EntityFrameworkCore.ChangeTracking[10805]
      The navigation 'Product.Category' was detected as changed. Consider using 'DbContextOptionsBuilder.EnableSensitiveDataLogging' to see key values.
dbug: Microsoft.EntityFrameworkCore.ChangeTracking[10806]
      Context 'AppDbContext' started tracking 'Product' entity. Consider using 'DbContextOptionsBuilder.EnableSensitiveDataLogging' to see key values.
dbug: Microsoft.EntityFrameworkCore.ChangeTracking[10805]
      The navigation 'ProductMedia.Product' was detected as changed. Consider using 'DbContextOptionsBuilder.EnableSensitiveDataLogging' to see key values.
dbug: Microsoft.EntityFrameworkCore.ChangeTracking[10806]
      Context 'AppDbContext' started tracking 'ProductMedia' entity. Consider using 'DbContextOptionsBuilder.EnableSensitiveDataLogging' to see key values.
dbug: Microsoft.EntityFrameworkCore.ChangeTracking[10805]
      The navigation 'ProductMedia.Product' was detected as changed. Consider using 'DbContextOptionsBuilder.EnableSensitiveDataLogging' to see key values.
dbug: Microsoft.EntityFrameworkCore.ChangeTracking[10806]
      Context 'AppDbContext' started tracking 'ProductMedia' entity. Consider using 'DbContextOptionsBuilder.EnableSensitiveDataLogging' to see key values.
dbug: Microsoft.EntityFrameworkCore.ChangeTracking[10805]
      The navigation 'ProductApplicationArea.ApplicationArea' was detected as changed. Consider using 'DbContextOptionsBuilder.EnableSensitiveDataLogging' to see key values.
dbug: Microsoft.EntityFrameworkCore.ChangeTracking[10805]
      The navigation 'ProductApplicationArea.Product' was detected as changed. Consider using 'DbContextOptionsBuilder.EnableSensitiveDataLogging' to see key values.
dbug: Microsoft.EntityFrameworkCore.ChangeTracking[10806]
      Context 'AppDbContext' started tracking 'ProductApplicationArea' entity. Consider using 'DbContextOptionsBuilder.EnableSensitiveDataLogging' to see key values.
dbug: Microsoft.EntityFrameworkCore.ChangeTracking[10805]
      The navigation 'ProductApplicationArea.ApplicationArea' was detected as changed. Consider using 'DbContextOptionsBuilder.EnableSensitiveDataLogging' to see key values.
dbug: Microsoft.EntityFrameworkCore.ChangeTracking[10805]
      The navigation 'ProductApplicationArea.Product' was detected as changed. Consider using 'DbContextOptionsBuilder.EnableSensitiveDataLogging' to see key values.
dbug: Microsoft.EntityFrameworkCore.ChangeTracking[10806]
      Context 'AppDbContext' started tracking 'ProductApplicationArea' entity. Consider using 'DbContextOptionsBuilder.EnableSensitiveDataLogging' to see key values.
dbug: Microsoft.EntityFrameworkCore.ChangeTracking[10805]
      The navigation 'ProductApplicationArea.ApplicationArea' was detected as changed. Consider using 'DbContextOptionsBuilder.EnableSensitiveDataLogging' to see key values.
dbug: Microsoft.EntityFrameworkCore.ChangeTracking[10805]
      The navigation 'ProductApplicationArea.Product' was detected as changed. Consider using 'DbContextOptionsBuilder.EnableSensitiveDataLogging' to see key values.
dbug: Microsoft.EntityFrameworkCore.ChangeTracking[10806]
      Context 'AppDbContext' started tracking 'ProductApplicationArea' entity. Consider using 'DbContextOptionsBuilder.EnableSensitiveDataLogging' to see key values.
dbug: Microsoft.EntityFrameworkCore.ChangeTracking[10805]
      The navigation 'ProductSpecification.Product' was detected as changed. Consider using 'DbContextOptionsBuilder.EnableSensitiveDataLogging' to see key values.
dbug: Microsoft.EntityFrameworkCore.ChangeTracking[10806]
      Context 'AppDbContext' started tracking 'ProductSpecification' entity. Consider using 'DbContextOptionsBuilder.EnableSensitiveDataLogging' to see key values.
dbug: Microsoft.EntityFrameworkCore.ChangeTracking[10805]
      The navigation 'ProductSpecification.Product' was detected as changed. Consider using 'DbContextOptionsBuilder.EnableSensitiveDataLogging' to see key values.
dbug: Microsoft.EntityFrameworkCore.ChangeTracking[10806]
      Context 'AppDbContext' started tracking 'ProductSpecification' entity. Consider using 'DbContextOptionsBuilder.EnableSensitiveDataLogging' to see key values.
dbug: Microsoft.EntityFrameworkCore.ChangeTracking[10805]
      The navigation 'ProductSpecification.Product' was detected as changed. Consider using 'DbContextOptionsBuilder.EnableSensitiveDataLogging' to see key values.
dbug: Microsoft.EntityFrameworkCore.ChangeTracking[10806]
      Context 'AppDbContext' started tracking 'ProductSpecification' entity. Consider using 'DbContextOptionsBuilder.EnableSensitiveDataLogging' to see key values.
dbug: Microsoft.EntityFrameworkCore.ChangeTracking[10805]
      The navigation 'ProductSpecification.Product' was detected as changed. Consider using 'DbContextOptionsBuilder.EnableSensitiveDataLogging' to see key values.
dbug: Microsoft.EntityFrameworkCore.ChangeTracking[10806]
      Context 'AppDbContext' started tracking 'ProductSpecification' entity. Consider using 'DbContextOptionsBuilder.EnableSensitiveDataLogging' to see key values.
dbug: Microsoft.EntityFrameworkCore.ChangeTracking[10805]
      The navigation 'ProductVariant.Product' was detected as changed. Consider using 'DbContextOptionsBuilder.EnableSensitiveDataLogging' to see key values.
dbug: Microsoft.EntityFrameworkCore.ChangeTracking[10806]
      Context 'AppDbContext' started tracking 'ProductVariant' entity. Consider using 'DbContextOptionsBuilder.EnableSensitiveDataLogging' to see key values.
dbug: Microsoft.EntityFrameworkCore.ChangeTracking[10805]
      The navigation 'ProductVariant.Product' was detected as changed. Consider using 'DbContextOptionsBuilder.EnableSensitiveDataLogging' to see key values.
dbug: Microsoft.EntityFrameworkCore.ChangeTracking[10806]
      Context 'AppDbContext' started tracking 'ProductVariant' entity. Consider using 'DbContextOptionsBuilder.EnableSensitiveDataLogging' to see key values.
dbug: Microsoft.EntityFrameworkCore.ChangeTracking[10805]
      The navigation 'Product.Category' was detected as changed. Consider using 'DbContextOptionsBuilder.EnableSensitiveDataLogging' to see key values.
dbug: Microsoft.EntityFrameworkCore.ChangeTracking[10806]
      Context 'AppDbContext' started tracking 'Product' entity. Consider using 'DbContextOptionsBuilder.EnableSensitiveDataLogging' to see key values.
dbug: Microsoft.EntityFrameworkCore.ChangeTracking[10805]
      The navigation 'ProductMedia.Product' was detected as changed. Consider using 'DbContextOptionsBuilder.EnableSensitiveDataLogging' to see key values.
dbug: Microsoft.EntityFrameworkCore.ChangeTracking[10806]
      Context 'AppDbContext' started tracking 'ProductMedia' entity. Consider using 'DbContextOptionsBuilder.EnableSensitiveDataLogging' to see key values.
dbug: Microsoft.EntityFrameworkCore.ChangeTracking[10805]
      The navigation 'ProductMedia.Product' was detected as changed. Consider using 'DbContextOptionsBuilder.EnableSensitiveDataLogging' to see key values.
dbug: Microsoft.EntityFrameworkCore.ChangeTracking[10806]
      Context 'AppDbContext' started tracking 'ProductMedia' entity. Consider using 'DbContextOptionsBuilder.EnableSensitiveDataLogging' to see key values.
dbug: Microsoft.EntityFrameworkCore.ChangeTracking[10805]
      The navigation 'ProductApplicationArea.ApplicationArea' was detected as changed. Consider using 'DbContextOptionsBuilder.EnableSensitiveDataLogging' to see key values.
dbug: Microsoft.EntityFrameworkCore.ChangeTracking[10805]
      The navigation 'ProductApplicationArea.Product' was detected as changed. Consider using 'DbContextOptionsBuilder.EnableSensitiveDataLogging' to see key values.
dbug: Microsoft.EntityFrameworkCore.ChangeTracking[10806]
      Context 'AppDbContext' started tracking 'ProductApplicationArea' entity. Consider using 'DbContextOptionsBuilder.EnableSensitiveDataLogging' to see key values.
dbug: Microsoft.EntityFrameworkCore.ChangeTracking[10805]
      The navigation 'ProductApplicationArea.ApplicationArea' was detected as changed. Consider using 'DbContextOptionsBuilder.EnableSensitiveDataLogging' to see key values.
dbug: Microsoft.EntityFrameworkCore.ChangeTracking[10805]
      The navigation 'ProductApplicationArea.Product' was detected as changed. Consider using 'DbContextOptionsBuilder.EnableSensitiveDataLogging' to see key values.
dbug: Microsoft.EntityFrameworkCore.ChangeTracking[10806]
      Context 'AppDbContext' started tracking 'ProductApplicationArea' entity. Consider using 'DbContextOptionsBuilder.EnableSensitiveDataLogging' to see key values.
dbug: Microsoft.EntityFrameworkCore.ChangeTracking[10805]
      The navigation 'ProductApplicationArea.ApplicationArea' was detected as changed. Consider using 'DbContextOptionsBuilder.EnableSensitiveDataLogging' to see key values.
dbug: Microsoft.EntityFrameworkCore.ChangeTracking[10805]
      The navigation 'ProductApplicationArea.Product' was detected as changed. Consider using 'DbContextOptionsBuilder.EnableSensitiveDataLogging' to see key values.
dbug: Microsoft.EntityFrameworkCore.ChangeTracking[10806]
      Context 'AppDbContext' started tracking 'ProductApplicationArea' entity. Consider using 'DbContextOptionsBuilder.EnableSensitiveDataLogging' to see key values.
dbug: Microsoft.EntityFrameworkCore.ChangeTracking[10805]
      The navigation 'ProductSpecification.Product' was detected as changed. Consider using 'DbContextOptionsBuilder.EnableSensitiveDataLogging' to see key values.
dbug: Microsoft.EntityFrameworkCore.ChangeTracking[10806]
      Context 'AppDbContext' started tracking 'ProductSpecification' entity. Consider using 'DbContextOptionsBuilder.EnableSensitiveDataLogging' to see key values.
dbug: Microsoft.EntityFrameworkCore.ChangeTracking[10805]
      The navigation 'ProductSpecification.Product' was detected as changed. Consider using 'DbContextOptionsBuilder.EnableSensitiveDataLogging' to see key values.
dbug: Microsoft.EntityFrameworkCore.ChangeTracking[10806]
      Context 'AppDbContext' started tracking 'ProductSpecification' entity. Consider using 'DbContextOptionsBuilder.EnableSensitiveDataLogging' to see key values.
dbug: Microsoft.EntityFrameworkCore.ChangeTracking[10805]
      The navigation 'ProductSpecification.Product' was detected as changed. Consider using 'DbContextOptionsBuilder.EnableSensitiveDataLogging' to see key values.
dbug: Microsoft.EntityFrameworkCore.ChangeTracking[10806]
      Context 'AppDbContext' started tracking 'ProductSpecification' entity. Consider using 'DbContextOptionsBuilder.EnableSensitiveDataLogging' to see key values.
dbug: Microsoft.EntityFrameworkCore.ChangeTracking[10805]
      The navigation 'ProductSpecification.Product' was detected as changed. Consider using 'DbContextOptionsBuilder.EnableSensitiveDataLogging' to see key values.
dbug: Microsoft.EntityFrameworkCore.ChangeTracking[10806]
      Context 'AppDbContext' started tracking 'ProductSpecification' entity. Consider using 'DbContextOptionsBuilder.EnableSensitiveDataLogging' to see key values.
dbug: Microsoft.EntityFrameworkCore.ChangeTracking[10805]
      The navigation 'ProductSpecification.Product' was detected as changed. Consider using 'DbContextOptionsBuilder.EnableSensitiveDataLogging' to see key values.
dbug: Microsoft.EntityFrameworkCore.ChangeTracking[10806]
      Context 'AppDbContext' started tracking 'ProductSpecification' entity. Consider using 'DbContextOptionsBuilder.EnableSensitiveDataLogging' to see key values.
dbug: Microsoft.EntityFrameworkCore.ChangeTracking[10805]
      The navigation 'ProductVariant.Product' was detected as changed. Consider using 'DbContextOptionsBuilder.EnableSensitiveDataLogging' to see key values.
dbug: Microsoft.EntityFrameworkCore.ChangeTracking[10806]
      Context 'AppDbContext' started tracking 'ProductVariant' entity. Consider using 'DbContextOptionsBuilder.EnableSensitiveDataLogging' to see key values.
dbug: Microsoft.EntityFrameworkCore.ChangeTracking[10805]
      The navigation 'ProductVariant.Product' was detected as changed. Consider using 'DbContextOptionsBuilder.EnableSensitiveDataLogging' to see key values.
dbug: Microsoft.EntityFrameworkCore.ChangeTracking[10806]
      Context 'AppDbContext' started tracking 'ProductVariant' entity. Consider using 'DbContextOptionsBuilder.EnableSensitiveDataLogging' to see key values.
dbug: Microsoft.EntityFrameworkCore.ChangeTracking[10805]
      The navigation 'ProductVariant.Product' was detected as changed. Consider using 'DbContextOptionsBuilder.EnableSensitiveDataLogging' to see key values.
dbug: Microsoft.EntityFrameworkCore.ChangeTracking[10806]
      Context 'AppDbContext' started tracking 'ProductVariant' entity. Consider using 'DbContextOptionsBuilder.EnableSensitiveDataLogging' to see key values.
dbug: Microsoft.EntityFrameworkCore.ChangeTracking[10805]
      The navigation 'Product.Category' was detected as changed. Consider using 'DbContextOptionsBuilder.EnableSensitiveDataLogging' to see key values.
dbug: Microsoft.EntityFrameworkCore.ChangeTracking[10806]
      Context 'AppDbContext' started tracking 'Product' entity. Consider using 'DbContextOptionsBuilder.EnableSensitiveDataLogging' to see key values.
dbug: Microsoft.EntityFrameworkCore.ChangeTracking[10805]
      The navigation 'ProductMedia.Product' was detected as changed. Consider using 'DbContextOptionsBuilder.EnableSensitiveDataLogging' to see key values.
dbug: Microsoft.EntityFrameworkCore.ChangeTracking[10806]
      Context 'AppDbContext' started tracking 'ProductMedia' entity. Consider using 'DbContextOptionsBuilder.EnableSensitiveDataLogging' to see key values.
dbug: Microsoft.EntityFrameworkCore.ChangeTracking[10805]
      The navigation 'ProductMedia.Product' was detected as changed. Consider using 'DbContextOptionsBuilder.EnableSensitiveDataLogging' to see key values.
dbug: Microsoft.EntityFrameworkCore.ChangeTracking[10806]
      Context 'AppDbContext' started tracking 'ProductMedia' entity. Consider using 'DbContextOptionsBuilder.EnableSensitiveDataLogging' to see key values.
dbug: Microsoft.EntityFrameworkCore.ChangeTracking[10805]
      The navigation 'ProductApplicationArea.ApplicationArea' was detected as changed. Consider using 'DbContextOptionsBuilder.EnableSensitiveDataLogging' to see key values.
dbug: Microsoft.EntityFrameworkCore.ChangeTracking[10805]
      The navigation 'ProductApplicationArea.Product' was detected as changed. Consider using 'DbContextOptionsBuilder.EnableSensitiveDataLogging' to see key values.
dbug: Microsoft.EntityFrameworkCore.ChangeTracking[10806]
      Context 'AppDbContext' started tracking 'ProductApplicationArea' entity. Consider using 'DbContextOptionsBuilder.EnableSensitiveDataLogging' to see key values.
dbug: Microsoft.EntityFrameworkCore.ChangeTracking[10805]
      The navigation 'ProductApplicationArea.ApplicationArea' was detected as changed. Consider using 'DbContextOptionsBuilder.EnableSensitiveDataLogging' to see key values.
dbug: Microsoft.EntityFrameworkCore.ChangeTracking[10805]
      The navigation 'ProductApplicationArea.Product' was detected as changed. Consider using 'DbContextOptionsBuilder.EnableSensitiveDataLogging' to see key values.
dbug: Microsoft.EntityFrameworkCore.ChangeTracking[10806]
      Context 'AppDbContext' started tracking 'ProductApplicationArea' entity. Consider using 'DbContextOptionsBuilder.EnableSensitiveDataLogging' to see key values.
dbug: Microsoft.EntityFrameworkCore.ChangeTracking[10805]
      The navigation 'ProductApplicationArea.ApplicationArea' was detected as changed. Consider using 'DbContextOptionsBuilder.EnableSensitiveDataLogging' to see key values.
dbug: Microsoft.EntityFrameworkCore.ChangeTracking[10805]
      The navigation 'ProductApplicationArea.Product' was detected as changed. Consider using 'DbContextOptionsBuilder.EnableSensitiveDataLogging' to see key values.
dbug: Microsoft.EntityFrameworkCore.ChangeTracking[10806]
      Context 'AppDbContext' started tracking 'ProductApplicationArea' entity. Consider using 'DbContextOptionsBuilder.EnableSensitiveDataLogging' to see key values.
dbug: Microsoft.EntityFrameworkCore.ChangeTracking[10805]
      The navigation 'ProductSpecification.Product' was detected as changed. Consider using 'DbContextOptionsBuilder.EnableSensitiveDataLogging' to see key values.
dbug: Microsoft.EntityFrameworkCore.ChangeTracking[10806]
      Context 'AppDbContext' started tracking 'ProductSpecification' entity. Consider using 'DbContextOptionsBuilder.EnableSensitiveDataLogging' to see key values.
dbug: Microsoft.EntityFrameworkCore.ChangeTracking[10805]
      The navigation 'ProductSpecification.Product' was detected as changed. Consider using 'DbContextOptionsBuilder.EnableSensitiveDataLogging' to see key values.
dbug: Microsoft.EntityFrameworkCore.ChangeTracking[10806]
      Context 'AppDbContext' started tracking 'ProductSpecification' entity. Consider using 'DbContextOptionsBuilder.EnableSensitiveDataLogging' to see key values.
dbug: Microsoft.EntityFrameworkCore.ChangeTracking[10805]
      The navigation 'ProductSpecification.Product' was detected as changed. Consider using 'DbContextOptionsBuilder.EnableSensitiveDataLogging' to see key values.
dbug: Microsoft.EntityFrameworkCore.ChangeTracking[10806]
      Context 'AppDbContext' started tracking 'ProductSpecification' entity. Consider using 'DbContextOptionsBuilder.EnableSensitiveDataLogging' to see key values.
dbug: Microsoft.EntityFrameworkCore.ChangeTracking[10805]
      The navigation 'ProductSpecification.Product' was detected as changed. Consider using 'DbContextOptionsBuilder.EnableSensitiveDataLogging' to see key values.
dbug: Microsoft.EntityFrameworkCore.ChangeTracking[10806]
      Context 'AppDbContext' started tracking 'ProductSpecification' entity. Consider using 'DbContextOptionsBuilder.EnableSensitiveDataLogging' to see key values.
dbug: Microsoft.EntityFrameworkCore.ChangeTracking[10805]
      The navigation 'ProductVariant.Product' was detected as changed. Consider using 'DbContextOptionsBuilder.EnableSensitiveDataLogging' to see key values.
dbug: Microsoft.EntityFrameworkCore.ChangeTracking[10806]
      Context 'AppDbContext' started tracking 'ProductVariant' entity. Consider using 'DbContextOptionsBuilder.EnableSensitiveDataLogging' to see key values.
dbug: Microsoft.EntityFrameworkCore.ChangeTracking[10805]
      The navigation 'ProductVariant.Product' was detected as changed. Consider using 'DbContextOptionsBuilder.EnableSensitiveDataLogging' to see key values.
dbug: Microsoft.EntityFrameworkCore.ChangeTracking[10806]
      Context 'AppDbContext' started tracking 'ProductVariant' entity. Consider using 'DbContextOptionsBuilder.EnableSensitiveDataLogging' to see key values.
dbug: Microsoft.EntityFrameworkCore.ChangeTracking[10805]
      The navigation 'Product.Category' was detected as changed. Consider using 'DbContextOptionsBuilder.EnableSensitiveDataLogging' to see key values.
dbug: Microsoft.EntityFrameworkCore.ChangeTracking[10806]
      Context 'AppDbContext' started tracking 'Product' entity. Consider using 'DbContextOptionsBuilder.EnableSensitiveDataLogging' to see key values.
dbug: Microsoft.EntityFrameworkCore.ChangeTracking[10805]
      The navigation 'ProductMedia.Product' was detected as changed. Consider using 'DbContextOptionsBuilder.EnableSensitiveDataLogging' to see key values.
dbug: Microsoft.EntityFrameworkCore.ChangeTracking[10806]
      Context 'AppDbContext' started tracking 'ProductMedia' entity. Consider using 'DbContextOptionsBuilder.EnableSensitiveDataLogging' to see key values.
dbug: Microsoft.EntityFrameworkCore.ChangeTracking[10805]
      The navigation 'ProductMedia.Product' was detected as changed. Consider using 'DbContextOptionsBuilder.EnableSensitiveDataLogging' to see key values.
dbug: Microsoft.EntityFrameworkCore.ChangeTracking[10806]
      Context 'AppDbContext' started tracking 'ProductMedia' entity. Consider using 'DbContextOptionsBuilder.EnableSensitiveDataLogging' to see key values.
dbug: Microsoft.EntityFrameworkCore.ChangeTracking[10805]
      The navigation 'ProductApplicationArea.ApplicationArea' was detected as changed. Consider using 'DbContextOptionsBuilder.EnableSensitiveDataLogging' to see key values.
dbug: Microsoft.EntityFrameworkCore.ChangeTracking[10805]
      The navigation 'ProductApplicationArea.Product' was detected as changed. Consider using 'DbContextOptionsBuilder.EnableSensitiveDataLogging' to see key values.
dbug: Microsoft.EntityFrameworkCore.ChangeTracking[10806]
      Context 'AppDbContext' started tracking 'ProductApplicationArea' entity. Consider using 'DbContextOptionsBuilder.EnableSensitiveDataLogging' to see key values.
dbug: Microsoft.EntityFrameworkCore.ChangeTracking[10805]
      The navigation 'ProductApplicationArea.ApplicationArea' was detected as changed. Consider using 'DbContextOptionsBuilder.EnableSensitiveDataLogging' to see key values.
dbug: Microsoft.EntityFrameworkCore.ChangeTracking[10805]
      The navigation 'ProductApplicationArea.Product' was detected as changed. Consider using 'DbContextOptionsBuilder.EnableSensitiveDataLogging' to see key values.
dbug: Microsoft.EntityFrameworkCore.ChangeTracking[10806]
      Context 'AppDbContext' started tracking 'ProductApplicationArea' entity. Consider using 'DbContextOptionsBuilder.EnableSensitiveDataLogging' to see key values.
dbug: Microsoft.EntityFrameworkCore.ChangeTracking[10805]
      The navigation 'ProductSpecification.Product' was detected as changed. Consider using 'DbContextOptionsBuilder.EnableSensitiveDataLogging' to see key values.
dbug: Microsoft.EntityFrameworkCore.ChangeTracking[10806]
      Context 'AppDbContext' started tracking 'ProductSpecification' entity. Consider using 'DbContextOptionsBuilder.EnableSensitiveDataLogging' to see key values.
dbug: Microsoft.EntityFrameworkCore.ChangeTracking[10805]
      The navigation 'ProductSpecification.Product' was detected as changed. Consider using 'DbContextOptionsBuilder.EnableSensitiveDataLogging' to see key values.
dbug: Microsoft.EntityFrameworkCore.ChangeTracking[10806]
      Context 'AppDbContext' started tracking 'ProductSpecification' entity. Consider using 'DbContextOptionsBuilder.EnableSensitiveDataLogging' to see key values.
dbug: Microsoft.EntityFrameworkCore.ChangeTracking[10805]
      The navigation 'ProductSpecification.Product' was detected as changed. Consider using 'DbContextOptionsBuilder.EnableSensitiveDataLogging' to see key values.
dbug: Microsoft.EntityFrameworkCore.ChangeTracking[10806]
      Context 'AppDbContext' started tracking 'ProductSpecification' entity. Consider using 'DbContextOptionsBuilder.EnableSensitiveDataLogging' to see key values.
dbug: Microsoft.EntityFrameworkCore.ChangeTracking[10805]
      The navigation 'ProductSpecification.Product' was detected as changed. Consider using 'DbContextOptionsBuilder.EnableSensitiveDataLogging' to see key values.
dbug: Microsoft.EntityFrameworkCore.ChangeTracking[10806]
      Context 'AppDbContext' started tracking 'ProductSpecification' entity. Consider using 'DbContextOptionsBuilder.EnableSensitiveDataLogging' to see key values.
dbug: Microsoft.EntityFrameworkCore.ChangeTracking[10805]
      The navigation 'ProductVariant.Product' was detected as changed. Consider using 'DbContextOptionsBuilder.EnableSensitiveDataLogging' to see key values.
dbug: Microsoft.EntityFrameworkCore.ChangeTracking[10806]
      Context 'AppDbContext' started tracking 'ProductVariant' entity. Consider using 'DbContextOptionsBuilder.EnableSensitiveDataLogging' to see key values.
dbug: Microsoft.EntityFrameworkCore.ChangeTracking[10805]
      The navigation 'ProductVariant.Product' was detected as changed. Consider using 'DbContextOptionsBuilder.EnableSensitiveDataLogging' to see key values.
dbug: Microsoft.EntityFrameworkCore.ChangeTracking[10806]
      Context 'AppDbContext' started tracking 'ProductVariant' entity. Consider using 'DbContextOptionsBuilder.EnableSensitiveDataLogging' to see key values.
dbug: Microsoft.EntityFrameworkCore.ChangeTracking[10805]
      The navigation 'ProductVariant.Product' was detected as changed. Consider using 'DbContextOptionsBuilder.EnableSensitiveDataLogging' to see key values.
dbug: Microsoft.EntityFrameworkCore.ChangeTracking[10806]
      Context 'AppDbContext' started tracking 'ProductVariant' entity. Consider using 'DbContextOptionsBuilder.EnableSensitiveDataLogging' to see key values.
dbug: Microsoft.EntityFrameworkCore.ChangeTracking[10805]
      The navigation 'Product.Category' was detected as changed. Consider using 'DbContextOptionsBuilder.EnableSensitiveDataLogging' to see key values.
dbug: Microsoft.EntityFrameworkCore.ChangeTracking[10806]
      Context 'AppDbContext' started tracking 'Product' entity. Consider using 'DbContextOptionsBuilder.EnableSensitiveDataLogging' to see key values.
dbug: Microsoft.EntityFrameworkCore.ChangeTracking[10805]
      The navigation 'ProductMedia.Product' was detected as changed. Consider using 'DbContextOptionsBuilder.EnableSensitiveDataLogging' to see key values.
dbug: Microsoft.EntityFrameworkCore.ChangeTracking[10806]
      Context 'AppDbContext' started tracking 'ProductMedia' entity. Consider using 'DbContextOptionsBuilder.EnableSensitiveDataLogging' to see key values.
dbug: Microsoft.EntityFrameworkCore.ChangeTracking[10805]
      The navigation 'ProductMedia.Product' was detected as changed. Consider using 'DbContextOptionsBuilder.EnableSensitiveDataLogging' to see key values.
dbug: Microsoft.EntityFrameworkCore.ChangeTracking[10806]
      Context 'AppDbContext' started tracking 'ProductMedia' entity. Consider using 'DbContextOptionsBuilder.EnableSensitiveDataLogging' to see key values.
dbug: Microsoft.EntityFrameworkCore.ChangeTracking[10805]
      The navigation 'ProductApplicationArea.ApplicationArea' was detected as changed. Consider using 'DbContextOptionsBuilder.EnableSensitiveDataLogging' to see key values.
dbug: Microsoft.EntityFrameworkCore.ChangeTracking[10805]
      The navigation 'ProductApplicationArea.Product' was detected as changed. Consider using 'DbContextOptionsBuilder.EnableSensitiveDataLogging' to see key values.
dbug: Microsoft.EntityFrameworkCore.ChangeTracking[10806]
      Context 'AppDbContext' started tracking 'ProductApplicationArea' entity. Consider using 'DbContextOptionsBuilder.EnableSensitiveDataLogging' to see key values.
dbug: Microsoft.EntityFrameworkCore.ChangeTracking[10805]
      The navigation 'ProductApplicationArea.ApplicationArea' was detected as changed. Consider using 'DbContextOptionsBuilder.EnableSensitiveDataLogging' to see key values.
dbug: Microsoft.EntityFrameworkCore.ChangeTracking[10805]
      The navigation 'ProductApplicationArea.Product' was detected as changed. Consider using 'DbContextOptionsBuilder.EnableSensitiveDataLogging' to see key values.
dbug: Microsoft.EntityFrameworkCore.ChangeTracking[10806]
      Context 'AppDbContext' started tracking 'ProductApplicationArea' entity. Consider using 'DbContextOptionsBuilder.EnableSensitiveDataLogging' to see key values.
dbug: Microsoft.EntityFrameworkCore.ChangeTracking[10805]
      The navigation 'ProductApplicationArea.ApplicationArea' was detected as changed. Consider using 'DbContextOptionsBuilder.EnableSensitiveDataLogging' to see key values.
dbug: Microsoft.EntityFrameworkCore.ChangeTracking[10805]
      The navigation 'ProductApplicationArea.Product' was detected as changed. Consider using 'DbContextOptionsBuilder.EnableSensitiveDataLogging' to see key values.
dbug: Microsoft.EntityFrameworkCore.ChangeTracking[10806]
      Context 'AppDbContext' started tracking 'ProductApplicationArea' entity. Consider using 'DbContextOptionsBuilder.EnableSensitiveDataLogging' to see key values.
dbug: Microsoft.EntityFrameworkCore.ChangeTracking[10805]
      The navigation 'ProductSpecification.Product' was detected as changed. Consider using 'DbContextOptionsBuilder.EnableSensitiveDataLogging' to see key values.
dbug: Microsoft.EntityFrameworkCore.ChangeTracking[10806]
      Context 'AppDbContext' started tracking 'ProductSpecification' entity. Consider using 'DbContextOptionsBuilder.EnableSensitiveDataLogging' to see key values.
dbug: Microsoft.EntityFrameworkCore.ChangeTracking[10805]
      The navigation 'ProductSpecification.Product' was detected as changed. Consider using 'DbContextOptionsBuilder.EnableSensitiveDataLogging' to see key values.
dbug: Microsoft.EntityFrameworkCore.ChangeTracking[10806]
      Context 'AppDbContext' started tracking 'ProductSpecification' entity. Consider using 'DbContextOptionsBuilder.EnableSensitiveDataLogging' to see key values.
dbug: Microsoft.EntityFrameworkCore.ChangeTracking[10805]
      The navigation 'ProductSpecification.Product' was detected as changed. Consider using 'DbContextOptionsBuilder.EnableSensitiveDataLogging' to see key values.
dbug: Microsoft.EntityFrameworkCore.ChangeTracking[10806]
      Context 'AppDbContext' started tracking 'ProductSpecification' entity. Consider using 'DbContextOptionsBuilder.EnableSensitiveDataLogging' to see key values.
dbug: Microsoft.EntityFrameworkCore.ChangeTracking[10805]
      The navigation 'ProductSpecification.Product' was detected as changed. Consider using 'DbContextOptionsBuilder.EnableSensitiveDataLogging' to see key values.
dbug: Microsoft.EntityFrameworkCore.ChangeTracking[10806]
      Context 'AppDbContext' started tracking 'ProductSpecification' entity. Consider using 'DbContextOptionsBuilder.EnableSensitiveDataLogging' to see key values.
dbug: Microsoft.EntityFrameworkCore.ChangeTracking[10805]
      The navigation 'ProductSpecification.Product' was detected as changed. Consider using 'DbContextOptionsBuilder.EnableSensitiveDataLogging' to see key values.
dbug: Microsoft.EntityFrameworkCore.ChangeTracking[10806]
      Context 'AppDbContext' started tracking 'ProductSpecification' entity. Consider using 'DbContextOptionsBuilder.EnableSensitiveDataLogging' to see key values.
dbug: Microsoft.EntityFrameworkCore.ChangeTracking[10805]
      The navigation 'ProductVariant.Product' was detected as changed. Consider using 'DbContextOptionsBuilder.EnableSensitiveDataLogging' to see key values.
dbug: Microsoft.EntityFrameworkCore.ChangeTracking[10806]
      Context 'AppDbContext' started tracking 'ProductVariant' entity. Consider using 'DbContextOptionsBuilder.EnableSensitiveDataLogging' to see key values.
dbug: Microsoft.EntityFrameworkCore.ChangeTracking[10805]
      The navigation 'ProductVariant.Product' was detected as changed. Consider using 'DbContextOptionsBuilder.EnableSensitiveDataLogging' to see key values.
dbug: Microsoft.EntityFrameworkCore.ChangeTracking[10806]
      Context 'AppDbContext' started tracking 'ProductVariant' entity. Consider using 'DbContextOptionsBuilder.EnableSensitiveDataLogging' to see key values.
dbug: Microsoft.EntityFrameworkCore.ChangeTracking[10805]
      The navigation 'Product.Category' was detected as changed. Consider using 'DbContextOptionsBuilder.EnableSensitiveDataLogging' to see key values.
dbug: Microsoft.EntityFrameworkCore.ChangeTracking[10806]
      Context 'AppDbContext' started tracking 'Product' entity. Consider using 'DbContextOptionsBuilder.EnableSensitiveDataLogging' to see key values.
dbug: Microsoft.EntityFrameworkCore.ChangeTracking[10805]
      The navigation 'ProductMedia.Product' was detected as changed. Consider using 'DbContextOptionsBuilder.EnableSensitiveDataLogging' to see key values.
dbug: Microsoft.EntityFrameworkCore.ChangeTracking[10806]
      Context 'AppDbContext' started tracking 'ProductMedia' entity. Consider using 'DbContextOptionsBuilder.EnableSensitiveDataLogging' to see key values.
dbug: Microsoft.EntityFrameworkCore.ChangeTracking[10805]
      The navigation 'ProductMedia.Product' was detected as changed. Consider using 'DbContextOptionsBuilder.EnableSensitiveDataLogging' to see key values.
dbug: Microsoft.EntityFrameworkCore.ChangeTracking[10806]
      Context 'AppDbContext' started tracking 'ProductMedia' entity. Consider using 'DbContextOptionsBuilder.EnableSensitiveDataLogging' to see key values.
dbug: Microsoft.EntityFrameworkCore.ChangeTracking[10805]
      The navigation 'ProductApplicationArea.ApplicationArea' was detected as changed. Consider using 'DbContextOptionsBuilder.EnableSensitiveDataLogging' to see key values.
dbug: Microsoft.EntityFrameworkCore.ChangeTracking[10805]
      The navigation 'ProductApplicationArea.Product' was detected as changed. Consider using 'DbContextOptionsBuilder.EnableSensitiveDataLogging' to see key values.
dbug: Microsoft.EntityFrameworkCore.ChangeTracking[10806]
      Context 'AppDbContext' started tracking 'ProductApplicationArea' entity. Consider using 'DbContextOptionsBuilder.EnableSensitiveDataLogging' to see key values.
dbug: Microsoft.EntityFrameworkCore.ChangeTracking[10805]
      The navigation 'ProductApplicationArea.ApplicationArea' was detected as changed. Consider using 'DbContextOptionsBuilder.EnableSensitiveDataLogging' to see key values.
dbug: Microsoft.EntityFrameworkCore.ChangeTracking[10805]
      The navigation 'ProductApplicationArea.Product' was detected as changed. Consider using 'DbContextOptionsBuilder.EnableSensitiveDataLogging' to see key values.
dbug: Microsoft.EntityFrameworkCore.ChangeTracking[10806]
      Context 'AppDbContext' started tracking 'ProductApplicationArea' entity. Consider using 'DbContextOptionsBuilder.EnableSensitiveDataLogging' to see key values.
dbug: Microsoft.EntityFrameworkCore.ChangeTracking[10805]
      The navigation 'ProductApplicationArea.ApplicationArea' was detected as changed. Consider using 'DbContextOptionsBuilder.EnableSensitiveDataLogging' to see key values.
dbug: Microsoft.EntityFrameworkCore.ChangeTracking[10805]
      The navigation 'ProductApplicationArea.Product' was detected as changed. Consider using 'DbContextOptionsBuilder.EnableSensitiveDataLogging' to see key values.
dbug: Microsoft.EntityFrameworkCore.ChangeTracking[10806]
      Context 'AppDbContext' started tracking 'ProductApplicationArea' entity. Consider using 'DbContextOptionsBuilder.EnableSensitiveDataLogging' to see key values.
dbug: Microsoft.EntityFrameworkCore.ChangeTracking[10805]
      The navigation 'ProductSpecification.Product' was detected as changed. Consider using 'DbContextOptionsBuilder.EnableSensitiveDataLogging' to see key values.
dbug: Microsoft.EntityFrameworkCore.ChangeTracking[10806]
      Context 'AppDbContext' started tracking 'ProductSpecification' entity. Consider using 'DbContextOptionsBuilder.EnableSensitiveDataLogging' to see key values.
dbug: Microsoft.EntityFrameworkCore.ChangeTracking[10805]
      The navigation 'ProductSpecification.Product' was detected as changed. Consider using 'DbContextOptionsBuilder.EnableSensitiveDataLogging' to see key values.
dbug: Microsoft.EntityFrameworkCore.ChangeTracking[10806]
      Context 'AppDbContext' started tracking 'ProductSpecification' entity. Consider using 'DbContextOptionsBuilder.EnableSensitiveDataLogging' to see key values.
dbug: Microsoft.EntityFrameworkCore.ChangeTracking[10805]
      The navigation 'ProductSpecification.Product' was detected as changed. Consider using 'DbContextOptionsBuilder.EnableSensitiveDataLogging' to see key values.
dbug: Microsoft.EntityFrameworkCore.ChangeTracking[10806]
      Context 'AppDbContext' started tracking 'ProductSpecification' entity. Consider using 'DbContextOptionsBuilder.EnableSensitiveDataLogging' to see key values.
dbug: Microsoft.EntityFrameworkCore.ChangeTracking[10805]
      The navigation 'ProductSpecification.Product' was detected as changed. Consider using 'DbContextOptionsBuilder.EnableSensitiveDataLogging' to see key values.
dbug: Microsoft.EntityFrameworkCore.ChangeTracking[10806]
      Context 'AppDbContext' started tracking 'ProductSpecification' entity. Consider using 'DbContextOptionsBuilder.EnableSensitiveDataLogging' to see key values.
dbug: Microsoft.EntityFrameworkCore.ChangeTracking[10805]
      The navigation 'ProductVariant.Product' was detected as changed. Consider using 'DbContextOptionsBuilder.EnableSensitiveDataLogging' to see key values.
dbug: Microsoft.EntityFrameworkCore.ChangeTracking[10806]
      Context 'AppDbContext' started tracking 'ProductVariant' entity. Consider using 'DbContextOptionsBuilder.EnableSensitiveDataLogging' to see key values.
dbug: Microsoft.EntityFrameworkCore.ChangeTracking[10805]
      The navigation 'ProductVariant.Product' was detected as changed. Consider using 'DbContextOptionsBuilder.EnableSensitiveDataLogging' to see key values.
dbug: Microsoft.EntityFrameworkCore.ChangeTracking[10806]
      Context 'AppDbContext' started tracking 'ProductVariant' entity. Consider using 'DbContextOptionsBuilder.EnableSensitiveDataLogging' to see key values.
dbug: Microsoft.EntityFrameworkCore.ChangeTracking[10805]
      The navigation 'Product.Category' was detected as changed. Consider using 'DbContextOptionsBuilder.EnableSensitiveDataLogging' to see key values.
dbug: Microsoft.EntityFrameworkCore.ChangeTracking[10806]
      Context 'AppDbContext' started tracking 'Product' entity. Consider using 'DbContextOptionsBuilder.EnableSensitiveDataLogging' to see key values.
dbug: Microsoft.EntityFrameworkCore.ChangeTracking[10805]
      The navigation 'ProductMedia.Product' was detected as changed. Consider using 'DbContextOptionsBuilder.EnableSensitiveDataLogging' to see key values.
dbug: Microsoft.EntityFrameworkCore.ChangeTracking[10806]
      Context 'AppDbContext' started tracking 'ProductMedia' entity. Consider using 'DbContextOptionsBuilder.EnableSensitiveDataLogging' to see key values.
dbug: Microsoft.EntityFrameworkCore.ChangeTracking[10805]
      The navigation 'ProductMedia.Product' was detected as changed. Consider using 'DbContextOptionsBuilder.EnableSensitiveDataLogging' to see key values.
dbug: Microsoft.EntityFrameworkCore.ChangeTracking[10806]
      Context 'AppDbContext' started tracking 'ProductMedia' entity. Consider using 'DbContextOptionsBuilder.EnableSensitiveDataLogging' to see key values.
dbug: Microsoft.EntityFrameworkCore.ChangeTracking[10805]
      The navigation 'ProductApplicationArea.ApplicationArea' was detected as changed. Consider using 'DbContextOptionsBuilder.EnableSensitiveDataLogging' to see key values.
dbug: Microsoft.EntityFrameworkCore.ChangeTracking[10805]
      The navigation 'ProductApplicationArea.Product' was detected as changed. Consider using 'DbContextOptionsBuilder.EnableSensitiveDataLogging' to see key values.
dbug: Microsoft.EntityFrameworkCore.ChangeTracking[10806]
      Context 'AppDbContext' started tracking 'ProductApplicationArea' entity. Consider using 'DbContextOptionsBuilder.EnableSensitiveDataLogging' to see key values.
dbug: Microsoft.EntityFrameworkCore.ChangeTracking[10805]
      The navigation 'ProductApplicationArea.ApplicationArea' was detected as changed. Consider using 'DbContextOptionsBuilder.EnableSensitiveDataLogging' to see key values.
dbug: Microsoft.EntityFrameworkCore.ChangeTracking[10805]
      The navigation 'ProductApplicationArea.Product' was detected as changed. Consider using 'DbContextOptionsBuilder.EnableSensitiveDataLogging' to see key values.
dbug: Microsoft.EntityFrameworkCore.ChangeTracking[10806]
      Context 'AppDbContext' started tracking 'ProductApplicationArea' entity. Consider using 'DbContextOptionsBuilder.EnableSensitiveDataLogging' to see key values.
dbug: Microsoft.EntityFrameworkCore.ChangeTracking[10805]
      The navigation 'ProductSpecification.Product' was detected as changed. Consider using 'DbContextOptionsBuilder.EnableSensitiveDataLogging' to see key values.
dbug: Microsoft.EntityFrameworkCore.ChangeTracking[10806]
      Context 'AppDbContext' started tracking 'ProductSpecification' entity. Consider using 'DbContextOptionsBuilder.EnableSensitiveDataLogging' to see key values.
dbug: Microsoft.EntityFrameworkCore.ChangeTracking[10805]
      The navigation 'ProductSpecification.Product' was detected as changed. Consider using 'DbContextOptionsBuilder.EnableSensitiveDataLogging' to see key values.
dbug: Microsoft.EntityFrameworkCore.ChangeTracking[10806]
      Context 'AppDbContext' started tracking 'ProductSpecification' entity. Consider using 'DbContextOptionsBuilder.EnableSensitiveDataLogging' to see key values.
dbug: Microsoft.EntityFrameworkCore.ChangeTracking[10805]
      The navigation 'ProductSpecification.Product' was detected as changed. Consider using 'DbContextOptionsBuilder.EnableSensitiveDataLogging' to see key values.
dbug: Microsoft.EntityFrameworkCore.ChangeTracking[10806]
      Context 'AppDbContext' started tracking 'ProductSpecification' entity. Consider using 'DbContextOptionsBuilder.EnableSensitiveDataLogging' to see key values.
dbug: Microsoft.EntityFrameworkCore.ChangeTracking[10805]
      The navigation 'ProductSpecification.Product' was detected as changed. Consider using 'DbContextOptionsBuilder.EnableSensitiveDataLogging' to see key values.
dbug: Microsoft.EntityFrameworkCore.ChangeTracking[10806]
      Context 'AppDbContext' started tracking 'ProductSpecification' entity. Consider using 'DbContextOptionsBuilder.EnableSensitiveDataLogging' to see key values.
dbug: Microsoft.EntityFrameworkCore.ChangeTracking[10805]
      The navigation 'ProductVariant.Product' was detected as changed. Consider using 'DbContextOptionsBuilder.EnableSensitiveDataLogging' to see key values.
dbug: Microsoft.EntityFrameworkCore.ChangeTracking[10806]
      Context 'AppDbContext' started tracking 'ProductVariant' entity. Consider using 'DbContextOptionsBuilder.EnableSensitiveDataLogging' to see key values.
dbug: Microsoft.EntityFrameworkCore.ChangeTracking[10805]
      The navigation 'ProductVariant.Product' was detected as changed. Consider using 'DbContextOptionsBuilder.EnableSensitiveDataLogging' to see key values.
dbug: Microsoft.EntityFrameworkCore.ChangeTracking[10806]
      Context 'AppDbContext' started tracking 'ProductVariant' entity. Consider using 'DbContextOptionsBuilder.EnableSensitiveDataLogging' to see key values.
dbug: Microsoft.EntityFrameworkCore.ChangeTracking[10805]
      The navigation 'ProductVariant.Product' was detected as changed. Consider using 'DbContextOptionsBuilder.EnableSensitiveDataLogging' to see key values.
dbug: Microsoft.EntityFrameworkCore.ChangeTracking[10806]
      Context 'AppDbContext' started tracking 'ProductVariant' entity. Consider using 'DbContextOptionsBuilder.EnableSensitiveDataLogging' to see key values.
dbug: Microsoft.EntityFrameworkCore.ChangeTracking[10805]
      The navigation 'Product.Category' was detected as changed. Consider using 'DbContextOptionsBuilder.EnableSensitiveDataLogging' to see key values.
dbug: Microsoft.EntityFrameworkCore.ChangeTracking[10806]
      Context 'AppDbContext' started tracking 'Product' entity. Consider using 'DbContextOptionsBuilder.EnableSensitiveDataLogging' to see key values.
dbug: Microsoft.EntityFrameworkCore.ChangeTracking[10805]
      The navigation 'ProductMedia.Product' was detected as changed. Consider using 'DbContextOptionsBuilder.EnableSensitiveDataLogging' to see key values.
dbug: Microsoft.EntityFrameworkCore.ChangeTracking[10806]
      Context 'AppDbContext' started tracking 'ProductMedia' entity. Consider using 'DbContextOptionsBuilder.EnableSensitiveDataLogging' to see key values.
dbug: Microsoft.EntityFrameworkCore.ChangeTracking[10805]
      The navigation 'ProductMedia.Product' was detected as changed. Consider using 'DbContextOptionsBuilder.EnableSensitiveDataLogging' to see key values.
dbug: Microsoft.EntityFrameworkCore.ChangeTracking[10806]
      Context 'AppDbContext' started tracking 'ProductMedia' entity. Consider using 'DbContextOptionsBuilder.EnableSensitiveDataLogging' to see key values.
dbug: Microsoft.EntityFrameworkCore.ChangeTracking[10805]
      The navigation 'ProductApplicationArea.ApplicationArea' was detected as changed. Consider using 'DbContextOptionsBuilder.EnableSensitiveDataLogging' to see key values.
dbug: Microsoft.EntityFrameworkCore.ChangeTracking[10805]
      The navigation 'ProductApplicationArea.Product' was detected as changed. Consider using 'DbContextOptionsBuilder.EnableSensitiveDataLogging' to see key values.
dbug: Microsoft.EntityFrameworkCore.ChangeTracking[10806]
      Context 'AppDbContext' started tracking 'ProductApplicationArea' entity. Consider using 'DbContextOptionsBuilder.EnableSensitiveDataLogging' to see key values.
dbug: Microsoft.EntityFrameworkCore.ChangeTracking[10805]
      The navigation 'ProductApplicationArea.ApplicationArea' was detected as changed. Consider using 'DbContextOptionsBuilder.EnableSensitiveDataLogging' to see key values.
dbug: Microsoft.EntityFrameworkCore.ChangeTracking[10805]
      The navigation 'ProductApplicationArea.Product' was detected as changed. Consider using 'DbContextOptionsBuilder.EnableSensitiveDataLogging' to see key values.
dbug: Microsoft.EntityFrameworkCore.ChangeTracking[10806]
      Context 'AppDbContext' started tracking 'ProductApplicationArea' entity. Consider using 'DbContextOptionsBuilder.EnableSensitiveDataLogging' to see key values.
dbug: Microsoft.EntityFrameworkCore.ChangeTracking[10805]
      The navigation 'ProductApplicationArea.ApplicationArea' was detected as changed. Consider using 'DbContextOptionsBuilder.EnableSensitiveDataLogging' to see key values.
dbug: Microsoft.EntityFrameworkCore.ChangeTracking[10805]
      The navigation 'ProductApplicationArea.Product' was detected as changed. Consider using 'DbContextOptionsBuilder.EnableSensitiveDataLogging' to see key values.
dbug: Microsoft.EntityFrameworkCore.ChangeTracking[10806]
      Context 'AppDbContext' started tracking 'ProductApplicationArea' entity. Consider using 'DbContextOptionsBuilder.EnableSensitiveDataLogging' to see key values.
dbug: Microsoft.EntityFrameworkCore.ChangeTracking[10805]
      The navigation 'ProductSpecification.Product' was detected as changed. Consider using 'DbContextOptionsBuilder.EnableSensitiveDataLogging' to see key values.
dbug: Microsoft.EntityFrameworkCore.ChangeTracking[10806]
      Context 'AppDbContext' started tracking 'ProductSpecification' entity. Consider using 'DbContextOptionsBuilder.EnableSensitiveDataLogging' to see key values.
dbug: Microsoft.EntityFrameworkCore.ChangeTracking[10805]
      The navigation 'ProductSpecification.Product' was detected as changed. Consider using 'DbContextOptionsBuilder.EnableSensitiveDataLogging' to see key values.
dbug: Microsoft.EntityFrameworkCore.ChangeTracking[10806]
      Context 'AppDbContext' started tracking 'ProductSpecification' entity. Consider using 'DbContextOptionsBuilder.EnableSensitiveDataLogging' to see key values.
dbug: Microsoft.EntityFrameworkCore.ChangeTracking[10805]
      The navigation 'ProductSpecification.Product' was detected as changed. Consider using 'DbContextOptionsBuilder.EnableSensitiveDataLogging' to see key values.
dbug: Microsoft.EntityFrameworkCore.ChangeTracking[10806]
      Context 'AppDbContext' started tracking 'ProductSpecification' entity. Consider using 'DbContextOptionsBuilder.EnableSensitiveDataLogging' to see key values.
dbug: Microsoft.EntityFrameworkCore.ChangeTracking[10805]
      The navigation 'ProductSpecification.Product' was detected as changed. Consider using 'DbContextOptionsBuilder.EnableSensitiveDataLogging' to see key values.
dbug: Microsoft.EntityFrameworkCore.ChangeTracking[10806]
      Context 'AppDbContext' started tracking 'ProductSpecification' entity. Consider using 'DbContextOptionsBuilder.EnableSensitiveDataLogging' to see key values.
dbug: Microsoft.EntityFrameworkCore.ChangeTracking[10805]
      The navigation 'ProductVariant.Product' was detected as changed. Consider using 'DbContextOptionsBuilder.EnableSensitiveDataLogging' to see key values.
dbug: Microsoft.EntityFrameworkCore.ChangeTracking[10806]
      Context 'AppDbContext' started tracking 'ProductVariant' entity. Consider using 'DbContextOptionsBuilder.EnableSensitiveDataLogging' to see key values.
dbug: Microsoft.EntityFrameworkCore.ChangeTracking[10805]
      The navigation 'ProductVariant.Product' was detected as changed. Consider using 'DbContextOptionsBuilder.EnableSensitiveDataLogging' to see key values.
dbug: Microsoft.EntityFrameworkCore.ChangeTracking[10806]
      Context 'AppDbContext' started tracking 'ProductVariant' entity. Consider using 'DbContextOptionsBuilder.EnableSensitiveDataLogging' to see key values.
dbug: Microsoft.EntityFrameworkCore.ChangeTracking[10805]
      The navigation 'Product.Category' was detected as changed. Consider using 'DbContextOptionsBuilder.EnableSensitiveDataLogging' to see key values.
dbug: Microsoft.EntityFrameworkCore.ChangeTracking[10806]
      Context 'AppDbContext' started tracking 'Product' entity. Consider using 'DbContextOptionsBuilder.EnableSensitiveDataLogging' to see key values.
dbug: Microsoft.EntityFrameworkCore.ChangeTracking[10805]
      The navigation 'ProductMedia.Product' was detected as changed. Consider using 'DbContextOptionsBuilder.EnableSensitiveDataLogging' to see key values.
dbug: Microsoft.EntityFrameworkCore.ChangeTracking[10806]
      Context 'AppDbContext' started tracking 'ProductMedia' entity. Consider using 'DbContextOptionsBuilder.EnableSensitiveDataLogging' to see key values.
dbug: Microsoft.EntityFrameworkCore.ChangeTracking[10805]
      The navigation 'ProductMedia.Product' was detected as changed. Consider using 'DbContextOptionsBuilder.EnableSensitiveDataLogging' to see key values.
dbug: Microsoft.EntityFrameworkCore.ChangeTracking[10806]
      Context 'AppDbContext' started tracking 'ProductMedia' entity. Consider using 'DbContextOptionsBuilder.EnableSensitiveDataLogging' to see key values.
dbug: Microsoft.EntityFrameworkCore.ChangeTracking[10805]
      The navigation 'ProductApplicationArea.ApplicationArea' was detected as changed. Consider using 'DbContextOptionsBuilder.EnableSensitiveDataLogging' to see key values.
dbug: Microsoft.EntityFrameworkCore.ChangeTracking[10805]
      The navigation 'ProductApplicationArea.Product' was detected as changed. Consider using 'DbContextOptionsBuilder.EnableSensitiveDataLogging' to see key values.
dbug: Microsoft.EntityFrameworkCore.ChangeTracking[10806]
      Context 'AppDbContext' started tracking 'ProductApplicationArea' entity. Consider using 'DbContextOptionsBuilder.EnableSensitiveDataLogging' to see key values.
dbug: Microsoft.EntityFrameworkCore.ChangeTracking[10805]
      The navigation 'ProductApplicationArea.ApplicationArea' was detected as changed. Consider using 'DbContextOptionsBuilder.EnableSensitiveDataLogging' to see key values.
dbug: Microsoft.EntityFrameworkCore.ChangeTracking[10805]
      The navigation 'ProductApplicationArea.Product' was detected as changed. Consider using 'DbContextOptionsBuilder.EnableSensitiveDataLogging' to see key values.
dbug: Microsoft.EntityFrameworkCore.ChangeTracking[10806]
      Context 'AppDbContext' started tracking 'ProductApplicationArea' entity. Consider using 'DbContextOptionsBuilder.EnableSensitiveDataLogging' to see key values.
dbug: Microsoft.EntityFrameworkCore.ChangeTracking[10805]
      The navigation 'ProductApplicationArea.ApplicationArea' was detected as changed. Consider using 'DbContextOptionsBuilder.EnableSensitiveDataLogging' to see key values.
dbug: Microsoft.EntityFrameworkCore.ChangeTracking[10805]
      The navigation 'ProductApplicationArea.Product' was detected as changed. Consider using 'DbContextOptionsBuilder.EnableSensitiveDataLogging' to see key values.
dbug: Microsoft.EntityFrameworkCore.ChangeTracking[10806]
      Context 'AppDbContext' started tracking 'ProductApplicationArea' entity. Consider using 'DbContextOptionsBuilder.EnableSensitiveDataLogging' to see key values.
dbug: Microsoft.EntityFrameworkCore.ChangeTracking[10805]
      The navigation 'ProductSpecification.Product' was detected as changed. Consider using 'DbContextOptionsBuilder.EnableSensitiveDataLogging' to see key values.
dbug: Microsoft.EntityFrameworkCore.ChangeTracking[10806]
      Context 'AppDbContext' started tracking 'ProductSpecification' entity. Consider using 'DbContextOptionsBuilder.EnableSensitiveDataLogging' to see key values.
dbug: Microsoft.EntityFrameworkCore.ChangeTracking[10805]
      The navigation 'ProductSpecification.Product' was detected as changed. Consider using 'DbContextOptionsBuilder.EnableSensitiveDataLogging' to see key values.
dbug: Microsoft.EntityFrameworkCore.ChangeTracking[10806]
      Context 'AppDbContext' started tracking 'ProductSpecification' entity. Consider using 'DbContextOptionsBuilder.EnableSensitiveDataLogging' to see key values.
dbug: Microsoft.EntityFrameworkCore.ChangeTracking[10805]
      The navigation 'ProductSpecification.Product' was detected as changed. Consider using 'DbContextOptionsBuilder.EnableSensitiveDataLogging' to see key values.
dbug: Microsoft.EntityFrameworkCore.ChangeTracking[10806]
      Context 'AppDbContext' started tracking 'ProductSpecification' entity. Consider using 'DbContextOptionsBuilder.EnableSensitiveDataLogging' to see key values.
dbug: Microsoft.EntityFrameworkCore.ChangeTracking[10805]
      The navigation 'ProductSpecification.Product' was detected as changed. Consider using 'DbContextOptionsBuilder.EnableSensitiveDataLogging' to see key values.
dbug: Microsoft.EntityFrameworkCore.ChangeTracking[10806]
      Context 'AppDbContext' started tracking 'ProductSpecification' entity. Consider using 'DbContextOptionsBuilder.EnableSensitiveDataLogging' to see key values.
dbug: Microsoft.EntityFrameworkCore.ChangeTracking[10805]
      The navigation 'ProductSpecification.Product' was detected as changed. Consider using 'DbContextOptionsBuilder.EnableSensitiveDataLogging' to see key values.
dbug: Microsoft.EntityFrameworkCore.ChangeTracking[10806]
      Context 'AppDbContext' started tracking 'ProductSpecification' entity. Consider using 'DbContextOptionsBuilder.EnableSensitiveDataLogging' to see key values.
dbug: Microsoft.EntityFrameworkCore.ChangeTracking[10805]
      The navigation 'ProductVariant.Product' was detected as changed. Consider using 'DbContextOptionsBuilder.EnableSensitiveDataLogging' to see key values.
dbug: Microsoft.EntityFrameworkCore.ChangeTracking[10806]
      Context 'AppDbContext' started tracking 'ProductVariant' entity. Consider using 'DbContextOptionsBuilder.EnableSensitiveDataLogging' to see key values.
dbug: Microsoft.EntityFrameworkCore.ChangeTracking[10805]
      The navigation 'ProductVariant.Product' was detected as changed. Consider using 'DbContextOptionsBuilder.EnableSensitiveDataLogging' to see key values.
dbug: Microsoft.EntityFrameworkCore.ChangeTracking[10806]
      Context 'AppDbContext' started tracking 'ProductVariant' entity. Consider using 'DbContextOptionsBuilder.EnableSensitiveDataLogging' to see key values.
dbug: Microsoft.EntityFrameworkCore.ChangeTracking[10805]
      The navigation 'ProductVariant.Product' was detected as changed. Consider using 'DbContextOptionsBuilder.EnableSensitiveDataLogging' to see key values.
dbug: Microsoft.EntityFrameworkCore.ChangeTracking[10806]
      Context 'AppDbContext' started tracking 'ProductVariant' entity. Consider using 'DbContextOptionsBuilder.EnableSensitiveDataLogging' to see key values.
dbug: Microsoft.EntityFrameworkCore.ChangeTracking[10805]
      The navigation 'Product.Category' was detected as changed. Consider using 'DbContextOptionsBuilder.EnableSensitiveDataLogging' to see key values.
dbug: Microsoft.EntityFrameworkCore.ChangeTracking[10806]
      Context 'AppDbContext' started tracking 'Product' entity. Consider using 'DbContextOptionsBuilder.EnableSensitiveDataLogging' to see key values.
dbug: Microsoft.EntityFrameworkCore.ChangeTracking[10805]
      The navigation 'ProductMedia.Product' was detected as changed. Consider using 'DbContextOptionsBuilder.EnableSensitiveDataLogging' to see key values.
dbug: Microsoft.EntityFrameworkCore.ChangeTracking[10806]
      Context 'AppDbContext' started tracking 'ProductMedia' entity. Consider using 'DbContextOptionsBuilder.EnableSensitiveDataLogging' to see key values.
dbug: Microsoft.EntityFrameworkCore.ChangeTracking[10805]
      The navigation 'ProductMedia.Product' was detected as changed. Consider using 'DbContextOptionsBuilder.EnableSensitiveDataLogging' to see key values.
dbug: Microsoft.EntityFrameworkCore.ChangeTracking[10806]
      Context 'AppDbContext' started tracking 'ProductMedia' entity. Consider using 'DbContextOptionsBuilder.EnableSensitiveDataLogging' to see key values.
dbug: Microsoft.EntityFrameworkCore.ChangeTracking[10805]
      The navigation 'ProductMedia.Product' was detected as changed. Consider using 'DbContextOptionsBuilder.EnableSensitiveDataLogging' to see key values.
dbug: Microsoft.EntityFrameworkCore.ChangeTracking[10806]
      Context 'AppDbContext' started tracking 'ProductMedia' entity. Consider using 'DbContextOptionsBuilder.EnableSensitiveDataLogging' to see key values.
dbug: Microsoft.EntityFrameworkCore.ChangeTracking[10805]
      The navigation 'ProductMedia.Product' was detected as changed. Consider using 'DbContextOptionsBuilder.EnableSensitiveDataLogging' to see key values.
dbug: Microsoft.EntityFrameworkCore.ChangeTracking[10806]
      Context 'AppDbContext' started tracking 'ProductMedia' entity. Consider using 'DbContextOptionsBuilder.EnableSensitiveDataLogging' to see key values.
dbug: Microsoft.EntityFrameworkCore.ChangeTracking[10805]
      The navigation 'ProductApplicationArea.ApplicationArea' was detected as changed. Consider using 'DbContextOptionsBuilder.EnableSensitiveDataLogging' to see key values.
dbug: Microsoft.EntityFrameworkCore.ChangeTracking[10805]
      The navigation 'ProductApplicationArea.Product' was detected as changed. Consider using 'DbContextOptionsBuilder.EnableSensitiveDataLogging' to see key values.
dbug: Microsoft.EntityFrameworkCore.ChangeTracking[10806]
      Context 'AppDbContext' started tracking 'ProductApplicationArea' entity. Consider using 'DbContextOptionsBuilder.EnableSensitiveDataLogging' to see key values.
dbug: Microsoft.EntityFrameworkCore.ChangeTracking[10805]
      The navigation 'ProductApplicationArea.ApplicationArea' was detected as changed. Consider using 'DbContextOptionsBuilder.EnableSensitiveDataLogging' to see key values.
dbug: Microsoft.EntityFrameworkCore.ChangeTracking[10805]
      The navigation 'ProductApplicationArea.Product' was detected as changed. Consider using 'DbContextOptionsBuilder.EnableSensitiveDataLogging' to see key values.
dbug: Microsoft.EntityFrameworkCore.ChangeTracking[10806]
      Context 'AppDbContext' started tracking 'ProductApplicationArea' entity. Consider using 'DbContextOptionsBuilder.EnableSensitiveDataLogging' to see key values.
dbug: Microsoft.EntityFrameworkCore.ChangeTracking[10805]
      The navigation 'ProductApplicationArea.ApplicationArea' was detected as changed. Consider using 'DbContextOptionsBuilder.EnableSensitiveDataLogging' to see key values.
dbug: Microsoft.EntityFrameworkCore.ChangeTracking[10805]
      The navigation 'ProductApplicationArea.Product' was detected as changed. Consider using 'DbContextOptionsBuilder.EnableSensitiveDataLogging' to see key values.
dbug: Microsoft.EntityFrameworkCore.ChangeTracking[10806]
      Context 'AppDbContext' started tracking 'ProductApplicationArea' entity. Consider using 'DbContextOptionsBuilder.EnableSensitiveDataLogging' to see key values.
dbug: Microsoft.EntityFrameworkCore.ChangeTracking[10805]
      The navigation 'ProductSpecification.Product' was detected as changed. Consider using 'DbContextOptionsBuilder.EnableSensitiveDataLogging' to see key values.
dbug: Microsoft.EntityFrameworkCore.ChangeTracking[10806]
      Context 'AppDbContext' started tracking 'ProductSpecification' entity. Consider using 'DbContextOptionsBuilder.EnableSensitiveDataLogging' to see key values.
dbug: Microsoft.EntityFrameworkCore.ChangeTracking[10805]
      The navigation 'ProductSpecification.Product' was detected as changed. Consider using 'DbContextOptionsBuilder.EnableSensitiveDataLogging' to see key values.
dbug: Microsoft.EntityFrameworkCore.ChangeTracking[10806]
      Context 'AppDbContext' started tracking 'ProductSpecification' entity. Consider using 'DbContextOptionsBuilder.EnableSensitiveDataLogging' to see key values.
dbug: Microsoft.EntityFrameworkCore.ChangeTracking[10805]
      The navigation 'ProductSpecification.Product' was detected as changed. Consider using 'DbContextOptionsBuilder.EnableSensitiveDataLogging' to see key values.
dbug: Microsoft.EntityFrameworkCore.ChangeTracking[10806]
      Context 'AppDbContext' started tracking 'ProductSpecification' entity. Consider using 'DbContextOptionsBuilder.EnableSensitiveDataLogging' to see key values.
dbug: Microsoft.EntityFrameworkCore.ChangeTracking[10805]
      The navigation 'ProductSpecification.Product' was detected as changed. Consider using 'DbContextOptionsBuilder.EnableSensitiveDataLogging' to see key values.
dbug: Microsoft.EntityFrameworkCore.ChangeTracking[10806]
      Context 'AppDbContext' started tracking 'ProductSpecification' entity. Consider using 'DbContextOptionsBuilder.EnableSensitiveDataLogging' to see key values.
dbug: Microsoft.EntityFrameworkCore.ChangeTracking[10805]
      The navigation 'ProductVariant.Product' was detected as changed. Consider using 'DbContextOptionsBuilder.EnableSensitiveDataLogging' to see key values.
dbug: Microsoft.EntityFrameworkCore.ChangeTracking[10806]
      Context 'AppDbContext' started tracking 'ProductVariant' entity. Consider using 'DbContextOptionsBuilder.EnableSensitiveDataLogging' to see key values.
dbug: Microsoft.EntityFrameworkCore.ChangeTracking[10805]
      The navigation 'ProductVariant.Product' was detected as changed. Consider using 'DbContextOptionsBuilder.EnableSensitiveDataLogging' to see key values.
dbug: Microsoft.EntityFrameworkCore.ChangeTracking[10806]
      Context 'AppDbContext' started tracking 'ProductVariant' entity. Consider using 'DbContextOptionsBuilder.EnableSensitiveDataLogging' to see key values.
dbug: Microsoft.EntityFrameworkCore.ChangeTracking[10805]
      The navigation 'ProductVariant.Product' was detected as changed. Consider using 'DbContextOptionsBuilder.EnableSensitiveDataLogging' to see key values.
dbug: Microsoft.EntityFrameworkCore.ChangeTracking[10806]
      Context 'AppDbContext' started tracking 'ProductVariant' entity. Consider using 'DbContextOptionsBuilder.EnableSensitiveDataLogging' to see key values.
dbug: Microsoft.EntityFrameworkCore.ChangeTracking[10805]
      The navigation 'Product.Category' was detected as changed. Consider using 'DbContextOptionsBuilder.EnableSensitiveDataLogging' to see key values.
dbug: Microsoft.EntityFrameworkCore.ChangeTracking[10806]
      Context 'AppDbContext' started tracking 'Product' entity. Consider using 'DbContextOptionsBuilder.EnableSensitiveDataLogging' to see key values.
dbug: Microsoft.EntityFrameworkCore.ChangeTracking[10805]
      The navigation 'ProductMedia.Product' was detected as changed. Consider using 'DbContextOptionsBuilder.EnableSensitiveDataLogging' to see key values.
dbug: Microsoft.EntityFrameworkCore.ChangeTracking[10806]
      Context 'AppDbContext' started tracking 'ProductMedia' entity. Consider using 'DbContextOptionsBuilder.EnableSensitiveDataLogging' to see key values.
dbug: Microsoft.EntityFrameworkCore.ChangeTracking[10805]
      The navigation 'ProductMedia.Product' was detected as changed. Consider using 'DbContextOptionsBuilder.EnableSensitiveDataLogging' to see key values.
dbug: Microsoft.EntityFrameworkCore.ChangeTracking[10806]
      Context 'AppDbContext' started tracking 'ProductMedia' entity. Consider using 'DbContextOptionsBuilder.EnableSensitiveDataLogging' to see key values.
dbug: Microsoft.EntityFrameworkCore.ChangeTracking[10805]
      The navigation 'ProductApplicationArea.ApplicationArea' was detected as changed. Consider using 'DbContextOptionsBuilder.EnableSensitiveDataLogging' to see key values.
dbug: Microsoft.EntityFrameworkCore.ChangeTracking[10805]
      The navigation 'ProductApplicationArea.Product' was detected as changed. Consider using 'DbContextOptionsBuilder.EnableSensitiveDataLogging' to see key values.
dbug: Microsoft.EntityFrameworkCore.ChangeTracking[10806]
      Context 'AppDbContext' started tracking 'ProductApplicationArea' entity. Consider using 'DbContextOptionsBuilder.EnableSensitiveDataLogging' to see key values.
dbug: Microsoft.EntityFrameworkCore.ChangeTracking[10805]
      The navigation 'ProductApplicationArea.ApplicationArea' was detected as changed. Consider using 'DbContextOptionsBuilder.EnableSensitiveDataLogging' to see key values.
dbug: Microsoft.EntityFrameworkCore.ChangeTracking[10805]
      The navigation 'ProductApplicationArea.Product' was detected as changed. Consider using 'DbContextOptionsBuilder.EnableSensitiveDataLogging' to see key values.
dbug: Microsoft.EntityFrameworkCore.ChangeTracking[10806]
      Context 'AppDbContext' started tracking 'ProductApplicationArea' entity. Consider using 'DbContextOptionsBuilder.EnableSensitiveDataLogging' to see key values.
dbug: Microsoft.EntityFrameworkCore.ChangeTracking[10805]
      The navigation 'ProductSpecification.Product' was detected as changed. Consider using 'DbContextOptionsBuilder.EnableSensitiveDataLogging' to see key values.
dbug: Microsoft.EntityFrameworkCore.ChangeTracking[10806]
      Context 'AppDbContext' started tracking 'ProductSpecification' entity. Consider using 'DbContextOptionsBuilder.EnableSensitiveDataLogging' to see key values.
dbug: Microsoft.EntityFrameworkCore.ChangeTracking[10805]
      The navigation 'ProductSpecification.Product' was detected as changed. Consider using 'DbContextOptionsBuilder.EnableSensitiveDataLogging' to see key values.
dbug: Microsoft.EntityFrameworkCore.ChangeTracking[10806]
      Context 'AppDbContext' started tracking 'ProductSpecification' entity. Consider using 'DbContextOptionsBuilder.EnableSensitiveDataLogging' to see key values.
dbug: Microsoft.EntityFrameworkCore.ChangeTracking[10805]
      The navigation 'ProductSpecification.Product' was detected as changed. Consider using 'DbContextOptionsBuilder.EnableSensitiveDataLogging' to see key values.
dbug: Microsoft.EntityFrameworkCore.ChangeTracking[10806]
      Context 'AppDbContext' started tracking 'ProductSpecification' entity. Consider using 'DbContextOptionsBuilder.EnableSensitiveDataLogging' to see key values.
dbug: Microsoft.EntityFrameworkCore.ChangeTracking[10805]
      The navigation 'ProductSpecification.Product' was detected as changed. Consider using 'DbContextOptionsBuilder.EnableSensitiveDataLogging' to see key values.
dbug: Microsoft.EntityFrameworkCore.ChangeTracking[10806]
      Context 'AppDbContext' started tracking 'ProductSpecification' entity. Consider using 'DbContextOptionsBuilder.EnableSensitiveDataLogging' to see key values.
dbug: Microsoft.EntityFrameworkCore.ChangeTracking[10805]
      The navigation 'ProductVariant.Product' was detected as changed. Consider using 'DbContextOptionsBuilder.EnableSensitiveDataLogging' to see key values.
dbug: Microsoft.EntityFrameworkCore.ChangeTracking[10806]
      Context 'AppDbContext' started tracking 'ProductVariant' entity. Consider using 'DbContextOptionsBuilder.EnableSensitiveDataLogging' to see key values.
dbug: Microsoft.EntityFrameworkCore.ChangeTracking[10805]
      The navigation 'ProductVariant.Product' was detected as changed. Consider using 'DbContextOptionsBuilder.EnableSensitiveDataLogging' to see key values.
dbug: Microsoft.EntityFrameworkCore.ChangeTracking[10806]
      Context 'AppDbContext' started tracking 'ProductVariant' entity. Consider using 'DbContextOptionsBuilder.EnableSensitiveDataLogging' to see key values.
dbug: Microsoft.EntityFrameworkCore.ChangeTracking[10805]
      The navigation 'ProductVariant.Product' was detected as changed. Consider using 'DbContextOptionsBuilder.EnableSensitiveDataLogging' to see key values.
dbug: Microsoft.EntityFrameworkCore.ChangeTracking[10806]
      Context 'AppDbContext' started tracking 'ProductVariant' entity. Consider using 'DbContextOptionsBuilder.EnableSensitiveDataLogging' to see key values.
dbug: Microsoft.EntityFrameworkCore.Update[10004]
      SaveChanges starting for 'AppDbContext'.
dbug: Microsoft.EntityFrameworkCore.ChangeTracking[10800]
      DetectChanges starting for 'AppDbContext'.
dbug: Microsoft.EntityFrameworkCore.ChangeTracking[10801]
      DetectChanges completed for 'AppDbContext'.
dbug: Microsoft.EntityFrameworkCore.Update[20700]
      Executing 168 update commands as a batch.
dbug: Microsoft.EntityFrameworkCore.Database.Connection[20000]
      Opening connection to database 'teknomled' on server 'tcp://localhost:5432'.
dbug: Microsoft.EntityFrameworkCore.Database.Connection[20001]
      Opened connection to database 'teknomled' on server 'tcp://localhost:5432'.
dbug: Microsoft.EntityFrameworkCore.Database.Transaction[20209]
      Beginning transaction with isolation level 'Unspecified'.
dbug: Microsoft.EntityFrameworkCore.Database.Transaction[20200]
      Began transaction with isolation level 'ReadCommitted'.
dbug: Microsoft.EntityFrameworkCore.Database.Command[20103]
      Creating DbCommand for 'ExecuteReader'.
dbug: Microsoft.EntityFrameworkCore.Database.Command[20104]
      Created DbCommand for 'ExecuteReader' (0ms).
dbug: Microsoft.EntityFrameworkCore.Database.Command[20106]
      Initialized DbCommand for 'ExecuteReader' (0ms).
dbug: Microsoft.EntityFrameworkCore.Database.Command[20100]
      Executing DbCommand [Parameters=[@p0='?' (DbType = Guid), @p1='?' (DbType = Boolean), @p2='?', @p3='?', @p4='?' (DbType = Int32), @p5='?' (DbType = Guid), @p6='?' (DbType = Boolean), @p7='?', @p8='?', @p9='?' (DbType = Int32), @p10='?' (DbType = Guid), @p11='?' (DbType = Boolean), @p12='?', @p13='?', @p14='?' (DbType = Int32), @p15='?' (DbType = Guid), @p16='?' (DbType = Boolean), @p17='?', @p18='?', @p19='?' (DbType = Int32), @p20='?' (DbType = Guid), @p21='?' (DbType = Boolean), @p22='?', @p23='?', @p24='?' (DbType = Int32), @p25='?' (DbType = Guid), @p26='?' (DbType = Boolean), @p27='?', @p28='?', @p29='?' (DbType = Int32), @p30='?' (DbType = Guid), @p31='?' (DbType = Boolean), @p32='?', @p33='?', @p34='?' (DbType = Int32), @p35='?' (DbType = Guid), @p36='?' (DbType = DateTime), @p37='?', @p38='?' (DbType = Boolean), @p39='?', @p40='?', @p41='?' (DbType = Int32), @p42='?' (DbType = DateTime), @p43='?' (DbType = Guid), @p44='?' (DbType = DateTime), @p45='?', @p46='?' (DbType = Boolean), @p47='?', @p48='?', @p49='?' (DbType = Int32), @p50='?' (DbType = DateTime), @p51='?' (DbType = Guid), @p52='?' (DbType = DateTime), @p53='?', @p54='?' (DbType = Boolean), @p55='?', @p56='?', @p57='?' (DbType = Int32), @p58='?' (DbType = DateTime), @p59='?' (DbType = Guid), @p60='?' (DbType = DateTime), @p61='?', @p62='?' (DbType = Boolean), @p63='?', @p64='?', @p65='?' (DbType = Int32), @p66='?' (DbType = DateTime), @p67='?' (DbType = Guid), @p68='?' (DbType = DateTime), @p69='?', @p70='?' (DbType = Boolean), @p71='?', @p72='?', @p73='?' (DbType = Int32), @p74='?' (DbType = DateTime), @p75='?' (DbType = Guid), @p76='?' (DbType = DateTime), @p77='?', @p78='?' (DbType = Boolean), @p79='?', @p80='?', @p81='?' (DbType = Int32), @p82='?' (DbType = DateTime), @p83='?' (DbType = Guid), @p84='?' (DbType = Guid), @p85='?' (DbType = DateTime), @p86='?', @p87='?' (DbType = Boolean), @p88='?' (DbType = Boolean), @p89='?', @p90='?', @p91='?', @p92='?' (DbType = DateTime), @p93='?' (DbType = Guid), @p94='?' (DbType = Guid), @p95='?' (DbType = DateTime), @p96='?', @p97='?' (DbType = Boolean), @p98='?' (DbType = Boolean), @p99='?', @p100='?', @p101='?', @p102='?' (DbType = DateTime), @p103='?' (DbType = Guid), @p104='?' (DbType = Guid), @p105='?' (DbType = DateTime), @p106='?', @p107='?' (DbType = Boolean), @p108='?' (DbType = Boolean), @p109='?', @p110='?', @p111='?', @p112='?' (DbType = DateTime), @p113='?' (DbType = Guid), @p114='?' (DbType = Guid), @p115='?' (DbType = DateTime), @p116='?', @p117='?' (DbType = Boolean), @p118='?' (DbType = Boolean), @p119='?', @p120='?', @p121='?', @p122='?' (DbType = DateTime), @p123='?' (DbType = Guid), @p124='?' (DbType = Guid), @p125='?' (DbType = DateTime), @p126='?', @p127='?' (DbType = Boolean), @p128='?' (DbType = Boolean), @p129='?', @p130='?', @p131='?', @p132='?' (DbType = DateTime), @p133='?' (DbType = Guid), @p134='?' (DbType = Guid), @p135='?' (DbType = DateTime), @p136='?', @p137='?' (DbType = Boolean), @p138='?' (DbType = Boolean), @p139='?', @p140='?', @p141='?', @p142='?' (DbType = DateTime), @p143='?' (DbType = Guid), @p144='?' (DbType = Guid), @p145='?' (DbType = DateTime), @p146='?', @p147='?' (DbType = Boolean), @p148='?' (DbType = Boolean), @p149='?', @p150='?', @p151='?', @p152='?' (DbType = DateTime), @p153='?' (DbType = Guid), @p154='?' (DbType = Guid), @p155='?' (DbType = DateTime), @p156='?', @p157='?' (DbType = Boolean), @p158='?' (DbType = Boolean), @p159='?', @p160='?', @p161='?', @p162='?' (DbType = DateTime), @p163='?' (DbType = Guid), @p164='?' (DbType = Guid), @p165='?' (DbType = DateTime), @p166='?', @p167='?' (DbType = Boolean), @p168='?' (DbType = Boolean), @p169='?', @p170='?', @p171='?', @p172='?' (DbType = DateTime), @p173='?' (DbType = Guid), @p174='?' (DbType = Guid), @p175='?' (DbType = DateTime), @p176='?', @p177='?' (DbType = Boolean), @p178='?' (DbType = Boolean), @p179='?', @p180='?', @p181='?', @p182='?' (DbType = DateTime), @p183='?' (DbType = Guid), @p184='?' (DbType = Guid), @p185='?' (DbType = DateTime), @p186='?', @p187='?' (DbType = Boolean), @p188='?' (DbType = Boolean), @p189='?', @p190='?', @p191='?', @p192='?' (DbType = DateTime), @p193='?' (DbType = Guid), @p194='?' (DbType = Guid), @p195='?' (DbType = DateTime), @p196='?', @p197='?' (DbType = Boolean), @p198='?' (DbType = Boolean), @p199='?', @p200='?', @p201='?', @p202='?' (DbType = DateTime), @p203='?' (DbType = Guid), @p204='?' (DbType = Guid), @p205='?' (DbType = Guid), @p206='?' (DbType = Guid), @p207='?' (DbType = Guid), @p208='?' (DbType = Guid), @p209='?' (DbType = Guid), @p210='?' (DbType = Guid), @p211='?' (DbType = Guid), @p212='?' (DbType = Guid), @p213='?' (DbType = Guid), @p214='?' (DbType = Guid), @p215='?' (DbType = Guid), @p216='?' (DbType = Guid), @p217='?' (DbType = Guid), @p218='?' (DbType = Guid), @p219='?' (DbType = Guid), @p220='?' (DbType = Guid), @p221='?' (DbType = Guid), @p222='?' (DbType = Guid), @p223='?' (DbType = Guid), @p224='?' (DbType = Guid), @p225='?' (DbType = Guid), @p226='?' (DbType = Guid), @p227='?' (DbType = Guid), @p228='?' (DbType = Guid), @p229='?' (DbType = Guid), @p230='?' (DbType = Guid), @p231='?' (DbType = Guid), @p232='?' (DbType = Guid), @p233='?' (DbType = Guid), @p234='?' (DbType = Guid), @p235='?' (DbType = Guid), @p236='?' (DbType = Guid), @p237='?' (DbType = Guid), @p238='?' (DbType = Guid), @p239='?' (DbType = Guid), @p240='?' (DbType = Guid), @p241='?' (DbType = Guid), @p242='?' (DbType = Guid), @p243='?' (DbType = Guid), @p244='?' (DbType = Guid), @p245='?' (DbType = Guid), @p246='?' (DbType = Guid), @p247='?' (DbType = Guid), @p248='?' (DbType = Guid), @p249='?' (DbType = Guid), @p250='?' (DbType = Guid), @p251='?' (DbType = Guid), @p252='?' (DbType = Guid), @p253='?' (DbType = Guid), @p254='?' (DbType = Guid), @p255='?' (DbType = Guid), @p256='?' (DbType = Guid), @p257='?' (DbType = Guid), @p258='?' (DbType = Guid), @p259='?' (DbType = Guid), @p260='?' (DbType = Guid), @p261='?' (DbType = Guid), @p262='?' (DbType = Guid), @p263='?' (DbType = Guid), @p264='?' (DbType = Guid), @p265='?' (DbType = Guid), @p266='?' (DbType = Guid), @p267='?' (DbType = Guid), @p268='?' (DbType = Guid), @p269='?' (DbType = Guid), @p270='?', @p271='?' (DbType = DateTime), @p272='?' (DbType = Boolean), @p273='?', @p274='?' (DbType = Guid), @p275='?' (DbType = Int32), @p276='?', @p277='?' (DbType = Guid), @p278='?', @p279='?' (DbType = DateTime), @p280='?' (DbType = Boolean), @p281='?', @p282='?' (DbType = Guid), @p283='?' (DbType = Int32), @p284='?', @p285='?' (DbType = Guid), @p286='?', @p287='?' (DbType = DateTime), @p288='?' (DbType = Boolean), @p289='?', @p290='?' (DbType = Guid), @p291='?' (DbType = Int32), @p292='?', @p293='?' (DbType = Guid), @p294='?', @p295='?' (DbType = DateTime), @p296='?' (DbType = Boolean), @p297='?', @p298='?' (DbType = Guid), @p299='?' (DbType = Int32), @p300='?', @p301='?' (DbType = Guid), @p302='?', @p303='?' (DbType = DateTime), @p304='?' (DbType = Boolean), @p305='?', @p306='?' (DbType = Guid), @p307='?' (DbType = Int32), @p308='?', @p309='?' (DbType = Guid), @p310='?', @p311='?' (DbType = DateTime), @p312='?' (DbType = Boolean), @p313='?', @p314='?' (DbType = Guid), @p315='?' (DbType = Int32), @p316='?', @p317='?' (DbType = Guid), @p318='?', @p319='?' (DbType = DateTime), @p320='?' (DbType = Boolean), @p321='?', @p322='?' (DbType = Guid), @p323='?' (DbType = Int32), @p324='?', @p325='?' (DbType = Guid), @p326='?', @p327='?' (DbType = DateTime), @p328='?' (DbType = Boolean), @p329='?', @p330='?' (DbType = Guid), @p331='?' (DbType = Int32), @p332='?', @p333='?' (DbType = Guid), @p334='?', @p335='?' (DbType = DateTime), @p336='?' (DbType = Boolean), @p337='?', @p338='?' (DbType = Guid), @p339='?' (DbType = Int32), @p340='?', @p341='?' (DbType = Guid), @p342='?', @p343='?' (DbType = DateTime), @p344='?' (DbType = Boolean), @p345='?', @p346='?' (DbType = Guid), @p347='?' (DbType = Int32), @p348='?', @p349='?' (DbType = Guid), @p350='?', @p351='?' (DbType = DateTime), @p352='?' (DbType = Boolean), @p353='?', @p354='?' (DbType = Guid), @p355='?' (DbType = Int32), @p356='?', @p357='?' (DbType = Guid), @p358='?', @p359='?' (DbType = DateTime), @p360='?' (DbType = Boolean), @p361='?', @p362='?' (DbType = Guid), @p363='?' (DbType = Int32), @p364='?', @p365='?' (DbType = Guid), @p366='?', @p367='?' (DbType = DateTime), @p368='?' (DbType = Boolean), @p369='?', @p370='?' (DbType = Guid), @p371='?' (DbType = Int32), @p372='?', @p373='?' (DbType = Guid), @p374='?', @p375='?' (DbType = DateTime), @p376='?' (DbType = Boolean), @p377='?', @p378='?' (DbType = Guid), @p379='?' (DbType = Int32), @p380='?', @p381='?' (DbType = Guid), @p382='?', @p383='?' (DbType = DateTime), @p384='?' (DbType = Boolean), @p385='?', @p386='?' (DbType = Guid), @p387='?' (DbType = Int32), @p388='?', @p389='?' (DbType = Guid), @p390='?', @p391='?' (DbType = DateTime), @p392='?' (DbType = Boolean), @p393='?', @p394='?' (DbType = Guid), @p395='?' (DbType = Int32), @p396='?', @p397='?' (DbType = Guid), @p398='?', @p399='?' (DbType = DateTime), @p400='?' (DbType = Boolean), @p401='?', @p402='?' (DbType = Guid), @p403='?' (DbType = Int32), @p404='?', @p405='?' (DbType = Guid), @p406='?', @p407='?' (DbType = DateTime), @p408='?' (DbType = Boolean), @p409='?', @p410='?' (DbType = Guid), @p411='?' (DbType = Int32), @p412='?', @p413='?' (DbType = Guid), @p414='?', @p415='?' (DbType = DateTime), @p416='?' (DbType = Boolean), @p417='?', @p418='?' (DbType = Guid), @p419='?' (DbType = Int32), @p420='?', @p421='?' (DbType = Guid), @p422='?', @p423='?' (DbType = DateTime), @p424='?' (DbType = Boolean), @p425='?', @p426='?' (DbType = Guid), @p427='?' (DbType = Int32), @p428='?', @p429='?' (DbType = Guid), @p430='?', @p431='?' (DbType = DateTime), @p432='?' (DbType = Boolean), @p433='?', @p434='?' (DbType = Guid), @p435='?' (DbType = Int32), @p436='?', @p437='?' (DbType = Guid), @p438='?', @p439='?' (DbType = DateTime), @p440='?' (DbType = Boolean), @p441='?', @p442='?' (DbType = Guid), @p443='?' (DbType = Int32), @p444='?', @p445='?' (DbType = Guid), @p446='?', @p447='?' (DbType = DateTime), @p448='?' (DbType = Boolean), @p449='?', @p450='?' (DbType = Guid), @p451='?' (DbType = Int32), @p452='?', @p453='?' (DbType = Guid), @p454='?', @p455='?' (DbType = DateTime), @p456='?' (DbType = Boolean), @p457='?', @p458='?' (DbType = Guid), @p459='?' (DbType = Int32), @p460='?', @p461='?' (DbType = Guid), @p462='?', @p463='?' (DbType = DateTime), @p464='?' (DbType = Boolean), @p465='?', @p466='?' (DbType = Guid), @p467='?' (DbType = Int32), @p468='?', @p469='?' (DbType = Guid), @p470='?', @p471='?' (DbType = DateTime), @p472='?' (DbType = Boolean), @p473='?', @p474='?' (DbType = Guid), @p475='?' (DbType = Int32), @p476='?', @p477='?' (DbType = Guid), @p478='?', @p479='?' (DbType = DateTime), @p480='?' (DbType = Boolean), @p481='?', @p482='?' (DbType = Guid), @p483='?' (DbType = Int32), @p484='?', @p485='?' (DbType = Guid), @p486='?', @p487='?' (DbType = DateTime), @p488='?' (DbType = Boolean), @p489='?', @p490='?' (DbType = Guid), @p491='?' (DbType = Int32), @p492='?', @p493='?' (DbType = Guid), @p494='?', @p495='?' (DbType = Guid), @p496='?' (DbType = Int32), @p497='?', @p498='?', @p499='?' (DbType = Guid), @p500='?', @p501='?' (DbType = Guid), @p502='?' (DbType = Int32), @p503='?', @p504='?', @p505='?' (DbType = Guid), @p506='?', @p507='?' (DbType = Guid), @p508='?' (DbType = Int32), @p509='?', @p510='?', @p511='?' (DbType = Guid), @p512='?', @p513='?' (DbType = Guid), @p514='?' (DbType = Int32), @p515='?', @p516='?', @p517='?' (DbType = Guid), @p518='?', @p519='?' (DbType = Guid), @p520='?' (DbType = Int32), @p521='?', @p522='?', @p523='?' (DbType = Guid), @p524='?', @p525='?' (DbType = Guid), @p526='?' (DbType = Int32), @p527='?', @p528='?', @p529='?' (DbType = Guid), @p530='?', @p531='?' (DbType = Guid), @p532='?' (DbType = Int32), @p533='?', @p534='?', @p535='?' (DbType = Guid), @p536='?', @p537='?' (DbType = Guid), @p538='?' (DbType = Int32), @p539='?', @p540='?', @p541='?' (DbType = Guid), @p542='?', @p543='?' (DbType = Guid), @p544='?' (DbType = Int32), @p545='?', @p546='?', @p547='?' (DbType = Guid), @p548='?', @p549='?' (DbType = Guid), @p550='?' (DbType = Int32), @p551='?', @p552='?', @p553='?' (DbType = Guid), @p554='?', @p555='?' (DbType = Guid), @p556='?' (DbType = Int32), @p557='?', @p558='?', @p559='?' (DbType = Guid), @p560='?', @p561='?' (DbType = Guid), @p562='?' (DbType = Int32), @p563='?', @p564='?', @p565='?' (DbType = Guid), @p566='?', @p567='?' (DbType = Guid), @p568='?' (DbType = Int32), @p569='?', @p570='?', @p571='?' (DbType = Guid), @p572='?', @p573='?' (DbType = Guid), @p574='?' (DbType = Int32), @p575='?', @p576='?', @p577='?' (DbType = Guid), @p578='?', @p579='?' (DbType = Guid), @p580='?' (DbType = Int32), @p581='?', @p582='?', @p583='?' (DbType = Guid), @p584='?', @p585='?' (DbType = Guid), @p586='?' (DbType = Int32), @p587='?', @p588='?', @p589='?' (DbType = Guid), @p590='?', @p591='?' (DbType = Guid), @p592='?' (DbType = Int32), @p593='?', @p594='?', @p595='?' (DbType = Guid), @p596='?', @p597='?' (DbType = Guid), @p598='?' (DbType = Int32), @p599='?', @p600='?', @p601='?' (DbType = Guid), @p602='?', @p603='?' (DbType = Guid), @p604='?' (DbType = Int32), @p605='?', @p606='?', @p607='?' (DbType = Guid), @p608='?', @p609='?' (DbType = Guid), @p610='?' (DbType = Int32), @p611='?', @p612='?', @p613='?' (DbType = Guid), @p614='?', @p615='?' (DbType = Guid), @p616='?' (DbType = Int32), @p617='?', @p618='?', @p619='?' (DbType = Guid), @p620='?', @p621='?' (DbType = Guid), @p622='?' (DbType = Int32), @p623='?', @p624='?', @p625='?' (DbType = Guid), @p626='?', @p627='?' (DbType = Guid), @p628='?' (DbType = Int32), @p629='?', @p630='?', @p631='?' (DbType = Guid), @p632='?', @p633='?' (DbType = Guid), @p634='?' (DbType = Int32), @p635='?', @p636='?', @p637='?' (DbType = Guid), @p638='?', @p639='?' (DbType = Guid), @p640='?' (DbType = Int32), @p641='?', @p642='?', @p643='?' (DbType = Guid), @p644='?', @p645='?' (DbType = Guid), @p646='?' (DbType = Int32), @p647='?', @p648='?', @p649='?' (DbType = Guid), @p650='?', @p651='?' (DbType = Guid), @p652='?' (DbType = Int32), @p653='?', @p654='?', @p655='?' (DbType = Guid), @p656='?', @p657='?' (DbType = Guid), @p658='?' (DbType = Int32), @p659='?', @p660='?', @p661='?' (DbType = Guid), @p662='?', @p663='?' (DbType = Guid), @p664='?' (DbType = Int32), @p665='?', @p666='?', @p667='?' (DbType = Guid), @p668='?', @p669='?' (DbType = Guid), @p670='?' (DbType = Int32), @p671='?', @p672='?', @p673='?' (DbType = Guid), @p674='?', @p675='?' (DbType = Guid), @p676='?' (DbType = Int32), @p677='?', @p678='?', @p679='?' (DbType = Guid), @p680='?', @p681='?' (DbType = Guid), @p682='?' (DbType = Int32), @p683='?', @p684='?', @p685='?' (DbType = Guid), @p686='?', @p687='?' (DbType = Guid), @p688='?' (DbType = Int32), @p689='?', @p690='?', @p691='?' (DbType = Guid), @p692='?', @p693='?' (DbType = Guid), @p694='?' (DbType = Int32), @p695='?', @p696='?', @p697='?' (DbType = Guid), @p698='?', @p699='?' (DbType = Guid), @p700='?' (DbType = Int32), @p701='?', @p702='?', @p703='?' (DbType = Guid), @p704='?', @p705='?' (DbType = Guid), @p706='?' (DbType = Int32), @p707='?', @p708='?', @p709='?' (DbType = Guid), @p710='?', @p711='?' (DbType = Guid), @p712='?' (DbType = Int32), @p713='?', @p714='?', @p715='?' (DbType = Guid), @p716='?', @p717='?' (DbType = Guid), @p718='?' (DbType = Int32), @p719='?', @p720='?', @p721='?' (DbType = Guid), @p722='?', @p723='?' (DbType = Guid), @p724='?' (DbType = Int32), @p725='?', @p726='?', @p727='?' (DbType = Guid), @p728='?', @p729='?' (DbType = Guid), @p730='?' (DbType = Int32), @p731='?', @p732='?', @p733='?' (DbType = Guid), @p734='?', @p735='?' (DbType = Guid), @p736='?' (DbType = Int32), @p737='?', @p738='?', @p739='?' (DbType = Guid), @p740='?', @p741='?' (DbType = Guid), @p742='?' (DbType = Int32), @p743='?', @p744='?', @p745='?' (DbType = Guid), @p746='?', @p747='?' (DbType = Guid), @p748='?' (DbType = Int32), @p749='?', @p750='?', @p751='?' (DbType = Guid), @p752='?', @p753='?' (DbType = Guid), @p754='?' (DbType = Int32), @p755='?', @p756='?', @p757='?' (DbType = Guid), @p758='?', @p759='?' (DbType = Guid), @p760='?' (DbType = Int32), @p761='?', @p762='?', @p763='?' (DbType = Guid), @p764='?', @p765='?' (DbType = Guid), @p766='?' (DbType = Int32), @p767='?', @p768='?', @p769='?' (DbType = Guid), @p770='?', @p771='?' (DbType = Guid), @p772='?' (DbType = Int32), @p773='?', @p774='?', @p775='?' (DbType = Guid), @p776='?', @p777='?' (DbType = Guid), @p778='?' (DbType = Int32), @p779='?', @p780='?', @p781='?' (DbType = Guid), @p782='?', @p783='?' (DbType = Guid), @p784='?' (DbType = Int32), @p785='?', @p786='?', @p787='?' (DbType = Guid), @p788='?', @p789='?' (DbType = Guid), @p790='?' (DbType = Int32), @p791='?', @p792='?', @p793='?' (DbType = Guid), @p794='?', @p795='?' (DbType = Guid), @p796='?' (DbType = Int32), @p797='?', @p798='?', @p799='?' (DbType = Guid), @p800='?', @p801='?' (DbType = DateTime), @p802='?', @p803='?' (DbType = Boolean), @p804='?' (DbType = Int32), @p805='?' (DbType = Int32), @p806='?' (DbType = Decimal), @p807='?' (DbType = Guid), @p808='?', @p809='?' (DbType = Int32), @p810='?' (DbType = DateTime), @p811='?' (DbType = Int32), @p812='?' (DbType = Guid), @p813='?', @p814='?' (DbType = DateTime), @p815='?', @p816='?' (DbType = Boolean), @p817='?' (DbType = Int32), @p818='?' (DbType = Int32), @p819='?' (DbType = Decimal), @p820='?' (DbType = Guid), @p821='?', @p822='?' (DbType = Int32), @p823='?' (DbType = DateTime), @p824='?' (DbType = Int32), @p825='?' (DbType = Guid), @p826='?', @p827='?' (DbType = DateTime), @p828='?', @p829='?' (DbType = Boolean), @p830='?' (DbType = Int32), @p831='?' (DbType = Int32), @p832='?' (DbType = Decimal), @p833='?' (DbType = Guid), @p834='?', @p835='?' (DbType = Int32), @p836='?' (DbType = DateTime), @p837='?' (DbType = Int32), @p838='?' (DbType = Guid), @p839='?', @p840='?' (DbType = DateTime), @p841='?', @p842='?' (DbType = Boolean), @p843='?' (DbType = Int32), @p844='?' (DbType = Int32), @p845='?' (DbType = Decimal), @p846='?' (DbType = Guid), @p847='?', @p848='?' (DbType = Int32), @p849='?' (DbType = DateTime), @p850='?' (DbType = Int32), @p851='?' (DbType = Guid), @p852='?', @p853='?' (DbType = DateTime), @p854='?', @p855='?' (DbType = Boolean), @p856='?' (DbType = Int32), @p857='?' (DbType = Int32), @p858='?' (DbType = Decimal), @p859='?' (DbType = Guid), @p860='?', @p861='?' (DbType = Int32), @p862='?' (DbType = DateTime), @p863='?' (DbType = Int32), @p864='?' (DbType = Guid), @p865='?', @p866='?' (DbType = DateTime), @p867='?', @p868='?' (DbType = Boolean), @p869='?' (DbType = Int32), @p870='?' (DbType = Int32), @p871='?' (DbType = Decimal), @p872='?' (DbType = Guid), @p873='?', @p874='?' (DbType = Int32), @p875='?' (DbType = DateTime), @p876='?' (DbType = Int32), @p877='?' (DbType = Guid), @p878='?', @p879='?' (DbType = DateTime), @p880='?', @p881='?' (DbType = Boolean), @p882='?' (DbType = Int32), @p883='?' (DbType = Int32), @p884='?' (DbType = Decimal), @p885='?' (DbType = Guid), @p886='?', @p887='?' (DbType = Int32), @p888='?' (DbType = DateTime), @p889='?' (DbType = Int32), @p890='?' (DbType = Guid), @p891='?', @p892='?' (DbType = DateTime), @p893='?', @p894='?' (DbType = Boolean), @p895='?' (DbType = Int32), @p896='?' (DbType = Int32), @p897='?' (DbType = Decimal), @p898='?' (DbType = Guid), @p899='?', @p900='?' (DbType = Int32), @p901='?' (DbType = DateTime), @p902='?' (DbType = Int32), @p903='?' (DbType = Guid), @p904='?', @p905='?' (DbType = DateTime), @p906='?', @p907='?' (DbType = Boolean), @p908='?' (DbType = Int32), @p909='?' (DbType = Int32), @p910='?' (DbType = Decimal), @p911='?' (DbType = Guid), @p912='?', @p913='?' (DbType = Int32), @p914='?' (DbType = DateTime), @p915='?' (DbType = Int32), @p916='?' (DbType = Guid), @p917='?', @p918='?' (DbType = DateTime), @p919='?', @p920='?' (DbType = Boolean), @p921='?' (DbType = Int32), @p922='?' (DbType = Int32), @p923='?' (DbType = Decimal), @p924='?' (DbType = Guid), @p925='?', @p926='?' (DbType = Int32), @p927='?' (DbType = DateTime), @p928='?' (DbType = Int32), @p929='?' (DbType = Guid), @p930='?', @p931='?' (DbType = DateTime), @p932='?', @p933='?' (DbType = Boolean), @p934='?' (DbType = Int32), @p935='?' (DbType = Int32), @p936='?' (DbType = Decimal), @p937='?' (DbType = Guid), @p938='?', @p939='?' (DbType = Int32), @p940='?' (DbType = DateTime), @p941='?' (DbType = Int32), @p942='?' (DbType = Guid), @p943='?', @p944='?' (DbType = DateTime), @p945='?', @p946='?' (DbType = Boolean), @p947='?' (DbType = Int32), @p948='?' (DbType = Int32), @p949='?' (DbType = Decimal), @p950='?' (DbType = Guid), @p951='?', @p952='?' (DbType = Int32), @p953='?' (DbType = DateTime), @p954='?' (DbType = Int32), @p955='?' (DbType = Guid), @p956='?', @p957='?' (DbType = DateTime), @p958='?', @p959='?' (DbType = Boolean), @p960='?' (DbType = Int32), @p961='?' (DbType = Int32), @p962='?' (DbType = Decimal), @p963='?' (DbType = Guid), @p964='?', @p965='?' (DbType = Int32), @p966='?' (DbType = DateTime), @p967='?' (DbType = Int32), @p968='?' (DbType = Guid), @p969='?', @p970='?' (DbType = DateTime), @p971='?', @p972='?' (DbType = Boolean), @p973='?' (DbType = Int32), @p974='?' (DbType = Int32), @p975='?' (DbType = Decimal), @p976='?' (DbType = Guid), @p977='?', @p978='?' (DbType = Int32), @p979='?' (DbType = DateTime), @p980='?' (DbType = Int32), @p981='?' (DbType = Guid), @p982='?', @p983='?' (DbType = DateTime), @p984='?', @p985='?' (DbType = Boolean), @p986='?' (DbType = Int32), @p987='?' (DbType = Int32), @p988='?' (DbType = Decimal), @p989='?' (DbType = Guid), @p990='?', @p991='?' (DbType = Int32), @p992='?' (DbType = DateTime), @p993='?' (DbType = Int32), @p994='?' (DbType = Guid), @p995='?', @p996='?' (DbType = DateTime), @p997='?', @p998='?' (DbType = Boolean), @p999='?' (DbType = Int32), @p1000='?' (DbType = Int32), @p1001='?' (DbType = Decimal), @p1002='?' (DbType = Guid), @p1003='?', @p1004='?' (DbType = Int32), @p1005='?' (DbType = DateTime), @p1006='?' (DbType = Int32), @p1007='?' (DbType = Guid), @p1008='?', @p1009='?' (DbType = DateTime), @p1010='?', @p1011='?' (DbType = Boolean), @p1012='?' (DbType = Int32), @p1013='?' (DbType = Int32), @p1014='?' (DbType = Decimal), @p1015='?' (DbType = Guid), @p1016='?', @p1017='?' (DbType = Int32), @p1018='?' (DbType = DateTime), @p1019='?' (DbType = Int32), @p1020='?' (DbType = Guid), @p1021='?', @p1022='?' (DbType = DateTime), @p1023='?', @p1024='?' (DbType = Boolean), @p1025='?' (DbType = Int32), @p1026='?' (DbType = Int32), @p1027='?' (DbType = Decimal), @p1028='?' (DbType = Guid), @p1029='?', @p1030='?' (DbType = Int32), @p1031='?' (DbType = DateTime), @p1032='?' (DbType = Int32), @p1033='?' (DbType = Guid), @p1034='?', @p1035='?' (DbType = DateTime), @p1036='?', @p1037='?' (DbType = Boolean), @p1038='?' (DbType = Int32), @p1039='?' (DbType = Int32), @p1040='?' (DbType = Decimal), @p1041='?' (DbType = Guid), @p1042='?', @p1043='?' (DbType = Int32), @p1044='?' (DbType = DateTime), @p1045='?' (DbType = Int32), @p1046='?' (DbType = Guid), @p1047='?', @p1048='?' (DbType = DateTime), @p1049='?', @p1050='?' (DbType = Boolean), @p1051='?' (DbType = Int32), @p1052='?' (DbType = Int32), @p1053='?' (DbType = Decimal), @p1054='?' (DbType = Guid), @p1055='?', @p1056='?' (DbType = Int32), @p1057='?' (DbType = DateTime), @p1058='?' (DbType = Int32), @p1059='?' (DbType = Guid), @p1060='?', @p1061='?' (DbType = DateTime), @p1062='?', @p1063='?' (DbType = Boolean), @p1064='?' (DbType = Int32), @p1065='?' (DbType = Int32), @p1066='?' (DbType = Decimal), @p1067='?' (DbType = Guid), @p1068='?', @p1069='?' (DbType = Int32), @p1070='?' (DbType = DateTime), @p1071='?' (DbType = Int32), @p1072='?' (DbType = Guid), @p1073='?', @p1074='?' (DbType = DateTime), @p1075='?', @p1076='?' (DbType = Boolean), @p1077='?' (DbType = Int32), @p1078='?' (DbType = Int32), @p1079='?' (DbType = Decimal), @p1080='?' (DbType = Guid), @p1081='?', @p1082='?' (DbType = Int32), @p1083='?' (DbType = DateTime), @p1084='?' (DbType = Int32), @p1085='?' (DbType = Guid), @p1086='?', @p1087='?' (DbType = DateTime), @p1088='?', @p1089='?' (DbType = Boolean), @p1090='?' (DbType = Int32), @p1091='?' (DbType = Int32), @p1092='?' (DbType = Decimal), @p1093='?' (DbType = Guid), @p1094='?', @p1095='?' (DbType = Int32), @p1096='?' (DbType = DateTime), @p1097='?' (DbType = Int32), @p1098='?' (DbType = Guid), @p1099='?', @p1100='?' (DbType = DateTime), @p1101='?', @p1102='?' (DbType = Boolean), @p1103='?' (DbType = Int32), @p1104='?' (DbType = Int32), @p1105='?' (DbType = Decimal), @p1106='?' (DbType = Guid), @p1107='?', @p1108='?' (DbType = Int32), @p1109='?' (DbType = DateTime), @p1110='?' (DbType = Int32), @p1111='?' (DbType = Guid), @p1112='?', @p1113='?' (DbType = DateTime), @p1114='?', @p1115='?' (DbType = Boolean), @p1116='?' (DbType = Int32), @p1117='?' (DbType = Int32), @p1118='?' (DbType = Decimal), @p1119='?' (DbType = Guid), @p1120='?', @p1121='?' (DbType = Int32), @p1122='?' (DbType = DateTime), @p1123='?' (DbType = Int32), @p1124='?' (DbType = Guid), @p1125='?', @p1126='?' (DbType = DateTime), @p1127='?', @p1128='?' (DbType = Boolean), @p1129='?' (DbType = Int32), @p1130='?' (DbType = Int32), @p1131='?' (DbType = Decimal), @p1132='?' (DbType = Guid), @p1133='?', @p1134='?' (DbType = Int32), @p1135='?' (DbType = DateTime), @p1136='?' (DbType = Int32), @p1137='?' (DbType = Guid), @p1138='?', @p1139='?' (DbType = DateTime), @p1140='?', @p1141='?' (DbType = Boolean), @p1142='?' (DbType = Int32), @p1143='?' (DbType = Int32), @p1144='?' (DbType = Decimal), @p1145='?' (DbType = Guid), @p1146='?', @p1147='?' (DbType = Int32), @p1148='?' (DbType = DateTime), @p1149='?' (DbType = Int32), @p1150='?' (DbType = Guid), @p1151='?', @p1152='?' (DbType = DateTime), @p1153='?', @p1154='?' (DbType = Boolean), @p1155='?' (DbType = Int32), @p1156='?' (DbType = Int32), @p1157='?' (DbType = Decimal), @p1158='?' (DbType = Guid), @p1159='?', @p1160='?' (DbType = Int32), @p1161='?' (DbType = DateTime), @p1162='?' (DbType = Int32), @p1163='?' (DbType = Guid), @p1164='?', @p1165='?' (DbType = DateTime), @p1166='?', @p1167='?' (DbType = Boolean), @p1168='?' (DbType = Int32), @p1169='?' (DbType = Int32), @p1170='?' (DbType = Decimal), @p1171='?' (DbType = Guid), @p1172='?', @p1173='?' (DbType = Int32), @p1174='?' (DbType = DateTime), @p1175='?' (DbType = Int32), @p1176='?' (DbType = Guid), @p1177='?', @p1178='?' (DbType = DateTime), @p1179='?', @p1180='?' (DbType = Boolean), @p1181='?' (DbType = Int32), @p1182='?' (DbType = Int32), @p1183='?' (DbType = Decimal), @p1184='?' (DbType = Guid), @p1185='?', @p1186='?' (DbType = Int32), @p1187='?' (DbType = DateTime), @p1188='?' (DbType = Int32), @p1189='?' (DbType = Guid), @p1190='?', @p1191='?' (DbType = DateTime), @p1192='?', @p1193='?' (DbType = Boolean), @p1194='?' (DbType = Int32), @p1195='?' (DbType = Int32), @p1196='?' (DbType = Decimal), @p1197='?' (DbType = Guid), @p1198='?', @p1199='?' (DbType = Int32), @p1200='?' (DbType = DateTime), @p1201='?' (DbType = Int32)], CommandType='Text', CommandTimeout='30']
      INSERT INTO "ApplicationAreas" ("Id", "IsActive", "Name", "Slug", "SortOrder")
      VALUES (@p0, @p1, @p2, @p3, @p4);
      INSERT INTO "ApplicationAreas" ("Id", "IsActive", "Name", "Slug", "SortOrder")
      VALUES (@p5, @p6, @p7, @p8, @p9);
      INSERT INTO "ApplicationAreas" ("Id", "IsActive", "Name", "Slug", "SortOrder")
      VALUES (@p10, @p11, @p12, @p13, @p14);
      INSERT INTO "ApplicationAreas" ("Id", "IsActive", "Name", "Slug", "SortOrder")
      VALUES (@p15, @p16, @p17, @p18, @p19);
      INSERT INTO "ApplicationAreas" ("Id", "IsActive", "Name", "Slug", "SortOrder")
      VALUES (@p20, @p21, @p22, @p23, @p24);
      INSERT INTO "ApplicationAreas" ("Id", "IsActive", "Name", "Slug", "SortOrder")
      VALUES (@p25, @p26, @p27, @p28, @p29);
      INSERT INTO "ApplicationAreas" ("Id", "IsActive", "Name", "Slug", "SortOrder")
      VALUES (@p30, @p31, @p32, @p33, @p34);
      INSERT INTO "Categories" ("Id", "CreatedAtUtc", "Description", "IsActive", "Name", "Slug", "SortOrder", "UpdatedAtUtc")
      VALUES (@p35, @p36, @p37, @p38, @p39, @p40, @p41, @p42);
      INSERT INTO "Categories" ("Id", "CreatedAtUtc", "Description", "IsActive", "Name", "Slug", "SortOrder", "UpdatedAtUtc")
      VALUES (@p43, @p44, @p45, @p46, @p47, @p48, @p49, @p50);
      INSERT INTO "Categories" ("Id", "CreatedAtUtc", "Description", "IsActive", "Name", "Slug", "SortOrder", "UpdatedAtUtc")
      VALUES (@p51, @p52, @p53, @p54, @p55, @p56, @p57, @p58);
      INSERT INTO "Categories" ("Id", "CreatedAtUtc", "Description", "IsActive", "Name", "Slug", "SortOrder", "UpdatedAtUtc")
      VALUES (@p59, @p60, @p61, @p62, @p63, @p64, @p65, @p66);
      INSERT INTO "Categories" ("Id", "CreatedAtUtc", "Description", "IsActive", "Name", "Slug", "SortOrder", "UpdatedAtUtc")
      VALUES (@p67, @p68, @p69, @p70, @p71, @p72, @p73, @p74);
      INSERT INTO "Categories" ("Id", "CreatedAtUtc", "Description", "IsActive", "Name", "Slug", "SortOrder", "UpdatedAtUtc")
      VALUES (@p75, @p76, @p77, @p78, @p79, @p80, @p81, @p82);
      INSERT INTO "Products" ("Id", "CategoryId", "CreatedAtUtc", "Description", "IsActive", "IsFeatured", "Name", "ShortDescription", "Slug", "UpdatedAtUtc")
      VALUES (@p83, @p84, @p85, @p86, @p87, @p88, @p89, @p90, @p91, @p92);
      INSERT INTO "Products" ("Id", "CategoryId", "CreatedAtUtc", "Description", "IsActive", "IsFeatured", "Name", "ShortDescription", "Slug", "UpdatedAtUtc")
      VALUES (@p93, @p94, @p95, @p96, @p97, @p98, @p99, @p100, @p101, @p102);
      INSERT INTO "Products" ("Id", "CategoryId", "CreatedAtUtc", "Description", "IsActive", "IsFeatured", "Name", "ShortDescription", "Slug", "UpdatedAtUtc")
      VALUES (@p103, @p104, @p105, @p106, @p107, @p108, @p109, @p110, @p111, @p112);
      INSERT INTO "Products" ("Id", "CategoryId", "CreatedAtUtc", "Description", "IsActive", "IsFeatured", "Name", "ShortDescription", "Slug", "UpdatedAtUtc")
      VALUES (@p113, @p114, @p115, @p116, @p117, @p118, @p119, @p120, @p121, @p122);
      INSERT INTO "Products" ("Id", "CategoryId", "CreatedAtUtc", "Description", "IsActive", "IsFeatured", "Name", "ShortDescription", "Slug", "UpdatedAtUtc")
      VALUES (@p123, @p124, @p125, @p126, @p127, @p128, @p129, @p130, @p131, @p132);
      INSERT INTO "Products" ("Id", "CategoryId", "CreatedAtUtc", "Description", "IsActive", "IsFeatured", "Name", "ShortDescription", "Slug", "UpdatedAtUtc")
      VALUES (@p133, @p134, @p135, @p136, @p137, @p138, @p139, @p140, @p141, @p142);
      INSERT INTO "Products" ("Id", "CategoryId", "CreatedAtUtc", "Description", "IsActive", "IsFeatured", "Name", "ShortDescription", "Slug", "UpdatedAtUtc")
      VALUES (@p143, @p144, @p145, @p146, @p147, @p148, @p149, @p150, @p151, @p152);
      INSERT INTO "Products" ("Id", "CategoryId", "CreatedAtUtc", "Description", "IsActive", "IsFeatured", "Name", "ShortDescription", "Slug", "UpdatedAtUtc")
      VALUES (@p153, @p154, @p155, @p156, @p157, @p158, @p159, @p160, @p161, @p162);
      INSERT INTO "Products" ("Id", "CategoryId", "CreatedAtUtc", "Description", "IsActive", "IsFeatured", "Name", "ShortDescription", "Slug", "UpdatedAtUtc")
      VALUES (@p163, @p164, @p165, @p166, @p167, @p168, @p169, @p170, @p171, @p172);
      INSERT INTO "Products" ("Id", "CategoryId", "CreatedAtUtc", "Description", "IsActive", "IsFeatured", "Name", "ShortDescription", "Slug", "UpdatedAtUtc")
      VALUES (@p173, @p174, @p175, @p176, @p177, @p178, @p179, @p180, @p181, @p182);
      INSERT INTO "Products" ("Id", "CategoryId", "CreatedAtUtc", "Description", "IsActive", "IsFeatured", "Name", "ShortDescription", "Slug", "UpdatedAtUtc")
      VALUES (@p183, @p184, @p185, @p186, @p187, @p188, @p189, @p190, @p191, @p192);
      INSERT INTO "Products" ("Id", "CategoryId", "CreatedAtUtc", "Description", "IsActive", "IsFeatured", "Name", "ShortDescription", "Slug", "UpdatedAtUtc")
      VALUES (@p193, @p194, @p195, @p196, @p197, @p198, @p199, @p200, @p201, @p202);
      INSERT INTO "ProductApplicationAreas" ("ApplicationAreaId", "ProductId")
      VALUES (@p203, @p204);
      INSERT INTO "ProductApplicationAreas" ("ApplicationAreaId", "ProductId")
      VALUES (@p205, @p206);
      INSERT INTO "ProductApplicationAreas" ("ApplicationAreaId", "ProductId")
      VALUES (@p207, @p208);
      INSERT INTO "ProductApplicationAreas" ("ApplicationAreaId", "ProductId")
      VALUES (@p209, @p210);
      INSERT INTO "ProductApplicationAreas" ("ApplicationAreaId", "ProductId")
      VALUES (@p211, @p212);
      INSERT INTO "ProductApplicationAreas" ("ApplicationAreaId", "ProductId")
      VALUES (@p213, @p214);
      INSERT INTO "ProductApplicationAreas" ("ApplicationAreaId", "ProductId")
      VALUES (@p215, @p216);
      INSERT INTO "ProductApplicationAreas" ("ApplicationAreaId", "ProductId")
      VALUES (@p217, @p218);
      INSERT INTO "ProductApplicationAreas" ("ApplicationAreaId", "ProductId")
      VALUES (@p219, @p220);
      INSERT INTO "ProductApplicationAreas" ("ApplicationAreaId", "ProductId")
      VALUES (@p221, @p222);
      INSERT INTO "ProductApplicationAreas" ("ApplicationAreaId", "ProductId")
      VALUES (@p223, @p224);
      INSERT INTO "ProductApplicationAreas" ("ApplicationAreaId", "ProductId")
      VALUES (@p225, @p226);
      INSERT INTO "ProductApplicationAreas" ("ApplicationAreaId", "ProductId")
      VALUES (@p227, @p228);
      INSERT INTO "ProductApplicationAreas" ("ApplicationAreaId", "ProductId")
      VALUES (@p229, @p230);
      INSERT INTO "ProductApplicationAreas" ("ApplicationAreaId", "ProductId")
      VALUES (@p231, @p232);
      INSERT INTO "ProductApplicationAreas" ("ApplicationAreaId", "ProductId")
      VALUES (@p233, @p234);
      INSERT INTO "ProductApplicationAreas" ("ApplicationAreaId", "ProductId")
      VALUES (@p235, @p236);
      INSERT INTO "ProductApplicationAreas" ("ApplicationAreaId", "ProductId")
      VALUES (@p237, @p238);
      INSERT INTO "ProductApplicationAreas" ("ApplicationAreaId", "ProductId")
      VALUES (@p239, @p240);
      INSERT INTO "ProductApplicationAreas" ("ApplicationAreaId", "ProductId")
      VALUES (@p241, @p242);
      INSERT INTO "ProductApplicationAreas" ("ApplicationAreaId", "ProductId")
      VALUES (@p243, @p244);
      INSERT INTO "ProductApplicationAreas" ("ApplicationAreaId", "ProductId")
      VALUES (@p245, @p246);
      INSERT INTO "ProductApplicationAreas" ("ApplicationAreaId", "ProductId")
      VALUES (@p247, @p248);
      INSERT INTO "ProductApplicationAreas" ("ApplicationAreaId", "ProductId")
      VALUES (@p249, @p250);
      INSERT INTO "ProductApplicationAreas" ("ApplicationAreaId", "ProductId")
      VALUES (@p251, @p252);
      INSERT INTO "ProductApplicationAreas" ("ApplicationAreaId", "ProductId")
      VALUES (@p253, @p254);
      INSERT INTO "ProductApplicationAreas" ("ApplicationAreaId", "ProductId")
      VALUES (@p255, @p256);
      INSERT INTO "ProductApplicationAreas" ("ApplicationAreaId", "ProductId")
      VALUES (@p257, @p258);
      INSERT INTO "ProductApplicationAreas" ("ApplicationAreaId", "ProductId")
      VALUES (@p259, @p260);
      INSERT INTO "ProductApplicationAreas" ("ApplicationAreaId", "ProductId")
      VALUES (@p261, @p262);
      INSERT INTO "ProductApplicationAreas" ("ApplicationAreaId", "ProductId")
      VALUES (@p263, @p264);
      INSERT INTO "ProductApplicationAreas" ("ApplicationAreaId", "ProductId")
      VALUES (@p265, @p266);
      INSERT INTO "ProductApplicationAreas" ("ApplicationAreaId", "ProductId")
      VALUES (@p267, @p268);
      INSERT INTO "ProductMedia" ("Id", "AltText", "CreatedAtUtc", "IsActive", "Path", "ProductId", "SortOrder", "Type")
      VALUES (@p269, @p270, @p271, @p272, @p273, @p274, @p275, @p276);
      INSERT INTO "ProductMedia" ("Id", "AltText", "CreatedAtUtc", "IsActive", "Path", "ProductId", "SortOrder", "Type")
      VALUES (@p277, @p278, @p279, @p280, @p281, @p282, @p283, @p284);
      INSERT INTO "ProductMedia" ("Id", "AltText", "CreatedAtUtc", "IsActive", "Path", "ProductId", "SortOrder", "Type")
      VALUES (@p285, @p286, @p287, @p288, @p289, @p290, @p291, @p292);
      INSERT INTO "ProductMedia" ("Id", "AltText", "CreatedAtUtc", "IsActive", "Path", "ProductId", "SortOrder", "Type")
      VALUES (@p293, @p294, @p295, @p296, @p297, @p298, @p299, @p300);
      INSERT INTO "ProductMedia" ("Id", "AltText", "CreatedAtUtc", "IsActive", "Path", "ProductId", "SortOrder", "Type")
      VALUES (@p301, @p302, @p303, @p304, @p305, @p306, @p307, @p308);
      INSERT INTO "ProductMedia" ("Id", "AltText", "CreatedAtUtc", "IsActive", "Path", "ProductId", "SortOrder", "Type")
      VALUES (@p309, @p310, @p311, @p312, @p313, @p314, @p315, @p316);
      INSERT INTO "ProductMedia" ("Id", "AltText", "CreatedAtUtc", "IsActive", "Path", "ProductId", "SortOrder", "Type")
      VALUES (@p317, @p318, @p319, @p320, @p321, @p322, @p323, @p324);
      INSERT INTO "ProductMedia" ("Id", "AltText", "CreatedAtUtc", "IsActive", "Path", "ProductId", "SortOrder", "Type")
      VALUES (@p325, @p326, @p327, @p328, @p329, @p330, @p331, @p332);
      INSERT INTO "ProductMedia" ("Id", "AltText", "CreatedAtUtc", "IsActive", "Path", "ProductId", "SortOrder", "Type")
      VALUES (@p333, @p334, @p335, @p336, @p337, @p338, @p339, @p340);
      INSERT INTO "ProductMedia" ("Id", "AltText", "CreatedAtUtc", "IsActive", "Path", "ProductId", "SortOrder", "Type")
      VALUES (@p341, @p342, @p343, @p344, @p345, @p346, @p347, @p348);
      INSERT INTO "ProductMedia" ("Id", "AltText", "CreatedAtUtc", "IsActive", "Path", "ProductId", "SortOrder", "Type")
      VALUES (@p349, @p350, @p351, @p352, @p353, @p354, @p355, @p356);
      INSERT INTO "ProductMedia" ("Id", "AltText", "CreatedAtUtc", "IsActive", "Path", "ProductId", "SortOrder", "Type")
      VALUES (@p357, @p358, @p359, @p360, @p361, @p362, @p363, @p364);
      INSERT INTO "ProductMedia" ("Id", "AltText", "CreatedAtUtc", "IsActive", "Path", "ProductId", "SortOrder", "Type")
      VALUES (@p365, @p366, @p367, @p368, @p369, @p370, @p371, @p372);
      INSERT INTO "ProductMedia" ("Id", "AltText", "CreatedAtUtc", "IsActive", "Path", "ProductId", "SortOrder", "Type")
      VALUES (@p373, @p374, @p375, @p376, @p377, @p378, @p379, @p380);
      INSERT INTO "ProductMedia" ("Id", "AltText", "CreatedAtUtc", "IsActive", "Path", "ProductId", "SortOrder", "Type")
      VALUES (@p381, @p382, @p383, @p384, @p385, @p386, @p387, @p388);
      INSERT INTO "ProductMedia" ("Id", "AltText", "CreatedAtUtc", "IsActive", "Path", "ProductId", "SortOrder", "Type")
      VALUES (@p389, @p390, @p391, @p392, @p393, @p394, @p395, @p396);
      INSERT INTO "ProductMedia" ("Id", "AltText", "CreatedAtUtc", "IsActive", "Path", "ProductId", "SortOrder", "Type")
      VALUES (@p397, @p398, @p399, @p400, @p401, @p402, @p403, @p404);
      INSERT INTO "ProductMedia" ("Id", "AltText", "CreatedAtUtc", "IsActive", "Path", "ProductId", "SortOrder", "Type")
      VALUES (@p405, @p406, @p407, @p408, @p409, @p410, @p411, @p412);
      INSERT INTO "ProductMedia" ("Id", "AltText", "CreatedAtUtc", "IsActive", "Path", "ProductId", "SortOrder", "Type")
      VALUES (@p413, @p414, @p415, @p416, @p417, @p418, @p419, @p420);
      INSERT INTO "ProductMedia" ("Id", "AltText", "CreatedAtUtc", "IsActive", "Path", "ProductId", "SortOrder", "Type")
      VALUES (@p421, @p422, @p423, @p424, @p425, @p426, @p427, @p428);
      INSERT INTO "ProductMedia" ("Id", "AltText", "CreatedAtUtc", "IsActive", "Path", "ProductId", "SortOrder", "Type")
      VALUES (@p429, @p430, @p431, @p432, @p433, @p434, @p435, @p436);
      INSERT INTO "ProductMedia" ("Id", "AltText", "CreatedAtUtc", "IsActive", "Path", "ProductId", "SortOrder", "Type")
      VALUES (@p437, @p438, @p439, @p440, @p441, @p442, @p443, @p444);
      INSERT INTO "ProductMedia" ("Id", "AltText", "CreatedAtUtc", "IsActive", "Path", "ProductId", "SortOrder", "Type")
      VALUES (@p445, @p446, @p447, @p448, @p449, @p450, @p451, @p452);
      INSERT INTO "ProductMedia" ("Id", "AltText", "CreatedAtUtc", "IsActive", "Path", "ProductId", "SortOrder", "Type")
      VALUES (@p453, @p454, @p455, @p456, @p457, @p458, @p459, @p460);
      INSERT INTO "ProductMedia" ("Id", "AltText", "CreatedAtUtc", "IsActive", "Path", "ProductId", "SortOrder", "Type")
      VALUES (@p461, @p462, @p463, @p464, @p465, @p466, @p467, @p468);
      INSERT INTO "ProductMedia" ("Id", "AltText", "CreatedAtUtc", "IsActive", "Path", "ProductId", "SortOrder", "Type")
      VALUES (@p469, @p470, @p471, @p472, @p473, @p474, @p475, @p476);
      INSERT INTO "ProductMedia" ("Id", "AltText", "CreatedAtUtc", "IsActive", "Path", "ProductId", "SortOrder", "Type")
      VALUES (@p477, @p478, @p479, @p480, @p481, @p482, @p483, @p484);
      INSERT INTO "ProductMedia" ("Id", "AltText", "CreatedAtUtc", "IsActive", "Path", "ProductId", "SortOrder", "Type")
      VALUES (@p485, @p486, @p487, @p488, @p489, @p490, @p491, @p492);
      INSERT INTO "ProductSpecifications" ("Id", "Name", "ProductId", "SortOrder", "Unit", "Value")
      VALUES (@p493, @p494, @p495, @p496, @p497, @p498);
      INSERT INTO "ProductSpecifications" ("Id", "Name", "ProductId", "SortOrder", "Unit", "Value")
      VALUES (@p499, @p500, @p501, @p502, @p503, @p504);
      INSERT INTO "ProductSpecifications" ("Id", "Name", "ProductId", "SortOrder", "Unit", "Value")
      VALUES (@p505, @p506, @p507, @p508, @p509, @p510);
      INSERT INTO "ProductSpecifications" ("Id", "Name", "ProductId", "SortOrder", "Unit", "Value")
      VALUES (@p511, @p512, @p513, @p514, @p515, @p516);
      INSERT INTO "ProductSpecifications" ("Id", "Name", "ProductId", "SortOrder", "Unit", "Value")
      VALUES (@p517, @p518, @p519, @p520, @p521, @p522);
      INSERT INTO "ProductSpecifications" ("Id", "Name", "ProductId", "SortOrder", "Unit", "Value")
      VALUES (@p523, @p524, @p525, @p526, @p527, @p528);
      INSERT INTO "ProductSpecifications" ("Id", "Name", "ProductId", "SortOrder", "Unit", "Value")
      VALUES (@p529, @p530, @p531, @p532, @p533, @p534);
      INSERT INTO "ProductSpecifications" ("Id", "Name", "ProductId", "SortOrder", "Unit", "Value")
      VALUES (@p535, @p536, @p537, @p538, @p539, @p540);
      INSERT INTO "ProductSpecifications" ("Id", "Name", "ProductId", "SortOrder", "Unit", "Value")
      VALUES (@p541, @p542, @p543, @p544, @p545, @p546);
      INSERT INTO "ProductSpecifications" ("Id", "Name", "ProductId", "SortOrder", "Unit", "Value")
      VALUES (@p547, @p548, @p549, @p550, @p551, @p552);
      INSERT INTO "ProductSpecifications" ("Id", "Name", "ProductId", "SortOrder", "Unit", "Value")
      VALUES (@p553, @p554, @p555, @p556, @p557, @p558);
      INSERT INTO "ProductSpecifications" ("Id", "Name", "ProductId", "SortOrder", "Unit", "Value")
      VALUES (@p559, @p560, @p561, @p562, @p563, @p564);
      INSERT INTO "ProductSpecifications" ("Id", "Name", "ProductId", "SortOrder", "Unit", "Value")
      VALUES (@p565, @p566, @p567, @p568, @p569, @p570);
      INSERT INTO "ProductSpecifications" ("Id", "Name", "ProductId", "SortOrder", "Unit", "Value")
      VALUES (@p571, @p572, @p573, @p574, @p575, @p576);
      INSERT INTO "ProductSpecifications" ("Id", "Name", "ProductId", "SortOrder", "Unit", "Value")
      VALUES (@p577, @p578, @p579, @p580, @p581, @p582);
      INSERT INTO "ProductSpecifications" ("Id", "Name", "ProductId", "SortOrder", "Unit", "Value")
      VALUES (@p583, @p584, @p585, @p586, @p587, @p588);
      INSERT INTO "ProductSpecifications" ("Id", "Name", "ProductId", "SortOrder", "Unit", "Value")
      VALUES (@p589, @p590, @p591, @p592, @p593, @p594);
      INSERT INTO "ProductSpecifications" ("Id", "Name", "ProductId", "SortOrder", "Unit", "Value")
      VALUES (@p595, @p596, @p597, @p598, @p599, @p600);
      INSERT INTO "ProductSpecifications" ("Id", "Name", "ProductId", "SortOrder", "Unit", "Value")
      VALUES (@p601, @p602, @p603, @p604, @p605, @p606);
      INSERT INTO "ProductSpecifications" ("Id", "Name", "ProductId", "SortOrder", "Unit", "Value")
      VALUES (@p607, @p608, @p609, @p610, @p611, @p612);
      INSERT INTO "ProductSpecifications" ("Id", "Name", "ProductId", "SortOrder", "Unit", "Value")
      VALUES (@p613, @p614, @p615, @p616, @p617, @p618);
      INSERT INTO "ProductSpecifications" ("Id", "Name", "ProductId", "SortOrder", "Unit", "Value")
      VALUES (@p619, @p620, @p621, @p622, @p623, @p624);
      INSERT INTO "ProductSpecifications" ("Id", "Name", "ProductId", "SortOrder", "Unit", "Value")
      VALUES (@p625, @p626, @p627, @p628, @p629, @p630);
      INSERT INTO "ProductSpecifications" ("Id", "Name", "ProductId", "SortOrder", "Unit", "Value")
      VALUES (@p631, @p632, @p633, @p634, @p635, @p636);
      INSERT INTO "ProductSpecifications" ("Id", "Name", "ProductId", "SortOrder", "Unit", "Value")
      VALUES (@p637, @p638, @p639, @p640, @p641, @p642);
      INSERT INTO "ProductSpecifications" ("Id", "Name", "ProductId", "SortOrder", "Unit", "Value")
      VALUES (@p643, @p644, @p645, @p646, @p647, @p648);
      INSERT INTO "ProductSpecifications" ("Id", "Name", "ProductId", "SortOrder", "Unit", "Value")
      VALUES (@p649, @p650, @p651, @p652, @p653, @p654);
      INSERT INTO "ProductSpecifications" ("Id", "Name", "ProductId", "SortOrder", "Unit", "Value")
      VALUES (@p655, @p656, @p657, @p658, @p659, @p660);
      INSERT INTO "ProductSpecifications" ("Id", "Name", "ProductId", "SortOrder", "Unit", "Value")
      VALUES (@p661, @p662, @p663, @p664, @p665, @p666);
      INSERT INTO "ProductSpecifications" ("Id", "Name", "ProductId", "SortOrder", "Unit", "Value")
      VALUES (@p667, @p668, @p669, @p670, @p671, @p672);
      INSERT INTO "ProductSpecifications" ("Id", "Name", "ProductId", "SortOrder", "Unit", "Value")
      VALUES (@p673, @p674, @p675, @p676, @p677, @p678);
      INSERT INTO "ProductSpecifications" ("Id", "Name", "ProductId", "SortOrder", "Unit", "Value")
      VALUES (@p679, @p680, @p681, @p682, @p683, @p684);
      INSERT INTO "ProductSpecifications" ("Id", "Name", "ProductId", "SortOrder", "Unit", "Value")
      VALUES (@p685, @p686, @p687, @p688, @p689, @p690);
      INSERT INTO "ProductSpecifications" ("Id", "Name", "ProductId", "SortOrder", "Unit", "Value")
      VALUES (@p691, @p692, @p693, @p694, @p695, @p696);
      INSERT INTO "ProductSpecifications" ("Id", "Name", "ProductId", "SortOrder", "Unit", "Value")
      VALUES (@p697, @p698, @p699, @p700, @p701, @p702);
      INSERT INTO "ProductSpecifications" ("Id", "Name", "ProductId", "SortOrder", "Unit", "Value")
      VALUES (@p703, @p704, @p705, @p706, @p707, @p708);
      INSERT INTO "ProductSpecifications" ("Id", "Name", "ProductId", "SortOrder", "Unit", "Value")
      VALUES (@p709, @p710, @p711, @p712, @p713, @p714);
      INSERT INTO "ProductSpecifications" ("Id", "Name", "ProductId", "SortOrder", "Unit", "Value")
      VALUES (@p715, @p716, @p717, @p718, @p719, @p720);
      INSERT INTO "ProductSpecifications" ("Id", "Name", "ProductId", "SortOrder", "Unit", "Value")
      VALUES (@p721, @p722, @p723, @p724, @p725, @p726);
      INSERT INTO "ProductSpecifications" ("Id", "Name", "ProductId", "SortOrder", "Unit", "Value")
      VALUES (@p727, @p728, @p729, @p730, @p731, @p732);
      INSERT INTO "ProductSpecifications" ("Id", "Name", "ProductId", "SortOrder", "Unit", "Value")
      VALUES (@p733, @p734, @p735, @p736, @p737, @p738);
      INSERT INTO "ProductSpecifications" ("Id", "Name", "ProductId", "SortOrder", "Unit", "Value")
      VALUES (@p739, @p740, @p741, @p742, @p743, @p744);
      INSERT INTO "ProductSpecifications" ("Id", "Name", "ProductId", "SortOrder", "Unit", "Value")
      VALUES (@p745, @p746, @p747, @p748, @p749, @p750);
      INSERT INTO "ProductSpecifications" ("Id", "Name", "ProductId", "SortOrder", "Unit", "Value")
      VALUES (@p751, @p752, @p753, @p754, @p755, @p756);
      INSERT INTO "ProductSpecifications" ("Id", "Name", "ProductId", "SortOrder", "Unit", "Value")
      VALUES (@p757, @p758, @p759, @p760, @p761, @p762);
      INSERT INTO "ProductSpecifications" ("Id", "Name", "ProductId", "SortOrder", "Unit", "Value")
      VALUES (@p763, @p764, @p765, @p766, @p767, @p768);
      INSERT INTO "ProductSpecifications" ("Id", "Name", "ProductId", "SortOrder", "Unit", "Value")
      VALUES (@p769, @p770, @p771, @p772, @p773, @p774);
      INSERT INTO "ProductSpecifications" ("Id", "Name", "ProductId", "SortOrder", "Unit", "Value")
      VALUES (@p775, @p776, @p777, @p778, @p779, @p780);
      INSERT INTO "ProductSpecifications" ("Id", "Name", "ProductId", "SortOrder", "Unit", "Value")
      VALUES (@p781, @p782, @p783, @p784, @p785, @p786);
      INSERT INTO "ProductSpecifications" ("Id", "Name", "ProductId", "SortOrder", "Unit", "Value")
      VALUES (@p787, @p788, @p789, @p790, @p791, @p792);
      INSERT INTO "ProductSpecifications" ("Id", "Name", "ProductId", "SortOrder", "Unit", "Value")
      VALUES (@p793, @p794, @p795, @p796, @p797, @p798);
      INSERT INTO "ProductVariants" ("Id", "Color", "CreatedAtUtc", "Dimensions", "IsActive", "Kelvin", "Lumen", "Price", "ProductId", "Sku", "Stock", "UpdatedAtUtc", "Watt")
      VALUES (@p799, @p800, @p801, @p802, @p803, @p804, @p805, @p806, @p807, @p808, @p809, @p810, @p811);
      INSERT INTO "ProductVariants" ("Id", "Color", "CreatedAtUtc", "Dimensions", "IsActive", "Kelvin", "Lumen", "Price", "ProductId", "Sku", "Stock", "UpdatedAtUtc", "Watt")
      VALUES (@p812, @p813, @p814, @p815, @p816, @p817, @p818, @p819, @p820, @p821, @p822, @p823, @p824);
      INSERT INTO "ProductVariants" ("Id", "Color", "CreatedAtUtc", "Dimensions", "IsActive", "Kelvin", "Lumen", "Price", "ProductId", "Sku", "Stock", "UpdatedAtUtc", "Watt")
      VALUES (@p825, @p826, @p827, @p828, @p829, @p830, @p831, @p832, @p833, @p834, @p835, @p836, @p837);
      INSERT INTO "ProductVariants" ("Id", "Color", "CreatedAtUtc", "Dimensions", "IsActive", "Kelvin", "Lumen", "Price", "ProductId", "Sku", "Stock", "UpdatedAtUtc", "Watt")
      VALUES (@p838, @p839, @p840, @p841, @p842, @p843, @p844, @p845, @p846, @p847, @p848, @p849, @p850);
      INSERT INTO "ProductVariants" ("Id", "Color", "CreatedAtUtc", "Dimensions", "IsActive", "Kelvin", "Lumen", "Price", "ProductId", "Sku", "Stock", "UpdatedAtUtc", "Watt")
      VALUES (@p851, @p852, @p853, @p854, @p855, @p856, @p857, @p858, @p859, @p860, @p861, @p862, @p863);
      INSERT INTO "ProductVariants" ("Id", "Color", "CreatedAtUtc", "Dimensions", "IsActive", "Kelvin", "Lumen", "Price", "ProductId", "Sku", "Stock", "UpdatedAtUtc", "Watt")
      VALUES (@p864, @p865, @p866, @p867, @p868, @p869, @p870, @p871, @p872, @p873, @p874, @p875, @p876);
      INSERT INTO "ProductVariants" ("Id", "Color", "CreatedAtUtc", "Dimensions", "IsActive", "Kelvin", "Lumen", "Price", "ProductId", "Sku", "Stock", "UpdatedAtUtc", "Watt")
      VALUES (@p877, @p878, @p879, @p880, @p881, @p882, @p883, @p884, @p885, @p886, @p887, @p888, @p889);
      INSERT INTO "ProductVariants" ("Id", "Color", "CreatedAtUtc", "Dimensions", "IsActive", "Kelvin", "Lumen", "Price", "ProductId", "Sku", "Stock", "UpdatedAtUtc", "Watt")
      VALUES (@p890, @p891, @p892, @p893, @p894, @p895, @p896, @p897, @p898, @p899, @p900, @p901, @p902);
      INSERT INTO "ProductVariants" ("Id", "Color", "CreatedAtUtc", "Dimensions", "IsActive", "Kelvin", "Lumen", "Price", "ProductId", "Sku", "Stock", "UpdatedAtUtc", "Watt")
      VALUES (@p903, @p904, @p905, @p906, @p907, @p908, @p909, @p910, @p911, @p912, @p913, @p914, @p915);
      INSERT INTO "ProductVariants" ("Id", "Color", "CreatedAtUtc", "Dimensions", "IsActive", "Kelvin", "Lumen", "Price", "ProductId", "Sku", "Stock", "UpdatedAtUtc", "Watt")
      VALUES (@p916, @p917, @p918, @p919, @p920, @p921, @p922, @p923, @p924, @p925, @p926, @p927, @p928);
      INSERT INTO "ProductVariants" ("Id", "Color", "CreatedAtUtc", "Dimensions", "IsActive", "Kelvin", "Lumen", "Price", "ProductId", "Sku", "Stock", "UpdatedAtUtc", "Watt")
      VALUES (@p929, @p930, @p931, @p932, @p933, @p934, @p935, @p936, @p937, @p938, @p939, @p940, @p941);
      INSERT INTO "ProductVariants" ("Id", "Color", "CreatedAtUtc", "Dimensions", "IsActive", "Kelvin", "Lumen", "Price", "ProductId", "Sku", "Stock", "UpdatedAtUtc", "Watt")
      VALUES (@p942, @p943, @p944, @p945, @p946, @p947, @p948, @p949, @p950, @p951, @p952, @p953, @p954);
      INSERT INTO "ProductVariants" ("Id", "Color", "CreatedAtUtc", "Dimensions", "IsActive", "Kelvin", "Lumen", "Price", "ProductId", "Sku", "Stock", "UpdatedAtUtc", "Watt")
      VALUES (@p955, @p956, @p957, @p958, @p959, @p960, @p961, @p962, @p963, @p964, @p965, @p966, @p967);
      INSERT INTO "ProductVariants" ("Id", "Color", "CreatedAtUtc", "Dimensions", "IsActive", "Kelvin", "Lumen", "Price", "ProductId", "Sku", "Stock", "UpdatedAtUtc", "Watt")
      VALUES (@p968, @p969, @p970, @p971, @p972, @p973, @p974, @p975, @p976, @p977, @p978, @p979, @p980);
      INSERT INTO "ProductVariants" ("Id", "Color", "CreatedAtUtc", "Dimensions", "IsActive", "Kelvin", "Lumen", "Price", "ProductId", "Sku", "Stock", "UpdatedAtUtc", "Watt")
      VALUES (@p981, @p982, @p983, @p984, @p985, @p986, @p987, @p988, @p989, @p990, @p991, @p992, @p993);
      INSERT INTO "ProductVariants" ("Id", "Color", "CreatedAtUtc", "Dimensions", "IsActive", "Kelvin", "Lumen", "Price", "ProductId", "Sku", "Stock", "UpdatedAtUtc", "Watt")
      VALUES (@p994, @p995, @p996, @p997, @p998, @p999, @p1000, @p1001, @p1002, @p1003, @p1004, @p1005, @p1006);
      INSERT INTO "ProductVariants" ("Id", "Color", "CreatedAtUtc", "Dimensions", "IsActive", "Kelvin", "Lumen", "Price", "ProductId", "Sku", "Stock", "UpdatedAtUtc", "Watt")
      VALUES (@p1007, @p1008, @p1009, @p1010, @p1011, @p1012, @p1013, @p1014, @p1015, @p1016, @p1017, @p1018, @p1019);
      INSERT INTO "ProductVariants" ("Id", "Color", "CreatedAtUtc", "Dimensions", "IsActive", "Kelvin", "Lumen", "Price", "ProductId", "Sku", "Stock", "UpdatedAtUtc", "Watt")
      VALUES (@p1020, @p1021, @p1022, @p1023, @p1024, @p1025, @p1026, @p1027, @p1028, @p1029, @p1030, @p1031, @p1032);
      INSERT INTO "ProductVariants" ("Id", "Color", "CreatedAtUtc", "Dimensions", "IsActive", "Kelvin", "Lumen", "Price", "ProductId", "Sku", "Stock", "UpdatedAtUtc", "Watt")
      VALUES (@p1033, @p1034, @p1035, @p1036, @p1037, @p1038, @p1039, @p1040, @p1041, @p1042, @p1043, @p1044, @p1045);
      INSERT INTO "ProductVariants" ("Id", "Color", "CreatedAtUtc", "Dimensions", "IsActive", "Kelvin", "Lumen", "Price", "ProductId", "Sku", "Stock", "UpdatedAtUtc", "Watt")
      VALUES (@p1046, @p1047, @p1048, @p1049, @p1050, @p1051, @p1052, @p1053, @p1054, @p1055, @p1056, @p1057, @p1058);
      INSERT INTO "ProductVariants" ("Id", "Color", "CreatedAtUtc", "Dimensions", "IsActive", "Kelvin", "Lumen", "Price", "ProductId", "Sku", "Stock", "UpdatedAtUtc", "Watt")
      VALUES (@p1059, @p1060, @p1061, @p1062, @p1063, @p1064, @p1065, @p1066, @p1067, @p1068, @p1069, @p1070, @p1071);
      INSERT INTO "ProductVariants" ("Id", "Color", "CreatedAtUtc", "Dimensions", "IsActive", "Kelvin", "Lumen", "Price", "ProductId", "Sku", "Stock", "UpdatedAtUtc", "Watt")
      VALUES (@p1072, @p1073, @p1074, @p1075, @p1076, @p1077, @p1078, @p1079, @p1080, @p1081, @p1082, @p1083, @p1084);
      INSERT INTO "ProductVariants" ("Id", "Color", "CreatedAtUtc", "Dimensions", "IsActive", "Kelvin", "Lumen", "Price", "ProductId", "Sku", "Stock", "UpdatedAtUtc", "Watt")
      VALUES (@p1085, @p1086, @p1087, @p1088, @p1089, @p1090, @p1091, @p1092, @p1093, @p1094, @p1095, @p1096, @p1097);
      INSERT INTO "ProductVariants" ("Id", "Color", "CreatedAtUtc", "Dimensions", "IsActive", "Kelvin", "Lumen", "Price", "ProductId", "Sku", "Stock", "UpdatedAtUtc", "Watt")
      VALUES (@p1098, @p1099, @p1100, @p1101, @p1102, @p1103, @p1104, @p1105, @p1106, @p1107, @p1108, @p1109, @p1110);
      INSERT INTO "ProductVariants" ("Id", "Color", "CreatedAtUtc", "Dimensions", "IsActive", "Kelvin", "Lumen", "Price", "ProductId", "Sku", "Stock", "UpdatedAtUtc", "Watt")
      VALUES (@p1111, @p1112, @p1113, @p1114, @p1115, @p1116, @p1117, @p1118, @p1119, @p1120, @p1121, @p1122, @p1123);
      INSERT INTO "ProductVariants" ("Id", "Color", "CreatedAtUtc", "Dimensions", "IsActive", "Kelvin", "Lumen", "Price", "ProductId", "Sku", "Stock", "UpdatedAtUtc", "Watt")
      VALUES (@p1124, @p1125, @p1126, @p1127, @p1128, @p1129, @p1130, @p1131, @p1132, @p1133, @p1134, @p1135, @p1136);
      INSERT INTO "ProductVariants" ("Id", "Color", "CreatedAtUtc", "Dimensions", "IsActive", "Kelvin", "Lumen", "Price", "ProductId", "Sku", "Stock", "UpdatedAtUtc", "Watt")
      VALUES (@p1137, @p1138, @p1139, @p1140, @p1141, @p1142, @p1143, @p1144, @p1145, @p1146, @p1147, @p1148, @p1149);
      INSERT INTO "ProductVariants" ("Id", "Color", "CreatedAtUtc", "Dimensions", "IsActive", "Kelvin", "Lumen", "Price", "ProductId", "Sku", "Stock", "UpdatedAtUtc", "Watt")
      VALUES (@p1150, @p1151, @p1152, @p1153, @p1154, @p1155, @p1156, @p1157, @p1158, @p1159, @p1160, @p1161, @p1162);
      INSERT INTO "ProductVariants" ("Id", "Color", "CreatedAtUtc", "Dimensions", "IsActive", "Kelvin", "Lumen", "Price", "ProductId", "Sku", "Stock", "UpdatedAtUtc", "Watt")
      VALUES (@p1163, @p1164, @p1165, @p1166, @p1167, @p1168, @p1169, @p1170, @p1171, @p1172, @p1173, @p1174, @p1175);
      INSERT INTO "ProductVariants" ("Id", "Color", "CreatedAtUtc", "Dimensions", "IsActive", "Kelvin", "Lumen", "Price", "ProductId", "Sku", "Stock", "UpdatedAtUtc", "Watt")
      VALUES (@p1176, @p1177, @p1178, @p1179, @p1180, @p1181, @p1182, @p1183, @p1184, @p1185, @p1186, @p1187, @p1188);
      INSERT INTO "ProductVariants" ("Id", "Color", "CreatedAtUtc", "Dimensions", "IsActive", "Kelvin", "Lumen", "Price", "ProductId", "Sku", "Stock", "UpdatedAtUtc", "Watt")
      VALUES (@p1189, @p1190, @p1191, @p1192, @p1193, @p1194, @p1195, @p1196, @p1197, @p1198, @p1199, @p1200, @p1201);
info: Microsoft.EntityFrameworkCore.Database.Command[20101]
      Executed DbCommand (19ms) [Parameters=[@p0='?' (DbType = Guid), @p1='?' (DbType = Boolean), @p2='?', @p3='?', @p4='?' (DbType = Int32), @p5='?' (DbType = Guid), @p6='?' (DbType = Boolean), @p7='?', @p8='?', @p9='?' (DbType = Int32), @p10='?' (DbType = Guid), @p11='?' (DbType = Boolean), @p12='?', @p13='?', @p14='?' (DbType = Int32), @p15='?' (DbType = Guid), @p16='?' (DbType = Boolean), @p17='?', @p18='?', @p19='?' (DbType = Int32), @p20='?' (DbType = Guid), @p21='?' (DbType = Boolean), @p22='?', @p23='?', @p24='?' (DbType = Int32), @p25='?' (DbType = Guid), @p26='?' (DbType = Boolean), @p27='?', @p28='?', @p29='?' (DbType = Int32), @p30='?' (DbType = Guid), @p31='?' (DbType = Boolean), @p32='?', @p33='?', @p34='?' (DbType = Int32), @p35='?' (DbType = Guid), @p36='?' (DbType = DateTime), @p37='?', @p38='?' (DbType = Boolean), @p39='?', @p40='?', @p41='?' (DbType = Int32), @p42='?' (DbType = DateTime), @p43='?' (DbType = Guid), @p44='?' (DbType = DateTime), @p45='?', @p46='?' (DbType = Boolean), @p47='?', @p48='?', @p49='?' (DbType = Int32), @p50='?' (DbType = DateTime), @p51='?' (DbType = Guid), @p52='?' (DbType = DateTime), @p53='?', @p54='?' (DbType = Boolean), @p55='?', @p56='?', @p57='?' (DbType = Int32), @p58='?' (DbType = DateTime), @p59='?' (DbType = Guid), @p60='?' (DbType = DateTime), @p61='?', @p62='?' (DbType = Boolean), @p63='?', @p64='?', @p65='?' (DbType = Int32), @p66='?' (DbType = DateTime), @p67='?' (DbType = Guid), @p68='?' (DbType = DateTime), @p69='?', @p70='?' (DbType = Boolean), @p71='?', @p72='?', @p73='?' (DbType = Int32), @p74='?' (DbType = DateTime), @p75='?' (DbType = Guid), @p76='?' (DbType = DateTime), @p77='?', @p78='?' (DbType = Boolean), @p79='?', @p80='?', @p81='?' (DbType = Int32), @p82='?' (DbType = DateTime), @p83='?' (DbType = Guid), @p84='?' (DbType = Guid), @p85='?' (DbType = DateTime), @p86='?', @p87='?' (DbType = Boolean), @p88='?' (DbType = Boolean), @p89='?', @p90='?', @p91='?', @p92='?' (DbType = DateTime), @p93='?' (DbType = Guid), @p94='?' (DbType = Guid), @p95='?' (DbType = DateTime), @p96='?', @p97='?' (DbType = Boolean), @p98='?' (DbType = Boolean), @p99='?', @p100='?', @p101='?', @p102='?' (DbType = DateTime), @p103='?' (DbType = Guid), @p104='?' (DbType = Guid), @p105='?' (DbType = DateTime), @p106='?', @p107='?' (DbType = Boolean), @p108='?' (DbType = Boolean), @p109='?', @p110='?', @p111='?', @p112='?' (DbType = DateTime), @p113='?' (DbType = Guid), @p114='?' (DbType = Guid), @p115='?' (DbType = DateTime), @p116='?', @p117='?' (DbType = Boolean), @p118='?' (DbType = Boolean), @p119='?', @p120='?', @p121='?', @p122='?' (DbType = DateTime), @p123='?' (DbType = Guid), @p124='?' (DbType = Guid), @p125='?' (DbType = DateTime), @p126='?', @p127='?' (DbType = Boolean), @p128='?' (DbType = Boolean), @p129='?', @p130='?', @p131='?', @p132='?' (DbType = DateTime), @p133='?' (DbType = Guid), @p134='?' (DbType = Guid), @p135='?' (DbType = DateTime), @p136='?', @p137='?' (DbType = Boolean), @p138='?' (DbType = Boolean), @p139='?', @p140='?', @p141='?', @p142='?' (DbType = DateTime), @p143='?' (DbType = Guid), @p144='?' (DbType = Guid), @p145='?' (DbType = DateTime), @p146='?', @p147='?' (DbType = Boolean), @p148='?' (DbType = Boolean), @p149='?', @p150='?', @p151='?', @p152='?' (DbType = DateTime), @p153='?' (DbType = Guid), @p154='?' (DbType = Guid), @p155='?' (DbType = DateTime), @p156='?', @p157='?' (DbType = Boolean), @p158='?' (DbType = Boolean), @p159='?', @p160='?', @p161='?', @p162='?' (DbType = DateTime), @p163='?' (DbType = Guid), @p164='?' (DbType = Guid), @p165='?' (DbType = DateTime), @p166='?', @p167='?' (DbType = Boolean), @p168='?' (DbType = Boolean), @p169='?', @p170='?', @p171='?', @p172='?' (DbType = DateTime), @p173='?' (DbType = Guid), @p174='?' (DbType = Guid), @p175='?' (DbType = DateTime), @p176='?', @p177='?' (DbType = Boolean), @p178='?' (DbType = Boolean), @p179='?', @p180='?', @p181='?', @p182='?' (DbType = DateTime), @p183='?' (DbType = Guid), @p184='?' (DbType = Guid), @p185='?' (DbType = DateTime), @p186='?', @p187='?' (DbType = Boolean), @p188='?' (DbType = Boolean), @p189='?', @p190='?', @p191='?', @p192='?' (DbType = DateTime), @p193='?' (DbType = Guid), @p194='?' (DbType = Guid), @p195='?' (DbType = DateTime), @p196='?', @p197='?' (DbType = Boolean), @p198='?' (DbType = Boolean), @p199='?', @p200='?', @p201='?', @p202='?' (DbType = DateTime), @p203='?' (DbType = Guid), @p204='?' (DbType = Guid), @p205='?' (DbType = Guid), @p206='?' (DbType = Guid), @p207='?' (DbType = Guid), @p208='?' (DbType = Guid), @p209='?' (DbType = Guid), @p210='?' (DbType = Guid), @p211='?' (DbType = Guid), @p212='?' (DbType = Guid), @p213='?' (DbType = Guid), @p214='?' (DbType = Guid), @p215='?' (DbType = Guid), @p216='?' (DbType = Guid), @p217='?' (DbType = Guid), @p218='?' (DbType = Guid), @p219='?' (DbType = Guid), @p220='?' (DbType = Guid), @p221='?' (DbType = Guid), @p222='?' (DbType = Guid), @p223='?' (DbType = Guid), @p224='?' (DbType = Guid), @p225='?' (DbType = Guid), @p226='?' (DbType = Guid), @p227='?' (DbType = Guid), @p228='?' (DbType = Guid), @p229='?' (DbType = Guid), @p230='?' (DbType = Guid), @p231='?' (DbType = Guid), @p232='?' (DbType = Guid), @p233='?' (DbType = Guid), @p234='?' (DbType = Guid), @p235='?' (DbType = Guid), @p236='?' (DbType = Guid), @p237='?' (DbType = Guid), @p238='?' (DbType = Guid), @p239='?' (DbType = Guid), @p240='?' (DbType = Guid), @p241='?' (DbType = Guid), @p242='?' (DbType = Guid), @p243='?' (DbType = Guid), @p244='?' (DbType = Guid), @p245='?' (DbType = Guid), @p246='?' (DbType = Guid), @p247='?' (DbType = Guid), @p248='?' (DbType = Guid), @p249='?' (DbType = Guid), @p250='?' (DbType = Guid), @p251='?' (DbType = Guid), @p252='?' (DbType = Guid), @p253='?' (DbType = Guid), @p254='?' (DbType = Guid), @p255='?' (DbType = Guid), @p256='?' (DbType = Guid), @p257='?' (DbType = Guid), @p258='?' (DbType = Guid), @p259='?' (DbType = Guid), @p260='?' (DbType = Guid), @p261='?' (DbType = Guid), @p262='?' (DbType = Guid), @p263='?' (DbType = Guid), @p264='?' (DbType = Guid), @p265='?' (DbType = Guid), @p266='?' (DbType = Guid), @p267='?' (DbType = Guid), @p268='?' (DbType = Guid), @p269='?' (DbType = Guid), @p270='?', @p271='?' (DbType = DateTime), @p272='?' (DbType = Boolean), @p273='?', @p274='?' (DbType = Guid), @p275='?' (DbType = Int32), @p276='?', @p277='?' (DbType = Guid), @p278='?', @p279='?' (DbType = DateTime), @p280='?' (DbType = Boolean), @p281='?', @p282='?' (DbType = Guid), @p283='?' (DbType = Int32), @p284='?', @p285='?' (DbType = Guid), @p286='?', @p287='?' (DbType = DateTime), @p288='?' (DbType = Boolean), @p289='?', @p290='?' (DbType = Guid), @p291='?' (DbType = Int32), @p292='?', @p293='?' (DbType = Guid), @p294='?', @p295='?' (DbType = DateTime), @p296='?' (DbType = Boolean), @p297='?', @p298='?' (DbType = Guid), @p299='?' (DbType = Int32), @p300='?', @p301='?' (DbType = Guid), @p302='?', @p303='?' (DbType = DateTime), @p304='?' (DbType = Boolean), @p305='?', @p306='?' (DbType = Guid), @p307='?' (DbType = Int32), @p308='?', @p309='?' (DbType = Guid), @p310='?', @p311='?' (DbType = DateTime), @p312='?' (DbType = Boolean), @p313='?', @p314='?' (DbType = Guid), @p315='?' (DbType = Int32), @p316='?', @p317='?' (DbType = Guid), @p318='?', @p319='?' (DbType = DateTime), @p320='?' (DbType = Boolean), @p321='?', @p322='?' (DbType = Guid), @p323='?' (DbType = Int32), @p324='?', @p325='?' (DbType = Guid), @p326='?', @p327='?' (DbType = DateTime), @p328='?' (DbType = Boolean), @p329='?', @p330='?' (DbType = Guid), @p331='?' (DbType = Int32), @p332='?', @p333='?' (DbType = Guid), @p334='?', @p335='?' (DbType = DateTime), @p336='?' (DbType = Boolean), @p337='?', @p338='?' (DbType = Guid), @p339='?' (DbType = Int32), @p340='?', @p341='?' (DbType = Guid), @p342='?', @p343='?' (DbType = DateTime), @p344='?' (DbType = Boolean), @p345='?', @p346='?' (DbType = Guid), @p347='?' (DbType = Int32), @p348='?', @p349='?' (DbType = Guid), @p350='?', @p351='?' (DbType = DateTime), @p352='?' (DbType = Boolean), @p353='?', @p354='?' (DbType = Guid), @p355='?' (DbType = Int32), @p356='?', @p357='?' (DbType = Guid), @p358='?', @p359='?' (DbType = DateTime), @p360='?' (DbType = Boolean), @p361='?', @p362='?' (DbType = Guid), @p363='?' (DbType = Int32), @p364='?', @p365='?' (DbType = Guid), @p366='?', @p367='?' (DbType = DateTime), @p368='?' (DbType = Boolean), @p369='?', @p370='?' (DbType = Guid), @p371='?' (DbType = Int32), @p372='?', @p373='?' (DbType = Guid), @p374='?', @p375='?' (DbType = DateTime), @p376='?' (DbType = Boolean), @p377='?', @p378='?' (DbType = Guid), @p379='?' (DbType = Int32), @p380='?', @p381='?' (DbType = Guid), @p382='?', @p383='?' (DbType = DateTime), @p384='?' (DbType = Boolean), @p385='?', @p386='?' (DbType = Guid), @p387='?' (DbType = Int32), @p388='?', @p389='?' (DbType = Guid), @p390='?', @p391='?' (DbType = DateTime), @p392='?' (DbType = Boolean), @p393='?', @p394='?' (DbType = Guid), @p395='?' (DbType = Int32), @p396='?', @p397='?' (DbType = Guid), @p398='?', @p399='?' (DbType = DateTime), @p400='?' (DbType = Boolean), @p401='?', @p402='?' (DbType = Guid), @p403='?' (DbType = Int32), @p404='?', @p405='?' (DbType = Guid), @p406='?', @p407='?' (DbType = DateTime), @p408='?' (DbType = Boolean), @p409='?', @p410='?' (DbType = Guid), @p411='?' (DbType = Int32), @p412='?', @p413='?' (DbType = Guid), @p414='?', @p415='?' (DbType = DateTime), @p416='?' (DbType = Boolean), @p417='?', @p418='?' (DbType = Guid), @p419='?' (DbType = Int32), @p420='?', @p421='?' (DbType = Guid), @p422='?', @p423='?' (DbType = DateTime), @p424='?' (DbType = Boolean), @p425='?', @p426='?' (DbType = Guid), @p427='?' (DbType = Int32), @p428='?', @p429='?' (DbType = Guid), @p430='?', @p431='?' (DbType = DateTime), @p432='?' (DbType = Boolean), @p433='?', @p434='?' (DbType = Guid), @p435='?' (DbType = Int32), @p436='?', @p437='?' (DbType = Guid), @p438='?', @p439='?' (DbType = DateTime), @p440='?' (DbType = Boolean), @p441='?', @p442='?' (DbType = Guid), @p443='?' (DbType = Int32), @p444='?', @p445='?' (DbType = Guid), @p446='?', @p447='?' (DbType = DateTime), @p448='?' (DbType = Boolean), @p449='?', @p450='?' (DbType = Guid), @p451='?' (DbType = Int32), @p452='?', @p453='?' (DbType = Guid), @p454='?', @p455='?' (DbType = DateTime), @p456='?' (DbType = Boolean), @p457='?', @p458='?' (DbType = Guid), @p459='?' (DbType = Int32), @p460='?', @p461='?' (DbType = Guid), @p462='?', @p463='?' (DbType = DateTime), @p464='?' (DbType = Boolean), @p465='?', @p466='?' (DbType = Guid), @p467='?' (DbType = Int32), @p468='?', @p469='?' (DbType = Guid), @p470='?', @p471='?' (DbType = DateTime), @p472='?' (DbType = Boolean), @p473='?', @p474='?' (DbType = Guid), @p475='?' (DbType = Int32), @p476='?', @p477='?' (DbType = Guid), @p478='?', @p479='?' (DbType = DateTime), @p480='?' (DbType = Boolean), @p481='?', @p482='?' (DbType = Guid), @p483='?' (DbType = Int32), @p484='?', @p485='?' (DbType = Guid), @p486='?', @p487='?' (DbType = DateTime), @p488='?' (DbType = Boolean), @p489='?', @p490='?' (DbType = Guid), @p491='?' (DbType = Int32), @p492='?', @p493='?' (DbType = Guid), @p494='?', @p495='?' (DbType = Guid), @p496='?' (DbType = Int32), @p497='?', @p498='?', @p499='?' (DbType = Guid), @p500='?', @p501='?' (DbType = Guid), @p502='?' (DbType = Int32), @p503='?', @p504='?', @p505='?' (DbType = Guid), @p506='?', @p507='?' (DbType = Guid), @p508='?' (DbType = Int32), @p509='?', @p510='?', @p511='?' (DbType = Guid), @p512='?', @p513='?' (DbType = Guid), @p514='?' (DbType = Int32), @p515='?', @p516='?', @p517='?' (DbType = Guid), @p518='?', @p519='?' (DbType = Guid), @p520='?' (DbType = Int32), @p521='?', @p522='?', @p523='?' (DbType = Guid), @p524='?', @p525='?' (DbType = Guid), @p526='?' (DbType = Int32), @p527='?', @p528='?', @p529='?' (DbType = Guid), @p530='?', @p531='?' (DbType = Guid), @p532='?' (DbType = Int32), @p533='?', @p534='?', @p535='?' (DbType = Guid), @p536='?', @p537='?' (DbType = Guid), @p538='?' (DbType = Int32), @p539='?', @p540='?', @p541='?' (DbType = Guid), @p542='?', @p543='?' (DbType = Guid), @p544='?' (DbType = Int32), @p545='?', @p546='?', @p547='?' (DbType = Guid), @p548='?', @p549='?' (DbType = Guid), @p550='?' (DbType = Int32), @p551='?', @p552='?', @p553='?' (DbType = Guid), @p554='?', @p555='?' (DbType = Guid), @p556='?' (DbType = Int32), @p557='?', @p558='?', @p559='?' (DbType = Guid), @p560='?', @p561='?' (DbType = Guid), @p562='?' (DbType = Int32), @p563='?', @p564='?', @p565='?' (DbType = Guid), @p566='?', @p567='?' (DbType = Guid), @p568='?' (DbType = Int32), @p569='?', @p570='?', @p571='?' (DbType = Guid), @p572='?', @p573='?' (DbType = Guid), @p574='?' (DbType = Int32), @p575='?', @p576='?', @p577='?' (DbType = Guid), @p578='?', @p579='?' (DbType = Guid), @p580='?' (DbType = Int32), @p581='?', @p582='?', @p583='?' (DbType = Guid), @p584='?', @p585='?' (DbType = Guid), @p586='?' (DbType = Int32), @p587='?', @p588='?', @p589='?' (DbType = Guid), @p590='?', @p591='?' (DbType = Guid), @p592='?' (DbType = Int32), @p593='?', @p594='?', @p595='?' (DbType = Guid), @p596='?', @p597='?' (DbType = Guid), @p598='?' (DbType = Int32), @p599='?', @p600='?', @p601='?' (DbType = Guid), @p602='?', @p603='?' (DbType = Guid), @p604='?' (DbType = Int32), @p605='?', @p606='?', @p607='?' (DbType = Guid), @p608='?', @p609='?' (DbType = Guid), @p610='?' (DbType = Int32), @p611='?', @p612='?', @p613='?' (DbType = Guid), @p614='?', @p615='?' (DbType = Guid), @p616='?' (DbType = Int32), @p617='?', @p618='?', @p619='?' (DbType = Guid), @p620='?', @p621='?' (DbType = Guid), @p622='?' (DbType = Int32), @p623='?', @p624='?', @p625='?' (DbType = Guid), @p626='?', @p627='?' (DbType = Guid), @p628='?' (DbType = Int32), @p629='?', @p630='?', @p631='?' (DbType = Guid), @p632='?', @p633='?' (DbType = Guid), @p634='?' (DbType = Int32), @p635='?', @p636='?', @p637='?' (DbType = Guid), @p638='?', @p639='?' (DbType = Guid), @p640='?' (DbType = Int32), @p641='?', @p642='?', @p643='?' (DbType = Guid), @p644='?', @p645='?' (DbType = Guid), @p646='?' (DbType = Int32), @p647='?', @p648='?', @p649='?' (DbType = Guid), @p650='?', @p651='?' (DbType = Guid), @p652='?' (DbType = Int32), @p653='?', @p654='?', @p655='?' (DbType = Guid), @p656='?', @p657='?' (DbType = Guid), @p658='?' (DbType = Int32), @p659='?', @p660='?', @p661='?' (DbType = Guid), @p662='?', @p663='?' (DbType = Guid), @p664='?' (DbType = Int32), @p665='?', @p666='?', @p667='?' (DbType = Guid), @p668='?', @p669='?' (DbType = Guid), @p670='?' (DbType = Int32), @p671='?', @p672='?', @p673='?' (DbType = Guid), @p674='?', @p675='?' (DbType = Guid), @p676='?' (DbType = Int32), @p677='?', @p678='?', @p679='?' (DbType = Guid), @p680='?', @p681='?' (DbType = Guid), @p682='?' (DbType = Int32), @p683='?', @p684='?', @p685='?' (DbType = Guid), @p686='?', @p687='?' (DbType = Guid), @p688='?' (DbType = Int32), @p689='?', @p690='?', @p691='?' (DbType = Guid), @p692='?', @p693='?' (DbType = Guid), @p694='?' (DbType = Int32), @p695='?', @p696='?', @p697='?' (DbType = Guid), @p698='?', @p699='?' (DbType = Guid), @p700='?' (DbType = Int32), @p701='?', @p702='?', @p703='?' (DbType = Guid), @p704='?', @p705='?' (DbType = Guid), @p706='?' (DbType = Int32), @p707='?', @p708='?', @p709='?' (DbType = Guid), @p710='?', @p711='?' (DbType = Guid), @p712='?' (DbType = Int32), @p713='?', @p714='?', @p715='?' (DbType = Guid), @p716='?', @p717='?' (DbType = Guid), @p718='?' (DbType = Int32), @p719='?', @p720='?', @p721='?' (DbType = Guid), @p722='?', @p723='?' (DbType = Guid), @p724='?' (DbType = Int32), @p725='?', @p726='?', @p727='?' (DbType = Guid), @p728='?', @p729='?' (DbType = Guid), @p730='?' (DbType = Int32), @p731='?', @p732='?', @p733='?' (DbType = Guid), @p734='?', @p735='?' (DbType = Guid), @p736='?' (DbType = Int32), @p737='?', @p738='?', @p739='?' (DbType = Guid), @p740='?', @p741='?' (DbType = Guid), @p742='?' (DbType = Int32), @p743='?', @p744='?', @p745='?' (DbType = Guid), @p746='?', @p747='?' (DbType = Guid), @p748='?' (DbType = Int32), @p749='?', @p750='?', @p751='?' (DbType = Guid), @p752='?', @p753='?' (DbType = Guid), @p754='?' (DbType = Int32), @p755='?', @p756='?', @p757='?' (DbType = Guid), @p758='?', @p759='?' (DbType = Guid), @p760='?' (DbType = Int32), @p761='?', @p762='?', @p763='?' (DbType = Guid), @p764='?', @p765='?' (DbType = Guid), @p766='?' (DbType = Int32), @p767='?', @p768='?', @p769='?' (DbType = Guid), @p770='?', @p771='?' (DbType = Guid), @p772='?' (DbType = Int32), @p773='?', @p774='?', @p775='?' (DbType = Guid), @p776='?', @p777='?' (DbType = Guid), @p778='?' (DbType = Int32), @p779='?', @p780='?', @p781='?' (DbType = Guid), @p782='?', @p783='?' (DbType = Guid), @p784='?' (DbType = Int32), @p785='?', @p786='?', @p787='?' (DbType = Guid), @p788='?', @p789='?' (DbType = Guid), @p790='?' (DbType = Int32), @p791='?', @p792='?', @p793='?' (DbType = Guid), @p794='?', @p795='?' (DbType = Guid), @p796='?' (DbType = Int32), @p797='?', @p798='?', @p799='?' (DbType = Guid), @p800='?', @p801='?' (DbType = DateTime), @p802='?', @p803='?' (DbType = Boolean), @p804='?' (DbType = Int32), @p805='?' (DbType = Int32), @p806='?' (DbType = Decimal), @p807='?' (DbType = Guid), @p808='?', @p809='?' (DbType = Int32), @p810='?' (DbType = DateTime), @p811='?' (DbType = Int32), @p812='?' (DbType = Guid), @p813='?', @p814='?' (DbType = DateTime), @p815='?', @p816='?' (DbType = Boolean), @p817='?' (DbType = Int32), @p818='?' (DbType = Int32), @p819='?' (DbType = Decimal), @p820='?' (DbType = Guid), @p821='?', @p822='?' (DbType = Int32), @p823='?' (DbType = DateTime), @p824='?' (DbType = Int32), @p825='?' (DbType = Guid), @p826='?', @p827='?' (DbType = DateTime), @p828='?', @p829='?' (DbType = Boolean), @p830='?' (DbType = Int32), @p831='?' (DbType = Int32), @p832='?' (DbType = Decimal), @p833='?' (DbType = Guid), @p834='?', @p835='?' (DbType = Int32), @p836='?' (DbType = DateTime), @p837='?' (DbType = Int32), @p838='?' (DbType = Guid), @p839='?', @p840='?' (DbType = DateTime), @p841='?', @p842='?' (DbType = Boolean), @p843='?' (DbType = Int32), @p844='?' (DbType = Int32), @p845='?' (DbType = Decimal), @p846='?' (DbType = Guid), @p847='?', @p848='?' (DbType = Int32), @p849='?' (DbType = DateTime), @p850='?' (DbType = Int32), @p851='?' (DbType = Guid), @p852='?', @p853='?' (DbType = DateTime), @p854='?', @p855='?' (DbType = Boolean), @p856='?' (DbType = Int32), @p857='?' (DbType = Int32), @p858='?' (DbType = Decimal), @p859='?' (DbType = Guid), @p860='?', @p861='?' (DbType = Int32), @p862='?' (DbType = DateTime), @p863='?' (DbType = Int32), @p864='?' (DbType = Guid), @p865='?', @p866='?' (DbType = DateTime), @p867='?', @p868='?' (DbType = Boolean), @p869='?' (DbType = Int32), @p870='?' (DbType = Int32), @p871='?' (DbType = Decimal), @p872='?' (DbType = Guid), @p873='?', @p874='?' (DbType = Int32), @p875='?' (DbType = DateTime), @p876='?' (DbType = Int32), @p877='?' (DbType = Guid), @p878='?', @p879='?' (DbType = DateTime), @p880='?', @p881='?' (DbType = Boolean), @p882='?' (DbType = Int32), @p883='?' (DbType = Int32), @p884='?' (DbType = Decimal), @p885='?' (DbType = Guid), @p886='?', @p887='?' (DbType = Int32), @p888='?' (DbType = DateTime), @p889='?' (DbType = Int32), @p890='?' (DbType = Guid), @p891='?', @p892='?' (DbType = DateTime), @p893='?', @p894='?' (DbType = Boolean), @p895='?' (DbType = Int32), @p896='?' (DbType = Int32), @p897='?' (DbType = Decimal), @p898='?' (DbType = Guid), @p899='?', @p900='?' (DbType = Int32), @p901='?' (DbType = DateTime), @p902='?' (DbType = Int32), @p903='?' (DbType = Guid), @p904='?', @p905='?' (DbType = DateTime), @p906='?', @p907='?' (DbType = Boolean), @p908='?' (DbType = Int32), @p909='?' (DbType = Int32), @p910='?' (DbType = Decimal), @p911='?' (DbType = Guid), @p912='?', @p913='?' (DbType = Int32), @p914='?' (DbType = DateTime), @p915='?' (DbType = Int32), @p916='?' (DbType = Guid), @p917='?', @p918='?' (DbType = DateTime), @p919='?', @p920='?' (DbType = Boolean), @p921='?' (DbType = Int32), @p922='?' (DbType = Int32), @p923='?' (DbType = Decimal), @p924='?' (DbType = Guid), @p925='?', @p926='?' (DbType = Int32), @p927='?' (DbType = DateTime), @p928='?' (DbType = Int32), @p929='?' (DbType = Guid), @p930='?', @p931='?' (DbType = DateTime), @p932='?', @p933='?' (DbType = Boolean), @p934='?' (DbType = Int32), @p935='?' (DbType = Int32), @p936='?' (DbType = Decimal), @p937='?' (DbType = Guid), @p938='?', @p939='?' (DbType = Int32), @p940='?' (DbType = DateTime), @p941='?' (DbType = Int32), @p942='?' (DbType = Guid), @p943='?', @p944='?' (DbType = DateTime), @p945='?', @p946='?' (DbType = Boolean), @p947='?' (DbType = Int32), @p948='?' (DbType = Int32), @p949='?' (DbType = Decimal), @p950='?' (DbType = Guid), @p951='?', @p952='?' (DbType = Int32), @p953='?' (DbType = DateTime), @p954='?' (DbType = Int32), @p955='?' (DbType = Guid), @p956='?', @p957='?' (DbType = DateTime), @p958='?', @p959='?' (DbType = Boolean), @p960='?' (DbType = Int32), @p961='?' (DbType = Int32), @p962='?' (DbType = Decimal), @p963='?' (DbType = Guid), @p964='?', @p965='?' (DbType = Int32), @p966='?' (DbType = DateTime), @p967='?' (DbType = Int32), @p968='?' (DbType = Guid), @p969='?', @p970='?' (DbType = DateTime), @p971='?', @p972='?' (DbType = Boolean), @p973='?' (DbType = Int32), @p974='?' (DbType = Int32), @p975='?' (DbType = Decimal), @p976='?' (DbType = Guid), @p977='?', @p978='?' (DbType = Int32), @p979='?' (DbType = DateTime), @p980='?' (DbType = Int32), @p981='?' (DbType = Guid), @p982='?', @p983='?' (DbType = DateTime), @p984='?', @p985='?' (DbType = Boolean), @p986='?' (DbType = Int32), @p987='?' (DbType = Int32), @p988='?' (DbType = Decimal), @p989='?' (DbType = Guid), @p990='?', @p991='?' (DbType = Int32), @p992='?' (DbType = DateTime), @p993='?' (DbType = Int32), @p994='?' (DbType = Guid), @p995='?', @p996='?' (DbType = DateTime), @p997='?', @p998='?' (DbType = Boolean), @p999='?' (DbType = Int32), @p1000='?' (DbType = Int32), @p1001='?' (DbType = Decimal), @p1002='?' (DbType = Guid), @p1003='?', @p1004='?' (DbType = Int32), @p1005='?' (DbType = DateTime), @p1006='?' (DbType = Int32), @p1007='?' (DbType = Guid), @p1008='?', @p1009='?' (DbType = DateTime), @p1010='?', @p1011='?' (DbType = Boolean), @p1012='?' (DbType = Int32), @p1013='?' (DbType = Int32), @p1014='?' (DbType = Decimal), @p1015='?' (DbType = Guid), @p1016='?', @p1017='?' (DbType = Int32), @p1018='?' (DbType = DateTime), @p1019='?' (DbType = Int32), @p1020='?' (DbType = Guid), @p1021='?', @p1022='?' (DbType = DateTime), @p1023='?', @p1024='?' (DbType = Boolean), @p1025='?' (DbType = Int32), @p1026='?' (DbType = Int32), @p1027='?' (DbType = Decimal), @p1028='?' (DbType = Guid), @p1029='?', @p1030='?' (DbType = Int32), @p1031='?' (DbType = DateTime), @p1032='?' (DbType = Int32), @p1033='?' (DbType = Guid), @p1034='?', @p1035='?' (DbType = DateTime), @p1036='?', @p1037='?' (DbType = Boolean), @p1038='?' (DbType = Int32), @p1039='?' (DbType = Int32), @p1040='?' (DbType = Decimal), @p1041='?' (DbType = Guid), @p1042='?', @p1043='?' (DbType = Int32), @p1044='?' (DbType = DateTime), @p1045='?' (DbType = Int32), @p1046='?' (DbType = Guid), @p1047='?', @p1048='?' (DbType = DateTime), @p1049='?', @p1050='?' (DbType = Boolean), @p1051='?' (DbType = Int32), @p1052='?' (DbType = Int32), @p1053='?' (DbType = Decimal), @p1054='?' (DbType = Guid), @p1055='?', @p1056='?' (DbType = Int32), @p1057='?' (DbType = DateTime), @p1058='?' (DbType = Int32), @p1059='?' (DbType = Guid), @p1060='?', @p1061='?' (DbType = DateTime), @p1062='?', @p1063='?' (DbType = Boolean), @p1064='?' (DbType = Int32), @p1065='?' (DbType = Int32), @p1066='?' (DbType = Decimal), @p1067='?' (DbType = Guid), @p1068='?', @p1069='?' (DbType = Int32), @p1070='?' (DbType = DateTime), @p1071='?' (DbType = Int32), @p1072='?' (DbType = Guid), @p1073='?', @p1074='?' (DbType = DateTime), @p1075='?', @p1076='?' (DbType = Boolean), @p1077='?' (DbType = Int32), @p1078='?' (DbType = Int32), @p1079='?' (DbType = Decimal), @p1080='?' (DbType = Guid), @p1081='?', @p1082='?' (DbType = Int32), @p1083='?' (DbType = DateTime), @p1084='?' (DbType = Int32), @p1085='?' (DbType = Guid), @p1086='?', @p1087='?' (DbType = DateTime), @p1088='?', @p1089='?' (DbType = Boolean), @p1090='?' (DbType = Int32), @p1091='?' (DbType = Int32), @p1092='?' (DbType = Decimal), @p1093='?' (DbType = Guid), @p1094='?', @p1095='?' (DbType = Int32), @p1096='?' (DbType = DateTime), @p1097='?' (DbType = Int32), @p1098='?' (DbType = Guid), @p1099='?', @p1100='?' (DbType = DateTime), @p1101='?', @p1102='?' (DbType = Boolean), @p1103='?' (DbType = Int32), @p1104='?' (DbType = Int32), @p1105='?' (DbType = Decimal), @p1106='?' (DbType = Guid), @p1107='?', @p1108='?' (DbType = Int32), @p1109='?' (DbType = DateTime), @p1110='?' (DbType = Int32), @p1111='?' (DbType = Guid), @p1112='?', @p1113='?' (DbType = DateTime), @p1114='?', @p1115='?' (DbType = Boolean), @p1116='?' (DbType = Int32), @p1117='?' (DbType = Int32), @p1118='?' (DbType = Decimal), @p1119='?' (DbType = Guid), @p1120='?', @p1121='?' (DbType = Int32), @p1122='?' (DbType = DateTime), @p1123='?' (DbType = Int32), @p1124='?' (DbType = Guid), @p1125='?', @p1126='?' (DbType = DateTime), @p1127='?', @p1128='?' (DbType = Boolean), @p1129='?' (DbType = Int32), @p1130='?' (DbType = Int32), @p1131='?' (DbType = Decimal), @p1132='?' (DbType = Guid), @p1133='?', @p1134='?' (DbType = Int32), @p1135='?' (DbType = DateTime), @p1136='?' (DbType = Int32), @p1137='?' (DbType = Guid), @p1138='?', @p1139='?' (DbType = DateTime), @p1140='?', @p1141='?' (DbType = Boolean), @p1142='?' (DbType = Int32), @p1143='?' (DbType = Int32), @p1144='?' (DbType = Decimal), @p1145='?' (DbType = Guid), @p1146='?', @p1147='?' (DbType = Int32), @p1148='?' (DbType = DateTime), @p1149='?' (DbType = Int32), @p1150='?' (DbType = Guid), @p1151='?', @p1152='?' (DbType = DateTime), @p1153='?', @p1154='?' (DbType = Boolean), @p1155='?' (DbType = Int32), @p1156='?' (DbType = Int32), @p1157='?' (DbType = Decimal), @p1158='?' (DbType = Guid), @p1159='?', @p1160='?' (DbType = Int32), @p1161='?' (DbType = DateTime), @p1162='?' (DbType = Int32), @p1163='?' (DbType = Guid), @p1164='?', @p1165='?' (DbType = DateTime), @p1166='?', @p1167='?' (DbType = Boolean), @p1168='?' (DbType = Int32), @p1169='?' (DbType = Int32), @p1170='?' (DbType = Decimal), @p1171='?' (DbType = Guid), @p1172='?', @p1173='?' (DbType = Int32), @p1174='?' (DbType = DateTime), @p1175='?' (DbType = Int32), @p1176='?' (DbType = Guid), @p1177='?', @p1178='?' (DbType = DateTime), @p1179='?', @p1180='?' (DbType = Boolean), @p1181='?' (DbType = Int32), @p1182='?' (DbType = Int32), @p1183='?' (DbType = Decimal), @p1184='?' (DbType = Guid), @p1185='?', @p1186='?' (DbType = Int32), @p1187='?' (DbType = DateTime), @p1188='?' (DbType = Int32), @p1189='?' (DbType = Guid), @p1190='?', @p1191='?' (DbType = DateTime), @p1192='?', @p1193='?' (DbType = Boolean), @p1194='?' (DbType = Int32), @p1195='?' (DbType = Int32), @p1196='?' (DbType = Decimal), @p1197='?' (DbType = Guid), @p1198='?', @p1199='?' (DbType = Int32), @p1200='?' (DbType = DateTime), @p1201='?' (DbType = Int32)], CommandType='Text', CommandTimeout='30']
      INSERT INTO "ApplicationAreas" ("Id", "IsActive", "Name", "Slug", "SortOrder")
      VALUES (@p0, @p1, @p2, @p3, @p4);
      INSERT INTO "ApplicationAreas" ("Id", "IsActive", "Name", "Slug", "SortOrder")
      VALUES (@p5, @p6, @p7, @p8, @p9);
      INSERT INTO "ApplicationAreas" ("Id", "IsActive", "Name", "Slug", "SortOrder")
      VALUES (@p10, @p11, @p12, @p13, @p14);
      INSERT INTO "ApplicationAreas" ("Id", "IsActive", "Name", "Slug", "SortOrder")
      VALUES (@p15, @p16, @p17, @p18, @p19);
      INSERT INTO "ApplicationAreas" ("Id", "IsActive", "Name", "Slug", "SortOrder")
      VALUES (@p20, @p21, @p22, @p23, @p24);
      INSERT INTO "ApplicationAreas" ("Id", "IsActive", "Name", "Slug", "SortOrder")
      VALUES (@p25, @p26, @p27, @p28, @p29);
      INSERT INTO "ApplicationAreas" ("Id", "IsActive", "Name", "Slug", "SortOrder")
      VALUES (@p30, @p31, @p32, @p33, @p34);
      INSERT INTO "Categories" ("Id", "CreatedAtUtc", "Description", "IsActive", "Name", "Slug", "SortOrder", "UpdatedAtUtc")
      VALUES (@p35, @p36, @p37, @p38, @p39, @p40, @p41, @p42);
      INSERT INTO "Categories" ("Id", "CreatedAtUtc", "Description", "IsActive", "Name", "Slug", "SortOrder", "UpdatedAtUtc")
      VALUES (@p43, @p44, @p45, @p46, @p47, @p48, @p49, @p50);
      INSERT INTO "Categories" ("Id", "CreatedAtUtc", "Description", "IsActive", "Name", "Slug", "SortOrder", "UpdatedAtUtc")
      VALUES (@p51, @p52, @p53, @p54, @p55, @p56, @p57, @p58);
      INSERT INTO "Categories" ("Id", "CreatedAtUtc", "Description", "IsActive", "Name", "Slug", "SortOrder", "UpdatedAtUtc")
      VALUES (@p59, @p60, @p61, @p62, @p63, @p64, @p65, @p66);
      INSERT INTO "Categories" ("Id", "CreatedAtUtc", "Description", "IsActive", "Name", "Slug", "SortOrder", "UpdatedAtUtc")
      VALUES (@p67, @p68, @p69, @p70, @p71, @p72, @p73, @p74);
      INSERT INTO "Categories" ("Id", "CreatedAtUtc", "Description", "IsActive", "Name", "Slug", "SortOrder", "UpdatedAtUtc")
      VALUES (@p75, @p76, @p77, @p78, @p79, @p80, @p81, @p82);
      INSERT INTO "Products" ("Id", "CategoryId", "CreatedAtUtc", "Description", "IsActive", "IsFeatured", "Name", "ShortDescription", "Slug", "UpdatedAtUtc")
      VALUES (@p83, @p84, @p85, @p86, @p87, @p88, @p89, @p90, @p91, @p92);
      INSERT INTO "Products" ("Id", "CategoryId", "CreatedAtUtc", "Description", "IsActive", "IsFeatured", "Name", "ShortDescription", "Slug", "UpdatedAtUtc")
      VALUES (@p93, @p94, @p95, @p96, @p97, @p98, @p99, @p100, @p101, @p102);
      INSERT INTO "Products" ("Id", "CategoryId", "CreatedAtUtc", "Description", "IsActive", "IsFeatured", "Name", "ShortDescription", "Slug", "UpdatedAtUtc")
      VALUES (@p103, @p104, @p105, @p106, @p107, @p108, @p109, @p110, @p111, @p112);
      INSERT INTO "Products" ("Id", "CategoryId", "CreatedAtUtc", "Description", "IsActive", "IsFeatured", "Name", "ShortDescription", "Slug", "UpdatedAtUtc")
      VALUES (@p113, @p114, @p115, @p116, @p117, @p118, @p119, @p120, @p121, @p122);
      INSERT INTO "Products" ("Id", "CategoryId", "CreatedAtUtc", "Description", "IsActive", "IsFeatured", "Name", "ShortDescription", "Slug", "UpdatedAtUtc")
      VALUES (@p123, @p124, @p125, @p126, @p127, @p128, @p129, @p130, @p131, @p132);
      INSERT INTO "Products" ("Id", "CategoryId", "CreatedAtUtc", "Description", "IsActive", "IsFeatured", "Name", "ShortDescription", "Slug", "UpdatedAtUtc")
      VALUES (@p133, @p134, @p135, @p136, @p137, @p138, @p139, @p140, @p141, @p142);
      INSERT INTO "Products" ("Id", "CategoryId", "CreatedAtUtc", "Description", "IsActive", "IsFeatured", "Name", "ShortDescription", "Slug", "UpdatedAtUtc")
      VALUES (@p143, @p144, @p145, @p146, @p147, @p148, @p149, @p150, @p151, @p152);
      INSERT INTO "Products" ("Id", "CategoryId", "CreatedAtUtc", "Description", "IsActive", "IsFeatured", "Name", "ShortDescription", "Slug", "UpdatedAtUtc")
      VALUES (@p153, @p154, @p155, @p156, @p157, @p158, @p159, @p160, @p161, @p162);
      INSERT INTO "Products" ("Id", "CategoryId", "CreatedAtUtc", "Description", "IsActive", "IsFeatured", "Name", "ShortDescription", "Slug", "UpdatedAtUtc")
      VALUES (@p163, @p164, @p165, @p166, @p167, @p168, @p169, @p170, @p171, @p172);
      INSERT INTO "Products" ("Id", "CategoryId", "CreatedAtUtc", "Description", "IsActive", "IsFeatured", "Name", "ShortDescription", "Slug", "UpdatedAtUtc")
      VALUES (@p173, @p174, @p175, @p176, @p177, @p178, @p179, @p180, @p181, @p182);
      INSERT INTO "Products" ("Id", "CategoryId", "CreatedAtUtc", "Description", "IsActive", "IsFeatured", "Name", "ShortDescription", "Slug", "UpdatedAtUtc")
      VALUES (@p183, @p184, @p185, @p186, @p187, @p188, @p189, @p190, @p191, @p192);
      INSERT INTO "Products" ("Id", "CategoryId", "CreatedAtUtc", "Description", "IsActive", "IsFeatured", "Name", "ShortDescription", "Slug", "UpdatedAtUtc")
      VALUES (@p193, @p194, @p195, @p196, @p197, @p198, @p199, @p200, @p201, @p202);
      INSERT INTO "ProductApplicationAreas" ("ApplicationAreaId", "ProductId")
      VALUES (@p203, @p204);
      INSERT INTO "ProductApplicationAreas" ("ApplicationAreaId", "ProductId")
      VALUES (@p205, @p206);
      INSERT INTO "ProductApplicationAreas" ("ApplicationAreaId", "ProductId")
      VALUES (@p207, @p208);
      INSERT INTO "ProductApplicationAreas" ("ApplicationAreaId", "ProductId")
      VALUES (@p209, @p210);
      INSERT INTO "ProductApplicationAreas" ("ApplicationAreaId", "ProductId")
      VALUES (@p211, @p212);
      INSERT INTO "ProductApplicationAreas" ("ApplicationAreaId", "ProductId")
      VALUES (@p213, @p214);
      INSERT INTO "ProductApplicationAreas" ("ApplicationAreaId", "ProductId")
      VALUES (@p215, @p216);
      INSERT INTO "ProductApplicationAreas" ("ApplicationAreaId", "ProductId")
      VALUES (@p217, @p218);
      INSERT INTO "ProductApplicationAreas" ("ApplicationAreaId", "ProductId")
      VALUES (@p219, @p220);
      INSERT INTO "ProductApplicationAreas" ("ApplicationAreaId", "ProductId")
      VALUES (@p221, @p222);
      INSERT INTO "ProductApplicationAreas" ("ApplicationAreaId", "ProductId")
      VALUES (@p223, @p224);
      INSERT INTO "ProductApplicationAreas" ("ApplicationAreaId", "ProductId")
      VALUES (@p225, @p226);
      INSERT INTO "ProductApplicationAreas" ("ApplicationAreaId", "ProductId")
      VALUES (@p227, @p228);
      INSERT INTO "ProductApplicationAreas" ("ApplicationAreaId", "ProductId")
      VALUES (@p229, @p230);
      INSERT INTO "ProductApplicationAreas" ("ApplicationAreaId", "ProductId")
      VALUES (@p231, @p232);
      INSERT INTO "ProductApplicationAreas" ("ApplicationAreaId", "ProductId")
      VALUES (@p233, @p234);
      INSERT INTO "ProductApplicationAreas" ("ApplicationAreaId", "ProductId")
      VALUES (@p235, @p236);
      INSERT INTO "ProductApplicationAreas" ("ApplicationAreaId", "ProductId")
      VALUES (@p237, @p238);
      INSERT INTO "ProductApplicationAreas" ("ApplicationAreaId", "ProductId")
      VALUES (@p239, @p240);
      INSERT INTO "ProductApplicationAreas" ("ApplicationAreaId", "ProductId")
      VALUES (@p241, @p242);
      INSERT INTO "ProductApplicationAreas" ("ApplicationAreaId", "ProductId")
      VALUES (@p243, @p244);
      INSERT INTO "ProductApplicationAreas" ("ApplicationAreaId", "ProductId")
      VALUES (@p245, @p246);
      INSERT INTO "ProductApplicationAreas" ("ApplicationAreaId", "ProductId")
      VALUES (@p247, @p248);
      INSERT INTO "ProductApplicationAreas" ("ApplicationAreaId", "ProductId")
      VALUES (@p249, @p250);
      INSERT INTO "ProductApplicationAreas" ("ApplicationAreaId", "ProductId")
      VALUES (@p251, @p252);
      INSERT INTO "ProductApplicationAreas" ("ApplicationAreaId", "ProductId")
      VALUES (@p253, @p254);
      INSERT INTO "ProductApplicationAreas" ("ApplicationAreaId", "ProductId")
      VALUES (@p255, @p256);
      INSERT INTO "ProductApplicationAreas" ("ApplicationAreaId", "ProductId")
      VALUES (@p257, @p258);
      INSERT INTO "ProductApplicationAreas" ("ApplicationAreaId", "ProductId")
      VALUES (@p259, @p260);
      INSERT INTO "ProductApplicationAreas" ("ApplicationAreaId", "ProductId")
      VALUES (@p261, @p262);
      INSERT INTO "ProductApplicationAreas" ("ApplicationAreaId", "ProductId")
      VALUES (@p263, @p264);
      INSERT INTO "ProductApplicationAreas" ("ApplicationAreaId", "ProductId")
      VALUES (@p265, @p266);
      INSERT INTO "ProductApplicationAreas" ("ApplicationAreaId", "ProductId")
      VALUES (@p267, @p268);
      INSERT INTO "ProductMedia" ("Id", "AltText", "CreatedAtUtc", "IsActive", "Path", "ProductId", "SortOrder", "Type")
      VALUES (@p269, @p270, @p271, @p272, @p273, @p274, @p275, @p276);
      INSERT INTO "ProductMedia" ("Id", "AltText", "CreatedAtUtc", "IsActive", "Path", "ProductId", "SortOrder", "Type")
      VALUES (@p277, @p278, @p279, @p280, @p281, @p282, @p283, @p284);
      INSERT INTO "ProductMedia" ("Id", "AltText", "CreatedAtUtc", "IsActive", "Path", "ProductId", "SortOrder", "Type")
      VALUES (@p285, @p286, @p287, @p288, @p289, @p290, @p291, @p292);
      INSERT INTO "ProductMedia" ("Id", "AltText", "CreatedAtUtc", "IsActive", "Path", "ProductId", "SortOrder", "Type")
      VALUES (@p293, @p294, @p295, @p296, @p297, @p298, @p299, @p300);
      INSERT INTO "ProductMedia" ("Id", "AltText", "CreatedAtUtc", "IsActive", "Path", "ProductId", "SortOrder", "Type")
      VALUES (@p301, @p302, @p303, @p304, @p305, @p306, @p307, @p308);
      INSERT INTO "ProductMedia" ("Id", "AltText", "CreatedAtUtc", "IsActive", "Path", "ProductId", "SortOrder", "Type")
      VALUES (@p309, @p310, @p311, @p312, @p313, @p314, @p315, @p316);
      INSERT INTO "ProductMedia" ("Id", "AltText", "CreatedAtUtc", "IsActive", "Path", "ProductId", "SortOrder", "Type")
      VALUES (@p317, @p318, @p319, @p320, @p321, @p322, @p323, @p324);
      INSERT INTO "ProductMedia" ("Id", "AltText", "CreatedAtUtc", "IsActive", "Path", "ProductId", "SortOrder", "Type")
      VALUES (@p325, @p326, @p327, @p328, @p329, @p330, @p331, @p332);
      INSERT INTO "ProductMedia" ("Id", "AltText", "CreatedAtUtc", "IsActive", "Path", "ProductId", "SortOrder", "Type")
      VALUES (@p333, @p334, @p335, @p336, @p337, @p338, @p339, @p340);
      INSERT INTO "ProductMedia" ("Id", "AltText", "CreatedAtUtc", "IsActive", "Path", "ProductId", "SortOrder", "Type")
      VALUES (@p341, @p342, @p343, @p344, @p345, @p346, @p347, @p348);
      INSERT INTO "ProductMedia" ("Id", "AltText", "CreatedAtUtc", "IsActive", "Path", "ProductId", "SortOrder", "Type")
      VALUES (@p349, @p350, @p351, @p352, @p353, @p354, @p355, @p356);
      INSERT INTO "ProductMedia" ("Id", "AltText", "CreatedAtUtc", "IsActive", "Path", "ProductId", "SortOrder", "Type")
      VALUES (@p357, @p358, @p359, @p360, @p361, @p362, @p363, @p364);
      INSERT INTO "ProductMedia" ("Id", "AltText", "CreatedAtUtc", "IsActive", "Path", "ProductId", "SortOrder", "Type")
      VALUES (@p365, @p366, @p367, @p368, @p369, @p370, @p371, @p372);
      INSERT INTO "ProductMedia" ("Id", "AltText", "CreatedAtUtc", "IsActive", "Path", "ProductId", "SortOrder", "Type")
      VALUES (@p373, @p374, @p375, @p376, @p377, @p378, @p379, @p380);
      INSERT INTO "ProductMedia" ("Id", "AltText", "CreatedAtUtc", "IsActive", "Path", "ProductId", "SortOrder", "Type")
      VALUES (@p381, @p382, @p383, @p384, @p385, @p386, @p387, @p388);
      INSERT INTO "ProductMedia" ("Id", "AltText", "CreatedAtUtc", "IsActive", "Path", "ProductId", "SortOrder", "Type")
      VALUES (@p389, @p390, @p391, @p392, @p393, @p394, @p395, @p396);
      INSERT INTO "ProductMedia" ("Id", "AltText", "CreatedAtUtc", "IsActive", "Path", "ProductId", "SortOrder", "Type")
      VALUES (@p397, @p398, @p399, @p400, @p401, @p402, @p403, @p404);
      INSERT INTO "ProductMedia" ("Id", "AltText", "CreatedAtUtc", "IsActive", "Path", "ProductId", "SortOrder", "Type")
      VALUES (@p405, @p406, @p407, @p408, @p409, @p410, @p411, @p412);
      INSERT INTO "ProductMedia" ("Id", "AltText", "CreatedAtUtc", "IsActive", "Path", "ProductId", "SortOrder", "Type")
      VALUES (@p413, @p414, @p415, @p416, @p417, @p418, @p419, @p420);
      INSERT INTO "ProductMedia" ("Id", "AltText", "CreatedAtUtc", "IsActive", "Path", "ProductId", "SortOrder", "Type")
      VALUES (@p421, @p422, @p423, @p424, @p425, @p426, @p427, @p428);
      INSERT INTO "ProductMedia" ("Id", "AltText", "CreatedAtUtc", "IsActive", "Path", "ProductId", "SortOrder", "Type")
      VALUES (@p429, @p430, @p431, @p432, @p433, @p434, @p435, @p436);
      INSERT INTO "ProductMedia" ("Id", "AltText", "CreatedAtUtc", "IsActive", "Path", "ProductId", "SortOrder", "Type")
      VALUES (@p437, @p438, @p439, @p440, @p441, @p442, @p443, @p444);
      INSERT INTO "ProductMedia" ("Id", "AltText", "CreatedAtUtc", "IsActive", "Path", "ProductId", "SortOrder", "Type")
      VALUES (@p445, @p446, @p447, @p448, @p449, @p450, @p451, @p452);
      INSERT INTO "ProductMedia" ("Id", "AltText", "CreatedAtUtc", "IsActive", "Path", "ProductId", "SortOrder", "Type")
      VALUES (@p453, @p454, @p455, @p456, @p457, @p458, @p459, @p460);
      INSERT INTO "ProductMedia" ("Id", "AltText", "CreatedAtUtc", "IsActive", "Path", "ProductId", "SortOrder", "Type")
      VALUES (@p461, @p462, @p463, @p464, @p465, @p466, @p467, @p468);
      INSERT INTO "ProductMedia" ("Id", "AltText", "CreatedAtUtc", "IsActive", "Path", "ProductId", "SortOrder", "Type")
      VALUES (@p469, @p470, @p471, @p472, @p473, @p474, @p475, @p476);
      INSERT INTO "ProductMedia" ("Id", "AltText", "CreatedAtUtc", "IsActive", "Path", "ProductId", "SortOrder", "Type")
      VALUES (@p477, @p478, @p479, @p480, @p481, @p482, @p483, @p484);
      INSERT INTO "ProductMedia" ("Id", "AltText", "CreatedAtUtc", "IsActive", "Path", "ProductId", "SortOrder", "Type")
      VALUES (@p485, @p486, @p487, @p488, @p489, @p490, @p491, @p492);
      INSERT INTO "ProductSpecifications" ("Id", "Name", "ProductId", "SortOrder", "Unit", "Value")
      VALUES (@p493, @p494, @p495, @p496, @p497, @p498);
      INSERT INTO "ProductSpecifications" ("Id", "Name", "ProductId", "SortOrder", "Unit", "Value")
      VALUES (@p499, @p500, @p501, @p502, @p503, @p504);
      INSERT INTO "ProductSpecifications" ("Id", "Name", "ProductId", "SortOrder", "Unit", "Value")
      VALUES (@p505, @p506, @p507, @p508, @p509, @p510);
      INSERT INTO "ProductSpecifications" ("Id", "Name", "ProductId", "SortOrder", "Unit", "Value")
      VALUES (@p511, @p512, @p513, @p514, @p515, @p516);
      INSERT INTO "ProductSpecifications" ("Id", "Name", "ProductId", "SortOrder", "Unit", "Value")
      VALUES (@p517, @p518, @p519, @p520, @p521, @p522);
      INSERT INTO "ProductSpecifications" ("Id", "Name", "ProductId", "SortOrder", "Unit", "Value")
      VALUES (@p523, @p524, @p525, @p526, @p527, @p528);
      INSERT INTO "ProductSpecifications" ("Id", "Name", "ProductId", "SortOrder", "Unit", "Value")
      VALUES (@p529, @p530, @p531, @p532, @p533, @p534);
      INSERT INTO "ProductSpecifications" ("Id", "Name", "ProductId", "SortOrder", "Unit", "Value")
      VALUES (@p535, @p536, @p537, @p538, @p539, @p540);
      INSERT INTO "ProductSpecifications" ("Id", "Name", "ProductId", "SortOrder", "Unit", "Value")
      VALUES (@p541, @p542, @p543, @p544, @p545, @p546);
      INSERT INTO "ProductSpecifications" ("Id", "Name", "ProductId", "SortOrder", "Unit", "Value")
      VALUES (@p547, @p548, @p549, @p550, @p551, @p552);
      INSERT INTO "ProductSpecifications" ("Id", "Name", "ProductId", "SortOrder", "Unit", "Value")
      VALUES (@p553, @p554, @p555, @p556, @p557, @p558);
      INSERT INTO "ProductSpecifications" ("Id", "Name", "ProductId", "SortOrder", "Unit", "Value")
      VALUES (@p559, @p560, @p561, @p562, @p563, @p564);
      INSERT INTO "ProductSpecifications" ("Id", "Name", "ProductId", "SortOrder", "Unit", "Value")
      VALUES (@p565, @p566, @p567, @p568, @p569, @p570);
      INSERT INTO "ProductSpecifications" ("Id", "Name", "ProductId", "SortOrder", "Unit", "Value")
      VALUES (@p571, @p572, @p573, @p574, @p575, @p576);
      INSERT INTO "ProductSpecifications" ("Id", "Name", "ProductId", "SortOrder", "Unit", "Value")
      VALUES (@p577, @p578, @p579, @p580, @p581, @p582);
      INSERT INTO "ProductSpecifications" ("Id", "Name", "ProductId", "SortOrder", "Unit", "Value")
      VALUES (@p583, @p584, @p585, @p586, @p587, @p588);
      INSERT INTO "ProductSpecifications" ("Id", "Name", "ProductId", "SortOrder", "Unit", "Value")
      VALUES (@p589, @p590, @p591, @p592, @p593, @p594);
      INSERT INTO "ProductSpecifications" ("Id", "Name", "ProductId", "SortOrder", "Unit", "Value")
      VALUES (@p595, @p596, @p597, @p598, @p599, @p600);
      INSERT INTO "ProductSpecifications" ("Id", "Name", "ProductId", "SortOrder", "Unit", "Value")
      VALUES (@p601, @p602, @p603, @p604, @p605, @p606);
      INSERT INTO "ProductSpecifications" ("Id", "Name", "ProductId", "SortOrder", "Unit", "Value")
      VALUES (@p607, @p608, @p609, @p610, @p611, @p612);
      INSERT INTO "ProductSpecifications" ("Id", "Name", "ProductId", "SortOrder", "Unit", "Value")
      VALUES (@p613, @p614, @p615, @p616, @p617, @p618);
      INSERT INTO "ProductSpecifications" ("Id", "Name", "ProductId", "SortOrder", "Unit", "Value")
      VALUES (@p619, @p620, @p621, @p622, @p623, @p624);
      INSERT INTO "ProductSpecifications" ("Id", "Name", "ProductId", "SortOrder", "Unit", "Value")
      VALUES (@p625, @p626, @p627, @p628, @p629, @p630);
      INSERT INTO "ProductSpecifications" ("Id", "Name", "ProductId", "SortOrder", "Unit", "Value")
      VALUES (@p631, @p632, @p633, @p634, @p635, @p636);
      INSERT INTO "ProductSpecifications" ("Id", "Name", "ProductId", "SortOrder", "Unit", "Value")
      VALUES (@p637, @p638, @p639, @p640, @p641, @p642);
      INSERT INTO "ProductSpecifications" ("Id", "Name", "ProductId", "SortOrder", "Unit", "Value")
      VALUES (@p643, @p644, @p645, @p646, @p647, @p648);
      INSERT INTO "ProductSpecifications" ("Id", "Name", "ProductId", "SortOrder", "Unit", "Value")
      VALUES (@p649, @p650, @p651, @p652, @p653, @p654);
      INSERT INTO "ProductSpecifications" ("Id", "Name", "ProductId", "SortOrder", "Unit", "Value")
      VALUES (@p655, @p656, @p657, @p658, @p659, @p660);
      INSERT INTO "ProductSpecifications" ("Id", "Name", "ProductId", "SortOrder", "Unit", "Value")
      VALUES (@p661, @p662, @p663, @p664, @p665, @p666);
      INSERT INTO "ProductSpecifications" ("Id", "Name", "ProductId", "SortOrder", "Unit", "Value")
      VALUES (@p667, @p668, @p669, @p670, @p671, @p672);
      INSERT INTO "ProductSpecifications" ("Id", "Name", "ProductId", "SortOrder", "Unit", "Value")
      VALUES (@p673, @p674, @p675, @p676, @p677, @p678);
      INSERT INTO "ProductSpecifications" ("Id", "Name", "ProductId", "SortOrder", "Unit", "Value")
      VALUES (@p679, @p680, @p681, @p682, @p683, @p684);
      INSERT INTO "ProductSpecifications" ("Id", "Name", "ProductId", "SortOrder", "Unit", "Value")
      VALUES (@p685, @p686, @p687, @p688, @p689, @p690);
      INSERT INTO "ProductSpecifications" ("Id", "Name", "ProductId", "SortOrder", "Unit", "Value")
      VALUES (@p691, @p692, @p693, @p694, @p695, @p696);
      INSERT INTO "ProductSpecifications" ("Id", "Name", "ProductId", "SortOrder", "Unit", "Value")
      VALUES (@p697, @p698, @p699, @p700, @p701, @p702);
      INSERT INTO "ProductSpecifications" ("Id", "Name", "ProductId", "SortOrder", "Unit", "Value")
      VALUES (@p703, @p704, @p705, @p706, @p707, @p708);
      INSERT INTO "ProductSpecifications" ("Id", "Name", "ProductId", "SortOrder", "Unit", "Value")
      VALUES (@p709, @p710, @p711, @p712, @p713, @p714);
      INSERT INTO "ProductSpecifications" ("Id", "Name", "ProductId", "SortOrder", "Unit", "Value")
      VALUES (@p715, @p716, @p717, @p718, @p719, @p720);
      INSERT INTO "ProductSpecifications" ("Id", "Name", "ProductId", "SortOrder", "Unit", "Value")
      VALUES (@p721, @p722, @p723, @p724, @p725, @p726);
      INSERT INTO "ProductSpecifications" ("Id", "Name", "ProductId", "SortOrder", "Unit", "Value")
      VALUES (@p727, @p728, @p729, @p730, @p731, @p732);
      INSERT INTO "ProductSpecifications" ("Id", "Name", "ProductId", "SortOrder", "Unit", "Value")
      VALUES (@p733, @p734, @p735, @p736, @p737, @p738);
      INSERT INTO "ProductSpecifications" ("Id", "Name", "ProductId", "SortOrder", "Unit", "Value")
      VALUES (@p739, @p740, @p741, @p742, @p743, @p744);
      INSERT INTO "ProductSpecifications" ("Id", "Name", "ProductId", "SortOrder", "Unit", "Value")
      VALUES (@p745, @p746, @p747, @p748, @p749, @p750);
      INSERT INTO "ProductSpecifications" ("Id", "Name", "ProductId", "SortOrder", "Unit", "Value")
      VALUES (@p751, @p752, @p753, @p754, @p755, @p756);
      INSERT INTO "ProductSpecifications" ("Id", "Name", "ProductId", "SortOrder", "Unit", "Value")
      VALUES (@p757, @p758, @p759, @p760, @p761, @p762);
      INSERT INTO "ProductSpecifications" ("Id", "Name", "ProductId", "SortOrder", "Unit", "Value")
      VALUES (@p763, @p764, @p765, @p766, @p767, @p768);
      INSERT INTO "ProductSpecifications" ("Id", "Name", "ProductId", "SortOrder", "Unit", "Value")
      VALUES (@p769, @p770, @p771, @p772, @p773, @p774);
      INSERT INTO "ProductSpecifications" ("Id", "Name", "ProductId", "SortOrder", "Unit", "Value")
      VALUES (@p775, @p776, @p777, @p778, @p779, @p780);
      INSERT INTO "ProductSpecifications" ("Id", "Name", "ProductId", "SortOrder", "Unit", "Value")
      VALUES (@p781, @p782, @p783, @p784, @p785, @p786);
      INSERT INTO "ProductSpecifications" ("Id", "Name", "ProductId", "SortOrder", "Unit", "Value")
      VALUES (@p787, @p788, @p789, @p790, @p791, @p792);
      INSERT INTO "ProductSpecifications" ("Id", "Name", "ProductId", "SortOrder", "Unit", "Value")
      VALUES (@p793, @p794, @p795, @p796, @p797, @p798);
      INSERT INTO "ProductVariants" ("Id", "Color", "CreatedAtUtc", "Dimensions", "IsActive", "Kelvin", "Lumen", "Price", "ProductId", "Sku", "Stock", "UpdatedAtUtc", "Watt")
      VALUES (@p799, @p800, @p801, @p802, @p803, @p804, @p805, @p806, @p807, @p808, @p809, @p810, @p811);
      INSERT INTO "ProductVariants" ("Id", "Color", "CreatedAtUtc", "Dimensions", "IsActive", "Kelvin", "Lumen", "Price", "ProductId", "Sku", "Stock", "UpdatedAtUtc", "Watt")
      VALUES (@p812, @p813, @p814, @p815, @p816, @p817, @p818, @p819, @p820, @p821, @p822, @p823, @p824);
      INSERT INTO "ProductVariants" ("Id", "Color", "CreatedAtUtc", "Dimensions", "IsActive", "Kelvin", "Lumen", "Price", "ProductId", "Sku", "Stock", "UpdatedAtUtc", "Watt")
      VALUES (@p825, @p826, @p827, @p828, @p829, @p830, @p831, @p832, @p833, @p834, @p835, @p836, @p837);
      INSERT INTO "ProductVariants" ("Id", "Color", "CreatedAtUtc", "Dimensions", "IsActive", "Kelvin", "Lumen", "Price", "ProductId", "Sku", "Stock", "UpdatedAtUtc", "Watt")
      VALUES (@p838, @p839, @p840, @p841, @p842, @p843, @p844, @p845, @p846, @p847, @p848, @p849, @p850);
      INSERT INTO "ProductVariants" ("Id", "Color", "CreatedAtUtc", "Dimensions", "IsActive", "Kelvin", "Lumen", "Price", "ProductId", "Sku", "Stock", "UpdatedAtUtc", "Watt")
      VALUES (@p851, @p852, @p853, @p854, @p855, @p856, @p857, @p858, @p859, @p860, @p861, @p862, @p863);
      INSERT INTO "ProductVariants" ("Id", "Color", "CreatedAtUtc", "Dimensions", "IsActive", "Kelvin", "Lumen", "Price", "ProductId", "Sku", "Stock", "UpdatedAtUtc", "Watt")
      VALUES (@p864, @p865, @p866, @p867, @p868, @p869, @p870, @p871, @p872, @p873, @p874, @p875, @p876);
      INSERT INTO "ProductVariants" ("Id", "Color", "CreatedAtUtc", "Dimensions", "IsActive", "Kelvin", "Lumen", "Price", "ProductId", "Sku", "Stock", "UpdatedAtUtc", "Watt")
      VALUES (@p877, @p878, @p879, @p880, @p881, @p882, @p883, @p884, @p885, @p886, @p887, @p888, @p889);
      INSERT INTO "ProductVariants" ("Id", "Color", "CreatedAtUtc", "Dimensions", "IsActive", "Kelvin", "Lumen", "Price", "ProductId", "Sku", "Stock", "UpdatedAtUtc", "Watt")
      VALUES (@p890, @p891, @p892, @p893, @p894, @p895, @p896, @p897, @p898, @p899, @p900, @p901, @p902);
      INSERT INTO "ProductVariants" ("Id", "Color", "CreatedAtUtc", "Dimensions", "IsActive", "Kelvin", "Lumen", "Price", "ProductId", "Sku", "Stock", "UpdatedAtUtc", "Watt")
      VALUES (@p903, @p904, @p905, @p906, @p907, @p908, @p909, @p910, @p911, @p912, @p913, @p914, @p915);
      INSERT INTO "ProductVariants" ("Id", "Color", "CreatedAtUtc", "Dimensions", "IsActive", "Kelvin", "Lumen", "Price", "ProductId", "Sku", "Stock", "UpdatedAtUtc", "Watt")
      VALUES (@p916, @p917, @p918, @p919, @p920, @p921, @p922, @p923, @p924, @p925, @p926, @p927, @p928);
      INSERT INTO "ProductVariants" ("Id", "Color", "CreatedAtUtc", "Dimensions", "IsActive", "Kelvin", "Lumen", "Price", "ProductId", "Sku", "Stock", "UpdatedAtUtc", "Watt")
      VALUES (@p929, @p930, @p931, @p932, @p933, @p934, @p935, @p936, @p937, @p938, @p939, @p940, @p941);
      INSERT INTO "ProductVariants" ("Id", "Color", "CreatedAtUtc", "Dimensions", "IsActive", "Kelvin", "Lumen", "Price", "ProductId", "Sku", "Stock", "UpdatedAtUtc", "Watt")
      VALUES (@p942, @p943, @p944, @p945, @p946, @p947, @p948, @p949, @p950, @p951, @p952, @p953, @p954);
      INSERT INTO "ProductVariants" ("Id", "Color", "CreatedAtUtc", "Dimensions", "IsActive", "Kelvin", "Lumen", "Price", "ProductId", "Sku", "Stock", "UpdatedAtUtc", "Watt")
      VALUES (@p955, @p956, @p957, @p958, @p959, @p960, @p961, @p962, @p963, @p964, @p965, @p966, @p967);
      INSERT INTO "ProductVariants" ("Id", "Color", "CreatedAtUtc", "Dimensions", "IsActive", "Kelvin", "Lumen", "Price", "ProductId", "Sku", "Stock", "UpdatedAtUtc", "Watt")
      VALUES (@p968, @p969, @p970, @p971, @p972, @p973, @p974, @p975, @p976, @p977, @p978, @p979, @p980);
      INSERT INTO "ProductVariants" ("Id", "Color", "CreatedAtUtc", "Dimensions", "IsActive", "Kelvin", "Lumen", "Price", "ProductId", "Sku", "Stock", "UpdatedAtUtc", "Watt")
      VALUES (@p981, @p982, @p983, @p984, @p985, @p986, @p987, @p988, @p989, @p990, @p991, @p992, @p993);
      INSERT INTO "ProductVariants" ("Id", "Color", "CreatedAtUtc", "Dimensions", "IsActive", "Kelvin", "Lumen", "Price", "ProductId", "Sku", "Stock", "UpdatedAtUtc", "Watt")
      VALUES (@p994, @p995, @p996, @p997, @p998, @p999, @p1000, @p1001, @p1002, @p1003, @p1004, @p1005, @p1006);
      INSERT INTO "ProductVariants" ("Id", "Color", "CreatedAtUtc", "Dimensions", "IsActive", "Kelvin", "Lumen", "Price", "ProductId", "Sku", "Stock", "UpdatedAtUtc", "Watt")
      VALUES (@p1007, @p1008, @p1009, @p1010, @p1011, @p1012, @p1013, @p1014, @p1015, @p1016, @p1017, @p1018, @p1019);
      INSERT INTO "ProductVariants" ("Id", "Color", "CreatedAtUtc", "Dimensions", "IsActive", "Kelvin", "Lumen", "Price", "ProductId", "Sku", "Stock", "UpdatedAtUtc", "Watt")
      VALUES (@p1020, @p1021, @p1022, @p1023, @p1024, @p1025, @p1026, @p1027, @p1028, @p1029, @p1030, @p1031, @p1032);
      INSERT INTO "ProductVariants" ("Id", "Color", "CreatedAtUtc", "Dimensions", "IsActive", "Kelvin", "Lumen", "Price", "ProductId", "Sku", "Stock", "UpdatedAtUtc", "Watt")
      VALUES (@p1033, @p1034, @p1035, @p1036, @p1037, @p1038, @p1039, @p1040, @p1041, @p1042, @p1043, @p1044, @p1045);
      INSERT INTO "ProductVariants" ("Id", "Color", "CreatedAtUtc", "Dimensions", "IsActive", "Kelvin", "Lumen", "Price", "ProductId", "Sku", "Stock", "UpdatedAtUtc", "Watt")
      VALUES (@p1046, @p1047, @p1048, @p1049, @p1050, @p1051, @p1052, @p1053, @p1054, @p1055, @p1056, @p1057, @p1058);
      INSERT INTO "ProductVariants" ("Id", "Color", "CreatedAtUtc", "Dimensions", "IsActive", "Kelvin", "Lumen", "Price", "ProductId", "Sku", "Stock", "UpdatedAtUtc", "Watt")
      VALUES (@p1059, @p1060, @p1061, @p1062, @p1063, @p1064, @p1065, @p1066, @p1067, @p1068, @p1069, @p1070, @p1071);
      INSERT INTO "ProductVariants" ("Id", "Color", "CreatedAtUtc", "Dimensions", "IsActive", "Kelvin", "Lumen", "Price", "ProductId", "Sku", "Stock", "UpdatedAtUtc", "Watt")
      VALUES (@p1072, @p1073, @p1074, @p1075, @p1076, @p1077, @p1078, @p1079, @p1080, @p1081, @p1082, @p1083, @p1084);
      INSERT INTO "ProductVariants" ("Id", "Color", "CreatedAtUtc", "Dimensions", "IsActive", "Kelvin", "Lumen", "Price", "ProductId", "Sku", "Stock", "UpdatedAtUtc", "Watt")
      VALUES (@p1085, @p1086, @p1087, @p1088, @p1089, @p1090, @p1091, @p1092, @p1093, @p1094, @p1095, @p1096, @p1097);
      INSERT INTO "ProductVariants" ("Id", "Color", "CreatedAtUtc", "Dimensions", "IsActive", "Kelvin", "Lumen", "Price", "ProductId", "Sku", "Stock", "UpdatedAtUtc", "Watt")
      VALUES (@p1098, @p1099, @p1100, @p1101, @p1102, @p1103, @p1104, @p1105, @p1106, @p1107, @p1108, @p1109, @p1110);
      INSERT INTO "ProductVariants" ("Id", "Color", "CreatedAtUtc", "Dimensions", "IsActive", "Kelvin", "Lumen", "Price", "ProductId", "Sku", "Stock", "UpdatedAtUtc", "Watt")
      VALUES (@p1111, @p1112, @p1113, @p1114, @p1115, @p1116, @p1117, @p1118, @p1119, @p1120, @p1121, @p1122, @p1123);
      INSERT INTO "ProductVariants" ("Id", "Color", "CreatedAtUtc", "Dimensions", "IsActive", "Kelvin", "Lumen", "Price", "ProductId", "Sku", "Stock", "UpdatedAtUtc", "Watt")
      VALUES (@p1124, @p1125, @p1126, @p1127, @p1128, @p1129, @p1130, @p1131, @p1132, @p1133, @p1134, @p1135, @p1136);
      INSERT INTO "ProductVariants" ("Id", "Color", "CreatedAtUtc", "Dimensions", "IsActive", "Kelvin", "Lumen", "Price", "ProductId", "Sku", "Stock", "UpdatedAtUtc", "Watt")
      VALUES (@p1137, @p1138, @p1139, @p1140, @p1141, @p1142, @p1143, @p1144, @p1145, @p1146, @p1147, @p1148, @p1149);
      INSERT INTO "ProductVariants" ("Id", "Color", "CreatedAtUtc", "Dimensions", "IsActive", "Kelvin", "Lumen", "Price", "ProductId", "Sku", "Stock", "UpdatedAtUtc", "Watt")
      VALUES (@p1150, @p1151, @p1152, @p1153, @p1154, @p1155, @p1156, @p1157, @p1158, @p1159, @p1160, @p1161, @p1162);
      INSERT INTO "ProductVariants" ("Id", "Color", "CreatedAtUtc", "Dimensions", "IsActive", "Kelvin", "Lumen", "Price", "ProductId", "Sku", "Stock", "UpdatedAtUtc", "Watt")
      VALUES (@p1163, @p1164, @p1165, @p1166, @p1167, @p1168, @p1169, @p1170, @p1171, @p1172, @p1173, @p1174, @p1175);
      INSERT INTO "ProductVariants" ("Id", "Color", "CreatedAtUtc", "Dimensions", "IsActive", "Kelvin", "Lumen", "Price", "ProductId", "Sku", "Stock", "UpdatedAtUtc", "Watt")
      VALUES (@p1176, @p1177, @p1178, @p1179, @p1180, @p1181, @p1182, @p1183, @p1184, @p1185, @p1186, @p1187, @p1188);
      INSERT INTO "ProductVariants" ("Id", "Color", "CreatedAtUtc", "Dimensions", "IsActive", "Kelvin", "Lumen", "Price", "ProductId", "Sku", "Stock", "UpdatedAtUtc", "Watt")
      VALUES (@p1189, @p1190, @p1191, @p1192, @p1193, @p1194, @p1195, @p1196, @p1197, @p1198, @p1199, @p1200, @p1201);
dbug: Microsoft.EntityFrameworkCore.Database.Command[20301]
      Closing data reader to 'teknomled' on server 'tcp://localhost:5432'.
dbug: Microsoft.EntityFrameworkCore.Database.Command[20300]
      A data reader for 'teknomled' on server 'tcp://localhost:5432' is being disposed after spending 0ms reading results.
dbug: Microsoft.EntityFrameworkCore.Database.Transaction[20210]
      Committing transaction.
dbug: Microsoft.EntityFrameworkCore.Database.Transaction[20202]
      Committed transaction.
dbug: Microsoft.EntityFrameworkCore.Database.Connection[20002]
      Closing connection to database 'teknomled' on server 'tcp://localhost:5432'.
dbug: Microsoft.EntityFrameworkCore.Database.Connection[20003]
      Closed connection to database 'teknomled' on server 'tcp://localhost:5432' (0ms).
dbug: Microsoft.EntityFrameworkCore.Database.Transaction[20204]
      Disposing transaction.
dbug: Microsoft.EntityFrameworkCore.ChangeTracking[10807]
      An entity of type 'ProductApplicationArea' tracked by 'AppDbContext' changed state from 'Added' to 'Unchanged'. Consider using 'DbContextOptionsBuilder.EnableSensitiveDataLogging' to see key values.
dbug: Microsoft.EntityFrameworkCore.ChangeTracking[10807]
      An entity of type 'ProductApplicationArea' tracked by 'AppDbContext' changed state from 'Added' to 'Unchanged'. Consider using 'DbContextOptionsBuilder.EnableSensitiveDataLogging' to see key values.
dbug: Microsoft.EntityFrameworkCore.ChangeTracking[10807]
      An entity of type 'ProductApplicationArea' tracked by 'AppDbContext' changed state from 'Added' to 'Unchanged'. Consider using 'DbContextOptionsBuilder.EnableSensitiveDataLogging' to see key values.
dbug: Microsoft.EntityFrameworkCore.ChangeTracking[10807]
      An entity of type 'ProductMedia' tracked by 'AppDbContext' changed state from 'Added' to 'Unchanged'. Consider using 'DbContextOptionsBuilder.EnableSensitiveDataLogging' to see key values.
dbug: Microsoft.EntityFrameworkCore.ChangeTracking[10807]
      An entity of type 'ProductMedia' tracked by 'AppDbContext' changed state from 'Added' to 'Unchanged'. Consider using 'DbContextOptionsBuilder.EnableSensitiveDataLogging' to see key values.
dbug: Microsoft.EntityFrameworkCore.ChangeTracking[10807]
      An entity of type 'Product' tracked by 'AppDbContext' changed state from 'Added' to 'Unchanged'. Consider using 'DbContextOptionsBuilder.EnableSensitiveDataLogging' to see key values.
dbug: Microsoft.EntityFrameworkCore.ChangeTracking[10807]
      An entity of type 'ProductVariant' tracked by 'AppDbContext' changed state from 'Added' to 'Unchanged'. Consider using 'DbContextOptionsBuilder.EnableSensitiveDataLogging' to see key values.
dbug: Microsoft.EntityFrameworkCore.ChangeTracking[10807]
      An entity of type 'ProductVariant' tracked by 'AppDbContext' changed state from 'Added' to 'Unchanged'. Consider using 'DbContextOptionsBuilder.EnableSensitiveDataLogging' to see key values.
dbug: Microsoft.EntityFrameworkCore.ChangeTracking[10807]
      An entity of type 'ProductVariant' tracked by 'AppDbContext' changed state from 'Added' to 'Unchanged'. Consider using 'DbContextOptionsBuilder.EnableSensitiveDataLogging' to see key values.
dbug: Microsoft.EntityFrameworkCore.ChangeTracking[10807]
      An entity of type 'ProductSpecification' tracked by 'AppDbContext' changed state from 'Added' to 'Unchanged'. Consider using 'DbContextOptionsBuilder.EnableSensitiveDataLogging' to see key values.
dbug: Microsoft.EntityFrameworkCore.ChangeTracking[10807]
      An entity of type 'ProductSpecification' tracked by 'AppDbContext' changed state from 'Added' to 'Unchanged'. Consider using 'DbContextOptionsBuilder.EnableSensitiveDataLogging' to see key values.
dbug: Microsoft.EntityFrameworkCore.ChangeTracking[10807]
      An entity of type 'ProductSpecification' tracked by 'AppDbContext' changed state from 'Added' to 'Unchanged'. Consider using 'DbContextOptionsBuilder.EnableSensitiveDataLogging' to see key values.
dbug: Microsoft.EntityFrameworkCore.ChangeTracking[10807]
      An entity of type 'ProductSpecification' tracked by 'AppDbContext' changed state from 'Added' to 'Unchanged'. Consider using 'DbContextOptionsBuilder.EnableSensitiveDataLogging' to see key values.
dbug: Microsoft.EntityFrameworkCore.ChangeTracking[10807]
      An entity of type 'ProductApplicationArea' tracked by 'AppDbContext' changed state from 'Added' to 'Unchanged'. Consider using 'DbContextOptionsBuilder.EnableSensitiveDataLogging' to see key values.
dbug: Microsoft.EntityFrameworkCore.ChangeTracking[10807]
      An entity of type 'ProductApplicationArea' tracked by 'AppDbContext' changed state from 'Added' to 'Unchanged'. Consider using 'DbContextOptionsBuilder.EnableSensitiveDataLogging' to see key values.
dbug: Microsoft.EntityFrameworkCore.ChangeTracking[10807]
      An entity of type 'ProductApplicationArea' tracked by 'AppDbContext' changed state from 'Added' to 'Unchanged'. Consider using 'DbContextOptionsBuilder.EnableSensitiveDataLogging' to see key values.
dbug: Microsoft.EntityFrameworkCore.ChangeTracking[10807]
      An entity of type 'ProductMedia' tracked by 'AppDbContext' changed state from 'Added' to 'Unchanged'. Consider using 'DbContextOptionsBuilder.EnableSensitiveDataLogging' to see key values.
dbug: Microsoft.EntityFrameworkCore.ChangeTracking[10807]
      An entity of type 'ProductMedia' tracked by 'AppDbContext' changed state from 'Added' to 'Unchanged'. Consider using 'DbContextOptionsBuilder.EnableSensitiveDataLogging' to see key values.
dbug: Microsoft.EntityFrameworkCore.ChangeTracking[10807]
      An entity of type 'ProductMedia' tracked by 'AppDbContext' changed state from 'Added' to 'Unchanged'. Consider using 'DbContextOptionsBuilder.EnableSensitiveDataLogging' to see key values.
dbug: Microsoft.EntityFrameworkCore.ChangeTracking[10807]
      An entity of type 'ProductMedia' tracked by 'AppDbContext' changed state from 'Added' to 'Unchanged'. Consider using 'DbContextOptionsBuilder.EnableSensitiveDataLogging' to see key values.
dbug: Microsoft.EntityFrameworkCore.ChangeTracking[10807]
      An entity of type 'Product' tracked by 'AppDbContext' changed state from 'Added' to 'Unchanged'. Consider using 'DbContextOptionsBuilder.EnableSensitiveDataLogging' to see key values.
dbug: Microsoft.EntityFrameworkCore.ChangeTracking[10807]
      An entity of type 'ApplicationArea' tracked by 'AppDbContext' changed state from 'Added' to 'Unchanged'. Consider using 'DbContextOptionsBuilder.EnableSensitiveDataLogging' to see key values.
dbug: Microsoft.EntityFrameworkCore.ChangeTracking[10807]
      An entity of type 'ApplicationArea' tracked by 'AppDbContext' changed state from 'Added' to 'Unchanged'. Consider using 'DbContextOptionsBuilder.EnableSensitiveDataLogging' to see key values.
dbug: Microsoft.EntityFrameworkCore.ChangeTracking[10807]
      An entity of type 'ApplicationArea' tracked by 'AppDbContext' changed state from 'Added' to 'Unchanged'. Consider using 'DbContextOptionsBuilder.EnableSensitiveDataLogging' to see key values.
dbug: Microsoft.EntityFrameworkCore.ChangeTracking[10807]
      An entity of type 'ApplicationArea' tracked by 'AppDbContext' changed state from 'Added' to 'Unchanged'. Consider using 'DbContextOptionsBuilder.EnableSensitiveDataLogging' to see key values.
dbug: Microsoft.EntityFrameworkCore.ChangeTracking[10807]
      An entity of type 'ApplicationArea' tracked by 'AppDbContext' changed state from 'Added' to 'Unchanged'. Consider using 'DbContextOptionsBuilder.EnableSensitiveDataLogging' to see key values.
dbug: Microsoft.EntityFrameworkCore.ChangeTracking[10807]
      An entity of type 'ApplicationArea' tracked by 'AppDbContext' changed state from 'Added' to 'Unchanged'. Consider using 'DbContextOptionsBuilder.EnableSensitiveDataLogging' to see key values.
dbug: Microsoft.EntityFrameworkCore.ChangeTracking[10807]
      An entity of type 'ApplicationArea' tracked by 'AppDbContext' changed state from 'Added' to 'Unchanged'. Consider using 'DbContextOptionsBuilder.EnableSensitiveDataLogging' to see key values.
dbug: Microsoft.EntityFrameworkCore.ChangeTracking[10807]
      An entity of type 'Category' tracked by 'AppDbContext' changed state from 'Added' to 'Unchanged'. Consider using 'DbContextOptionsBuilder.EnableSensitiveDataLogging' to see key values.
dbug: Microsoft.EntityFrameworkCore.ChangeTracking[10807]
      An entity of type 'Category' tracked by 'AppDbContext' changed state from 'Added' to 'Unchanged'. Consider using 'DbContextOptionsBuilder.EnableSensitiveDataLogging' to see key values.
dbug: Microsoft.EntityFrameworkCore.ChangeTracking[10807]
      An entity of type 'Category' tracked by 'AppDbContext' changed state from 'Added' to 'Unchanged'. Consider using 'DbContextOptionsBuilder.EnableSensitiveDataLogging' to see key values.
dbug: Microsoft.EntityFrameworkCore.ChangeTracking[10807]
      An entity of type 'Category' tracked by 'AppDbContext' changed state from 'Added' to 'Unchanged'. Consider using 'DbContextOptionsBuilder.EnableSensitiveDataLogging' to see key values.
dbug: Microsoft.EntityFrameworkCore.ChangeTracking[10807]
      An entity of type 'Category' tracked by 'AppDbContext' changed state from 'Added' to 'Unchanged'. Consider using 'DbContextOptionsBuilder.EnableSensitiveDataLogging' to see key values.
dbug: Microsoft.EntityFrameworkCore.ChangeTracking[10807]
      An entity of type 'Category' tracked by 'AppDbContext' changed state from 'Added' to 'Unchanged'. Consider using 'DbContextOptionsBuilder.EnableSensitiveDataLogging' to see key values.
dbug: Microsoft.EntityFrameworkCore.ChangeTracking[10807]
      An entity of type 'ProductSpecification' tracked by 'AppDbContext' changed state from 'Added' to 'Unchanged'. Consider using 'DbContextOptionsBuilder.EnableSensitiveDataLogging' to see key values.
dbug: Microsoft.EntityFrameworkCore.ChangeTracking[10807]
      An entity of type 'ProductSpecification' tracked by 'AppDbContext' changed state from 'Added' to 'Unchanged'. Consider using 'DbContextOptionsBuilder.EnableSensitiveDataLogging' to see key values.
dbug: Microsoft.EntityFrameworkCore.ChangeTracking[10807]
      An entity of type 'ProductSpecification' tracked by 'AppDbContext' changed state from 'Added' to 'Unchanged'. Consider using 'DbContextOptionsBuilder.EnableSensitiveDataLogging' to see key values.
dbug: Microsoft.EntityFrameworkCore.ChangeTracking[10807]
      An entity of type 'ProductSpecification' tracked by 'AppDbContext' changed state from 'Added' to 'Unchanged'. Consider using 'DbContextOptionsBuilder.EnableSensitiveDataLogging' to see key values.
dbug: Microsoft.EntityFrameworkCore.ChangeTracking[10807]
      An entity of type 'ProductVariant' tracked by 'AppDbContext' changed state from 'Added' to 'Unchanged'. Consider using 'DbContextOptionsBuilder.EnableSensitiveDataLogging' to see key values.
dbug: Microsoft.EntityFrameworkCore.ChangeTracking[10807]
      An entity of type 'ProductVariant' tracked by 'AppDbContext' changed state from 'Added' to 'Unchanged'. Consider using 'DbContextOptionsBuilder.EnableSensitiveDataLogging' to see key values.
dbug: Microsoft.EntityFrameworkCore.ChangeTracking[10807]
      An entity of type 'Product' tracked by 'AppDbContext' changed state from 'Added' to 'Unchanged'. Consider using 'DbContextOptionsBuilder.EnableSensitiveDataLogging' to see key values.
dbug: Microsoft.EntityFrameworkCore.ChangeTracking[10807]
      An entity of type 'ProductMedia' tracked by 'AppDbContext' changed state from 'Added' to 'Unchanged'. Consider using 'DbContextOptionsBuilder.EnableSensitiveDataLogging' to see key values.
dbug: Microsoft.EntityFrameworkCore.ChangeTracking[10807]
      An entity of type 'ProductMedia' tracked by 'AppDbContext' changed state from 'Added' to 'Unchanged'. Consider using 'DbContextOptionsBuilder.EnableSensitiveDataLogging' to see key values.
dbug: Microsoft.EntityFrameworkCore.ChangeTracking[10807]
      An entity of type 'ProductApplicationArea' tracked by 'AppDbContext' changed state from 'Added' to 'Unchanged'. Consider using 'DbContextOptionsBuilder.EnableSensitiveDataLogging' to see key values.
dbug: Microsoft.EntityFrameworkCore.ChangeTracking[10807]
      An entity of type 'ProductApplicationArea' tracked by 'AppDbContext' changed state from 'Added' to 'Unchanged'. Consider using 'DbContextOptionsBuilder.EnableSensitiveDataLogging' to see key values.
dbug: Microsoft.EntityFrameworkCore.ChangeTracking[10807]
      An entity of type 'ProductApplicationArea' tracked by 'AppDbContext' changed state from 'Added' to 'Unchanged'. Consider using 'DbContextOptionsBuilder.EnableSensitiveDataLogging' to see key values.
dbug: Microsoft.EntityFrameworkCore.ChangeTracking[10807]
      An entity of type 'ProductSpecification' tracked by 'AppDbContext' changed state from 'Added' to 'Unchanged'. Consider using 'DbContextOptionsBuilder.EnableSensitiveDataLogging' to see key values.
dbug: Microsoft.EntityFrameworkCore.ChangeTracking[10807]
      An entity of type 'ProductSpecification' tracked by 'AppDbContext' changed state from 'Added' to 'Unchanged'. Consider using 'DbContextOptionsBuilder.EnableSensitiveDataLogging' to see key values.
dbug: Microsoft.EntityFrameworkCore.ChangeTracking[10807]
      An entity of type 'ProductSpecification' tracked by 'AppDbContext' changed state from 'Added' to 'Unchanged'. Consider using 'DbContextOptionsBuilder.EnableSensitiveDataLogging' to see key values.
dbug: Microsoft.EntityFrameworkCore.ChangeTracking[10807]
      An entity of type 'ProductSpecification' tracked by 'AppDbContext' changed state from 'Added' to 'Unchanged'. Consider using 'DbContextOptionsBuilder.EnableSensitiveDataLogging' to see key values.
dbug: Microsoft.EntityFrameworkCore.ChangeTracking[10807]
      An entity of type 'ProductSpecification' tracked by 'AppDbContext' changed state from 'Added' to 'Unchanged'. Consider using 'DbContextOptionsBuilder.EnableSensitiveDataLogging' to see key values.
dbug: Microsoft.EntityFrameworkCore.ChangeTracking[10807]
      An entity of type 'ProductVariant' tracked by 'AppDbContext' changed state from 'Added' to 'Unchanged'. Consider using 'DbContextOptionsBuilder.EnableSensitiveDataLogging' to see key values.
dbug: Microsoft.EntityFrameworkCore.ChangeTracking[10807]
      An entity of type 'ProductVariant' tracked by 'AppDbContext' changed state from 'Added' to 'Unchanged'. Consider using 'DbContextOptionsBuilder.EnableSensitiveDataLogging' to see key values.
dbug: Microsoft.EntityFrameworkCore.ChangeTracking[10807]
      An entity of type 'ProductVariant' tracked by 'AppDbContext' changed state from 'Added' to 'Unchanged'. Consider using 'DbContextOptionsBuilder.EnableSensitiveDataLogging' to see key values.
dbug: Microsoft.EntityFrameworkCore.ChangeTracking[10807]
      An entity of type 'Product' tracked by 'AppDbContext' changed state from 'Added' to 'Unchanged'. Consider using 'DbContextOptionsBuilder.EnableSensitiveDataLogging' to see key values.
dbug: Microsoft.EntityFrameworkCore.ChangeTracking[10807]
      An entity of type 'ProductMedia' tracked by 'AppDbContext' changed state from 'Added' to 'Unchanged'. Consider using 'DbContextOptionsBuilder.EnableSensitiveDataLogging' to see key values.
dbug: Microsoft.EntityFrameworkCore.ChangeTracking[10807]
      An entity of type 'ProductMedia' tracked by 'AppDbContext' changed state from 'Added' to 'Unchanged'. Consider using 'DbContextOptionsBuilder.EnableSensitiveDataLogging' to see key values.
dbug: Microsoft.EntityFrameworkCore.ChangeTracking[10807]
      An entity of type 'ProductApplicationArea' tracked by 'AppDbContext' changed state from 'Added' to 'Unchanged'. Consider using 'DbContextOptionsBuilder.EnableSensitiveDataLogging' to see key values.
dbug: Microsoft.EntityFrameworkCore.ChangeTracking[10807]
      An entity of type 'ProductApplicationArea' tracked by 'AppDbContext' changed state from 'Added' to 'Unchanged'. Consider using 'DbContextOptionsBuilder.EnableSensitiveDataLogging' to see key values.
dbug: Microsoft.EntityFrameworkCore.ChangeTracking[10807]
      An entity of type 'ProductApplicationArea' tracked by 'AppDbContext' changed state from 'Added' to 'Unchanged'. Consider using 'DbContextOptionsBuilder.EnableSensitiveDataLogging' to see key values.
dbug: Microsoft.EntityFrameworkCore.ChangeTracking[10807]
      An entity of type 'ProductSpecification' tracked by 'AppDbContext' changed state from 'Added' to 'Unchanged'. Consider using 'DbContextOptionsBuilder.EnableSensitiveDataLogging' to see key values.
dbug: Microsoft.EntityFrameworkCore.ChangeTracking[10807]
      An entity of type 'ProductSpecification' tracked by 'AppDbContext' changed state from 'Added' to 'Unchanged'. Consider using 'DbContextOptionsBuilder.EnableSensitiveDataLogging' to see key values.
dbug: Microsoft.EntityFrameworkCore.ChangeTracking[10807]
      An entity of type 'ProductSpecification' tracked by 'AppDbContext' changed state from 'Added' to 'Unchanged'. Consider using 'DbContextOptionsBuilder.EnableSensitiveDataLogging' to see key values.
dbug: Microsoft.EntityFrameworkCore.ChangeTracking[10807]
      An entity of type 'ProductSpecification' tracked by 'AppDbContext' changed state from 'Added' to 'Unchanged'. Consider using 'DbContextOptionsBuilder.EnableSensitiveDataLogging' to see key values.
dbug: Microsoft.EntityFrameworkCore.ChangeTracking[10807]
      An entity of type 'ProductVariant' tracked by 'AppDbContext' changed state from 'Added' to 'Unchanged'. Consider using 'DbContextOptionsBuilder.EnableSensitiveDataLogging' to see key values.
dbug: Microsoft.EntityFrameworkCore.ChangeTracking[10807]
      An entity of type 'ProductVariant' tracked by 'AppDbContext' changed state from 'Added' to 'Unchanged'. Consider using 'DbContextOptionsBuilder.EnableSensitiveDataLogging' to see key values.
dbug: Microsoft.EntityFrameworkCore.ChangeTracking[10807]
      An entity of type 'Product' tracked by 'AppDbContext' changed state from 'Added' to 'Unchanged'. Consider using 'DbContextOptionsBuilder.EnableSensitiveDataLogging' to see key values.
dbug: Microsoft.EntityFrameworkCore.ChangeTracking[10807]
      An entity of type 'ProductMedia' tracked by 'AppDbContext' changed state from 'Added' to 'Unchanged'. Consider using 'DbContextOptionsBuilder.EnableSensitiveDataLogging' to see key values.
dbug: Microsoft.EntityFrameworkCore.ChangeTracking[10807]
      An entity of type 'ProductMedia' tracked by 'AppDbContext' changed state from 'Added' to 'Unchanged'. Consider using 'DbContextOptionsBuilder.EnableSensitiveDataLogging' to see key values.
dbug: Microsoft.EntityFrameworkCore.ChangeTracking[10807]
      An entity of type 'ProductApplicationArea' tracked by 'AppDbContext' changed state from 'Added' to 'Unchanged'. Consider using 'DbContextOptionsBuilder.EnableSensitiveDataLogging' to see key values.
dbug: Microsoft.EntityFrameworkCore.ChangeTracking[10807]
      An entity of type 'ProductApplicationArea' tracked by 'AppDbContext' changed state from 'Added' to 'Unchanged'. Consider using 'DbContextOptionsBuilder.EnableSensitiveDataLogging' to see key values.
dbug: Microsoft.EntityFrameworkCore.ChangeTracking[10807]
      An entity of type 'ProductSpecification' tracked by 'AppDbContext' changed state from 'Added' to 'Unchanged'. Consider using 'DbContextOptionsBuilder.EnableSensitiveDataLogging' to see key values.
dbug: Microsoft.EntityFrameworkCore.ChangeTracking[10807]
      An entity of type 'ProductSpecification' tracked by 'AppDbContext' changed state from 'Added' to 'Unchanged'. Consider using 'DbContextOptionsBuilder.EnableSensitiveDataLogging' to see key values.
dbug: Microsoft.EntityFrameworkCore.ChangeTracking[10807]
      An entity of type 'ProductSpecification' tracked by 'AppDbContext' changed state from 'Added' to 'Unchanged'. Consider using 'DbContextOptionsBuilder.EnableSensitiveDataLogging' to see key values.
dbug: Microsoft.EntityFrameworkCore.ChangeTracking[10807]
      An entity of type 'ProductSpecification' tracked by 'AppDbContext' changed state from 'Added' to 'Unchanged'. Consider using 'DbContextOptionsBuilder.EnableSensitiveDataLogging' to see key values.
dbug: Microsoft.EntityFrameworkCore.ChangeTracking[10807]
      An entity of type 'ProductVariant' tracked by 'AppDbContext' changed state from 'Added' to 'Unchanged'. Consider using 'DbContextOptionsBuilder.EnableSensitiveDataLogging' to see key values.
dbug: Microsoft.EntityFrameworkCore.ChangeTracking[10807]
      An entity of type 'ProductVariant' tracked by 'AppDbContext' changed state from 'Added' to 'Unchanged'. Consider using 'DbContextOptionsBuilder.EnableSensitiveDataLogging' to see key values.
dbug: Microsoft.EntityFrameworkCore.ChangeTracking[10807]
      An entity of type 'ProductVariant' tracked by 'AppDbContext' changed state from 'Added' to 'Unchanged'. Consider using 'DbContextOptionsBuilder.EnableSensitiveDataLogging' to see key values.
dbug: Microsoft.EntityFrameworkCore.ChangeTracking[10807]
      An entity of type 'Product' tracked by 'AppDbContext' changed state from 'Added' to 'Unchanged'. Consider using 'DbContextOptionsBuilder.EnableSensitiveDataLogging' to see key values.
dbug: Microsoft.EntityFrameworkCore.ChangeTracking[10807]
      An entity of type 'ProductMedia' tracked by 'AppDbContext' changed state from 'Added' to 'Unchanged'. Consider using 'DbContextOptionsBuilder.EnableSensitiveDataLogging' to see key values.
dbug: Microsoft.EntityFrameworkCore.ChangeTracking[10807]
      An entity of type 'ProductMedia' tracked by 'AppDbContext' changed state from 'Added' to 'Unchanged'. Consider using 'DbContextOptionsBuilder.EnableSensitiveDataLogging' to see key values.
dbug: Microsoft.EntityFrameworkCore.ChangeTracking[10807]
      An entity of type 'ProductApplicationArea' tracked by 'AppDbContext' changed state from 'Added' to 'Unchanged'. Consider using 'DbContextOptionsBuilder.EnableSensitiveDataLogging' to see key values.
dbug: Microsoft.EntityFrameworkCore.ChangeTracking[10807]
      An entity of type 'ProductApplicationArea' tracked by 'AppDbContext' changed state from 'Added' to 'Unchanged'. Consider using 'DbContextOptionsBuilder.EnableSensitiveDataLogging' to see key values.
dbug: Microsoft.EntityFrameworkCore.ChangeTracking[10807]
      An entity of type 'ProductApplicationArea' tracked by 'AppDbContext' changed state from 'Added' to 'Unchanged'. Consider using 'DbContextOptionsBuilder.EnableSensitiveDataLogging' to see key values.
dbug: Microsoft.EntityFrameworkCore.ChangeTracking[10807]
      An entity of type 'ProductSpecification' tracked by 'AppDbContext' changed state from 'Added' to 'Unchanged'. Consider using 'DbContextOptionsBuilder.EnableSensitiveDataLogging' to see key values.
dbug: Microsoft.EntityFrameworkCore.ChangeTracking[10807]
      An entity of type 'ProductSpecification' tracked by 'AppDbContext' changed state from 'Added' to 'Unchanged'. Consider using 'DbContextOptionsBuilder.EnableSensitiveDataLogging' to see key values.
dbug: Microsoft.EntityFrameworkCore.ChangeTracking[10807]
      An entity of type 'ProductSpecification' tracked by 'AppDbContext' changed state from 'Added' to 'Unchanged'. Consider using 'DbContextOptionsBuilder.EnableSensitiveDataLogging' to see key values.
dbug: Microsoft.EntityFrameworkCore.ChangeTracking[10807]
      An entity of type 'ProductSpecification' tracked by 'AppDbContext' changed state from 'Added' to 'Unchanged'. Consider using 'DbContextOptionsBuilder.EnableSensitiveDataLogging' to see key values.
dbug: Microsoft.EntityFrameworkCore.ChangeTracking[10807]
      An entity of type 'ProductSpecification' tracked by 'AppDbContext' changed state from 'Added' to 'Unchanged'. Consider using 'DbContextOptionsBuilder.EnableSensitiveDataLogging' to see key values.
dbug: Microsoft.EntityFrameworkCore.ChangeTracking[10807]
      An entity of type 'ProductVariant' tracked by 'AppDbContext' changed state from 'Added' to 'Unchanged'. Consider using 'DbContextOptionsBuilder.EnableSensitiveDataLogging' to see key values.
dbug: Microsoft.EntityFrameworkCore.ChangeTracking[10807]
      An entity of type 'ProductVariant' tracked by 'AppDbContext' changed state from 'Added' to 'Unchanged'. Consider using 'DbContextOptionsBuilder.EnableSensitiveDataLogging' to see key values.
dbug: Microsoft.EntityFrameworkCore.ChangeTracking[10807]
      An entity of type 'Product' tracked by 'AppDbContext' changed state from 'Added' to 'Unchanged'. Consider using 'DbContextOptionsBuilder.EnableSensitiveDataLogging' to see key values.
dbug: Microsoft.EntityFrameworkCore.ChangeTracking[10807]
      An entity of type 'ProductMedia' tracked by 'AppDbContext' changed state from 'Added' to 'Unchanged'. Consider using 'DbContextOptionsBuilder.EnableSensitiveDataLogging' to see key values.
dbug: Microsoft.EntityFrameworkCore.ChangeTracking[10807]
      An entity of type 'ProductMedia' tracked by 'AppDbContext' changed state from 'Added' to 'Unchanged'. Consider using 'DbContextOptionsBuilder.EnableSensitiveDataLogging' to see key values.
dbug: Microsoft.EntityFrameworkCore.ChangeTracking[10807]
      An entity of type 'ProductApplicationArea' tracked by 'AppDbContext' changed state from 'Added' to 'Unchanged'. Consider using 'DbContextOptionsBuilder.EnableSensitiveDataLogging' to see key values.
dbug: Microsoft.EntityFrameworkCore.ChangeTracking[10807]
      An entity of type 'ProductApplicationArea' tracked by 'AppDbContext' changed state from 'Added' to 'Unchanged'. Consider using 'DbContextOptionsBuilder.EnableSensitiveDataLogging' to see key values.
dbug: Microsoft.EntityFrameworkCore.ChangeTracking[10807]
      An entity of type 'ProductApplicationArea' tracked by 'AppDbContext' changed state from 'Added' to 'Unchanged'. Consider using 'DbContextOptionsBuilder.EnableSensitiveDataLogging' to see key values.
dbug: Microsoft.EntityFrameworkCore.ChangeTracking[10807]
      An entity of type 'ProductSpecification' tracked by 'AppDbContext' changed state from 'Added' to 'Unchanged'. Consider using 'DbContextOptionsBuilder.EnableSensitiveDataLogging' to see key values.
dbug: Microsoft.EntityFrameworkCore.ChangeTracking[10807]
      An entity of type 'ProductSpecification' tracked by 'AppDbContext' changed state from 'Added' to 'Unchanged'. Consider using 'DbContextOptionsBuilder.EnableSensitiveDataLogging' to see key values.
dbug: Microsoft.EntityFrameworkCore.ChangeTracking[10807]
      An entity of type 'ProductSpecification' tracked by 'AppDbContext' changed state from 'Added' to 'Unchanged'. Consider using 'DbContextOptionsBuilder.EnableSensitiveDataLogging' to see key values.
dbug: Microsoft.EntityFrameworkCore.ChangeTracking[10807]
      An entity of type 'ProductSpecification' tracked by 'AppDbContext' changed state from 'Added' to 'Unchanged'. Consider using 'DbContextOptionsBuilder.EnableSensitiveDataLogging' to see key values.
dbug: Microsoft.EntityFrameworkCore.ChangeTracking[10807]
      An entity of type 'ProductVariant' tracked by 'AppDbContext' changed state from 'Added' to 'Unchanged'. Consider using 'DbContextOptionsBuilder.EnableSensitiveDataLogging' to see key values.
dbug: Microsoft.EntityFrameworkCore.ChangeTracking[10807]
      An entity of type 'ProductVariant' tracked by 'AppDbContext' changed state from 'Added' to 'Unchanged'. Consider using 'DbContextOptionsBuilder.EnableSensitiveDataLogging' to see key values.
dbug: Microsoft.EntityFrameworkCore.ChangeTracking[10807]
      An entity of type 'Product' tracked by 'AppDbContext' changed state from 'Added' to 'Unchanged'. Consider using 'DbContextOptionsBuilder.EnableSensitiveDataLogging' to see key values.
dbug: Microsoft.EntityFrameworkCore.ChangeTracking[10807]
      An entity of type 'ProductMedia' tracked by 'AppDbContext' changed state from 'Added' to 'Unchanged'. Consider using 'DbContextOptionsBuilder.EnableSensitiveDataLogging' to see key values.
dbug: Microsoft.EntityFrameworkCore.ChangeTracking[10807]
      An entity of type 'ProductMedia' tracked by 'AppDbContext' changed state from 'Added' to 'Unchanged'. Consider using 'DbContextOptionsBuilder.EnableSensitiveDataLogging' to see key values.
dbug: Microsoft.EntityFrameworkCore.ChangeTracking[10807]
      An entity of type 'ProductApplicationArea' tracked by 'AppDbContext' changed state from 'Added' to 'Unchanged'. Consider using 'DbContextOptionsBuilder.EnableSensitiveDataLogging' to see key values.
dbug: Microsoft.EntityFrameworkCore.ChangeTracking[10807]
      An entity of type 'ProductApplicationArea' tracked by 'AppDbContext' changed state from 'Added' to 'Unchanged'. Consider using 'DbContextOptionsBuilder.EnableSensitiveDataLogging' to see key values.
dbug: Microsoft.EntityFrameworkCore.ChangeTracking[10807]
      An entity of type 'ProductSpecification' tracked by 'AppDbContext' changed state from 'Added' to 'Unchanged'. Consider using 'DbContextOptionsBuilder.EnableSensitiveDataLogging' to see key values.
dbug: Microsoft.EntityFrameworkCore.ChangeTracking[10807]
      An entity of type 'ProductSpecification' tracked by 'AppDbContext' changed state from 'Added' to 'Unchanged'. Consider using 'DbContextOptionsBuilder.EnableSensitiveDataLogging' to see key values.
dbug: Microsoft.EntityFrameworkCore.ChangeTracking[10807]
      An entity of type 'ProductSpecification' tracked by 'AppDbContext' changed state from 'Added' to 'Unchanged'. Consider using 'DbContextOptionsBuilder.EnableSensitiveDataLogging' to see key values.
dbug: Microsoft.EntityFrameworkCore.ChangeTracking[10807]
      An entity of type 'ProductSpecification' tracked by 'AppDbContext' changed state from 'Added' to 'Unchanged'. Consider using 'DbContextOptionsBuilder.EnableSensitiveDataLogging' to see key values.
dbug: Microsoft.EntityFrameworkCore.ChangeTracking[10807]
      An entity of type 'ProductVariant' tracked by 'AppDbContext' changed state from 'Added' to 'Unchanged'. Consider using 'DbContextOptionsBuilder.EnableSensitiveDataLogging' to see key values.
dbug: Microsoft.EntityFrameworkCore.ChangeTracking[10807]
      An entity of type 'ProductVariant' tracked by 'AppDbContext' changed state from 'Added' to 'Unchanged'. Consider using 'DbContextOptionsBuilder.EnableSensitiveDataLogging' to see key values.
dbug: Microsoft.EntityFrameworkCore.ChangeTracking[10807]
      An entity of type 'ProductVariant' tracked by 'AppDbContext' changed state from 'Added' to 'Unchanged'. Consider using 'DbContextOptionsBuilder.EnableSensitiveDataLogging' to see key values.
dbug: Microsoft.EntityFrameworkCore.ChangeTracking[10807]
      An entity of type 'Product' tracked by 'AppDbContext' changed state from 'Added' to 'Unchanged'. Consider using 'DbContextOptionsBuilder.EnableSensitiveDataLogging' to see key values.
dbug: Microsoft.EntityFrameworkCore.ChangeTracking[10807]
      An entity of type 'ProductMedia' tracked by 'AppDbContext' changed state from 'Added' to 'Unchanged'. Consider using 'DbContextOptionsBuilder.EnableSensitiveDataLogging' to see key values.
dbug: Microsoft.EntityFrameworkCore.ChangeTracking[10807]
      An entity of type 'ProductMedia' tracked by 'AppDbContext' changed state from 'Added' to 'Unchanged'. Consider using 'DbContextOptionsBuilder.EnableSensitiveDataLogging' to see key values.
dbug: Microsoft.EntityFrameworkCore.ChangeTracking[10807]
      An entity of type 'ProductApplicationArea' tracked by 'AppDbContext' changed state from 'Added' to 'Unchanged'. Consider using 'DbContextOptionsBuilder.EnableSensitiveDataLogging' to see key values.
dbug: Microsoft.EntityFrameworkCore.ChangeTracking[10807]
      An entity of type 'ProductApplicationArea' tracked by 'AppDbContext' changed state from 'Added' to 'Unchanged'. Consider using 'DbContextOptionsBuilder.EnableSensitiveDataLogging' to see key values.
dbug: Microsoft.EntityFrameworkCore.ChangeTracking[10807]
      An entity of type 'ProductApplicationArea' tracked by 'AppDbContext' changed state from 'Added' to 'Unchanged'. Consider using 'DbContextOptionsBuilder.EnableSensitiveDataLogging' to see key values.
dbug: Microsoft.EntityFrameworkCore.ChangeTracking[10807]
      An entity of type 'ProductSpecification' tracked by 'AppDbContext' changed state from 'Added' to 'Unchanged'. Consider using 'DbContextOptionsBuilder.EnableSensitiveDataLogging' to see key values.
dbug: Microsoft.EntityFrameworkCore.ChangeTracking[10807]
      An entity of type 'ProductSpecification' tracked by 'AppDbContext' changed state from 'Added' to 'Unchanged'. Consider using 'DbContextOptionsBuilder.EnableSensitiveDataLogging' to see key values.
dbug: Microsoft.EntityFrameworkCore.ChangeTracking[10807]
      An entity of type 'ProductSpecification' tracked by 'AppDbContext' changed state from 'Added' to 'Unchanged'. Consider using 'DbContextOptionsBuilder.EnableSensitiveDataLogging' to see key values.
dbug: Microsoft.EntityFrameworkCore.ChangeTracking[10807]
      An entity of type 'ProductSpecification' tracked by 'AppDbContext' changed state from 'Added' to 'Unchanged'. Consider using 'DbContextOptionsBuilder.EnableSensitiveDataLogging' to see key values.
dbug: Microsoft.EntityFrameworkCore.ChangeTracking[10807]
      An entity of type 'ProductVariant' tracked by 'AppDbContext' changed state from 'Added' to 'Unchanged'. Consider using 'DbContextOptionsBuilder.EnableSensitiveDataLogging' to see key values.
dbug: Microsoft.EntityFrameworkCore.ChangeTracking[10807]
      An entity of type 'ProductVariant' tracked by 'AppDbContext' changed state from 'Added' to 'Unchanged'. Consider using 'DbContextOptionsBuilder.EnableSensitiveDataLogging' to see key values.
dbug: Microsoft.EntityFrameworkCore.ChangeTracking[10807]
      An entity of type 'Product' tracked by 'AppDbContext' changed state from 'Added' to 'Unchanged'. Consider using 'DbContextOptionsBuilder.EnableSensitiveDataLogging' to see key values.
dbug: Microsoft.EntityFrameworkCore.ChangeTracking[10807]
      An entity of type 'ProductMedia' tracked by 'AppDbContext' changed state from 'Added' to 'Unchanged'. Consider using 'DbContextOptionsBuilder.EnableSensitiveDataLogging' to see key values.
dbug: Microsoft.EntityFrameworkCore.ChangeTracking[10807]
      An entity of type 'ProductMedia' tracked by 'AppDbContext' changed state from 'Added' to 'Unchanged'. Consider using 'DbContextOptionsBuilder.EnableSensitiveDataLogging' to see key values.
dbug: Microsoft.EntityFrameworkCore.ChangeTracking[10807]
      An entity of type 'ProductApplicationArea' tracked by 'AppDbContext' changed state from 'Added' to 'Unchanged'. Consider using 'DbContextOptionsBuilder.EnableSensitiveDataLogging' to see key values.
dbug: Microsoft.EntityFrameworkCore.ChangeTracking[10807]
      An entity of type 'ProductApplicationArea' tracked by 'AppDbContext' changed state from 'Added' to 'Unchanged'. Consider using 'DbContextOptionsBuilder.EnableSensitiveDataLogging' to see key values.
dbug: Microsoft.EntityFrameworkCore.ChangeTracking[10807]
      An entity of type 'ProductApplicationArea' tracked by 'AppDbContext' changed state from 'Added' to 'Unchanged'. Consider using 'DbContextOptionsBuilder.EnableSensitiveDataLogging' to see key values.
dbug: Microsoft.EntityFrameworkCore.ChangeTracking[10807]
      An entity of type 'ProductSpecification' tracked by 'AppDbContext' changed state from 'Added' to 'Unchanged'. Consider using 'DbContextOptionsBuilder.EnableSensitiveDataLogging' to see key values.
dbug: Microsoft.EntityFrameworkCore.ChangeTracking[10807]
      An entity of type 'ProductSpecification' tracked by 'AppDbContext' changed state from 'Added' to 'Unchanged'. Consider using 'DbContextOptionsBuilder.EnableSensitiveDataLogging' to see key values.
dbug: Microsoft.EntityFrameworkCore.ChangeTracking[10807]
      An entity of type 'ProductSpecification' tracked by 'AppDbContext' changed state from 'Added' to 'Unchanged'. Consider using 'DbContextOptionsBuilder.EnableSensitiveDataLogging' to see key values.
dbug: Microsoft.EntityFrameworkCore.ChangeTracking[10807]
      An entity of type 'ProductSpecification' tracked by 'AppDbContext' changed state from 'Added' to 'Unchanged'. Consider using 'DbContextOptionsBuilder.EnableSensitiveDataLogging' to see key values.
dbug: Microsoft.EntityFrameworkCore.ChangeTracking[10807]
      An entity of type 'ProductSpecification' tracked by 'AppDbContext' changed state from 'Added' to 'Unchanged'. Consider using 'DbContextOptionsBuilder.EnableSensitiveDataLogging' to see key values.
dbug: Microsoft.EntityFrameworkCore.ChangeTracking[10807]
      An entity of type 'ProductVariant' tracked by 'AppDbContext' changed state from 'Added' to 'Unchanged'. Consider using 'DbContextOptionsBuilder.EnableSensitiveDataLogging' to see key values.
dbug: Microsoft.EntityFrameworkCore.ChangeTracking[10807]
      An entity of type 'ProductVariant' tracked by 'AppDbContext' changed state from 'Added' to 'Unchanged'. Consider using 'DbContextOptionsBuilder.EnableSensitiveDataLogging' to see key values.
dbug: Microsoft.EntityFrameworkCore.ChangeTracking[10807]
      An entity of type 'ProductVariant' tracked by 'AppDbContext' changed state from 'Added' to 'Unchanged'. Consider using 'DbContextOptionsBuilder.EnableSensitiveDataLogging' to see key values.
dbug: Microsoft.EntityFrameworkCore.ChangeTracking[10807]
      An entity of type 'Product' tracked by 'AppDbContext' changed state from 'Added' to 'Unchanged'. Consider using 'DbContextOptionsBuilder.EnableSensitiveDataLogging' to see key values.
dbug: Microsoft.EntityFrameworkCore.ChangeTracking[10807]
      An entity of type 'ProductMedia' tracked by 'AppDbContext' changed state from 'Added' to 'Unchanged'. Consider using 'DbContextOptionsBuilder.EnableSensitiveDataLogging' to see key values.
dbug: Microsoft.EntityFrameworkCore.ChangeTracking[10807]
      An entity of type 'ProductMedia' tracked by 'AppDbContext' changed state from 'Added' to 'Unchanged'. Consider using 'DbContextOptionsBuilder.EnableSensitiveDataLogging' to see key values.
dbug: Microsoft.EntityFrameworkCore.ChangeTracking[10807]
      An entity of type 'ProductMedia' tracked by 'AppDbContext' changed state from 'Added' to 'Unchanged'. Consider using 'DbContextOptionsBuilder.EnableSensitiveDataLogging' to see key values.
dbug: Microsoft.EntityFrameworkCore.ChangeTracking[10807]
      An entity of type 'ProductMedia' tracked by 'AppDbContext' changed state from 'Added' to 'Unchanged'. Consider using 'DbContextOptionsBuilder.EnableSensitiveDataLogging' to see key values.
dbug: Microsoft.EntityFrameworkCore.ChangeTracking[10807]
      An entity of type 'ProductApplicationArea' tracked by 'AppDbContext' changed state from 'Added' to 'Unchanged'. Consider using 'DbContextOptionsBuilder.EnableSensitiveDataLogging' to see key values.
dbug: Microsoft.EntityFrameworkCore.ChangeTracking[10807]
      An entity of type 'ProductApplicationArea' tracked by 'AppDbContext' changed state from 'Added' to 'Unchanged'. Consider using 'DbContextOptionsBuilder.EnableSensitiveDataLogging' to see key values.
dbug: Microsoft.EntityFrameworkCore.ChangeTracking[10807]
      An entity of type 'ProductApplicationArea' tracked by 'AppDbContext' changed state from 'Added' to 'Unchanged'. Consider using 'DbContextOptionsBuilder.EnableSensitiveDataLogging' to see key values.
dbug: Microsoft.EntityFrameworkCore.ChangeTracking[10807]
      An entity of type 'ProductSpecification' tracked by 'AppDbContext' changed state from 'Added' to 'Unchanged'. Consider using 'DbContextOptionsBuilder.EnableSensitiveDataLogging' to see key values.
dbug: Microsoft.EntityFrameworkCore.ChangeTracking[10807]
      An entity of type 'ProductSpecification' tracked by 'AppDbContext' changed state from 'Added' to 'Unchanged'. Consider using 'DbContextOptionsBuilder.EnableSensitiveDataLogging' to see key values.
dbug: Microsoft.EntityFrameworkCore.ChangeTracking[10807]
      An entity of type 'ProductSpecification' tracked by 'AppDbContext' changed state from 'Added' to 'Unchanged'. Consider using 'DbContextOptionsBuilder.EnableSensitiveDataLogging' to see key values.
dbug: Microsoft.EntityFrameworkCore.ChangeTracking[10807]
      An entity of type 'ProductSpecification' tracked by 'AppDbContext' changed state from 'Added' to 'Unchanged'. Consider using 'DbContextOptionsBuilder.EnableSensitiveDataLogging' to see key values.
dbug: Microsoft.EntityFrameworkCore.ChangeTracking[10807]
      An entity of type 'ProductVariant' tracked by 'AppDbContext' changed state from 'Added' to 'Unchanged'. Consider using 'DbContextOptionsBuilder.EnableSensitiveDataLogging' to see key values.
dbug: Microsoft.EntityFrameworkCore.ChangeTracking[10807]
      An entity of type 'ProductVariant' tracked by 'AppDbContext' changed state from 'Added' to 'Unchanged'. Consider using 'DbContextOptionsBuilder.EnableSensitiveDataLogging' to see key values.
dbug: Microsoft.EntityFrameworkCore.ChangeTracking[10807]
      An entity of type 'ProductVariant' tracked by 'AppDbContext' changed state from 'Added' to 'Unchanged'. Consider using 'DbContextOptionsBuilder.EnableSensitiveDataLogging' to see key values.
dbug: Microsoft.EntityFrameworkCore.ChangeTracking[10807]
      An entity of type 'Product' tracked by 'AppDbContext' changed state from 'Added' to 'Unchanged'. Consider using 'DbContextOptionsBuilder.EnableSensitiveDataLogging' to see key values.
dbug: Microsoft.EntityFrameworkCore.ChangeTracking[10807]
      An entity of type 'ProductMedia' tracked by 'AppDbContext' changed state from 'Added' to 'Unchanged'. Consider using 'DbContextOptionsBuilder.EnableSensitiveDataLogging' to see key values.
dbug: Microsoft.EntityFrameworkCore.ChangeTracking[10807]
      An entity of type 'ProductMedia' tracked by 'AppDbContext' changed state from 'Added' to 'Unchanged'. Consider using 'DbContextOptionsBuilder.EnableSensitiveDataLogging' to see key values.
dbug: Microsoft.EntityFrameworkCore.ChangeTracking[10807]
      An entity of type 'ProductApplicationArea' tracked by 'AppDbContext' changed state from 'Added' to 'Unchanged'. Consider using 'DbContextOptionsBuilder.EnableSensitiveDataLogging' to see key values.
dbug: Microsoft.EntityFrameworkCore.ChangeTracking[10807]
      An entity of type 'ProductApplicationArea' tracked by 'AppDbContext' changed state from 'Added' to 'Unchanged'. Consider using 'DbContextOptionsBuilder.EnableSensitiveDataLogging' to see key values.
dbug: Microsoft.EntityFrameworkCore.ChangeTracking[10807]
      An entity of type 'ProductSpecification' tracked by 'AppDbContext' changed state from 'Added' to 'Unchanged'. Consider using 'DbContextOptionsBuilder.EnableSensitiveDataLogging' to see key values.
dbug: Microsoft.EntityFrameworkCore.ChangeTracking[10807]
      An entity of type 'ProductSpecification' tracked by 'AppDbContext' changed state from 'Added' to 'Unchanged'. Consider using 'DbContextOptionsBuilder.EnableSensitiveDataLogging' to see key values.
dbug: Microsoft.EntityFrameworkCore.ChangeTracking[10807]
      An entity of type 'ProductSpecification' tracked by 'AppDbContext' changed state from 'Added' to 'Unchanged'. Consider using 'DbContextOptionsBuilder.EnableSensitiveDataLogging' to see key values.
dbug: Microsoft.EntityFrameworkCore.ChangeTracking[10807]
      An entity of type 'ProductSpecification' tracked by 'AppDbContext' changed state from 'Added' to 'Unchanged'. Consider using 'DbContextOptionsBuilder.EnableSensitiveDataLogging' to see key values.
dbug: Microsoft.EntityFrameworkCore.ChangeTracking[10807]
      An entity of type 'ProductVariant' tracked by 'AppDbContext' changed state from 'Added' to 'Unchanged'. Consider using 'DbContextOptionsBuilder.EnableSensitiveDataLogging' to see key values.
dbug: Microsoft.EntityFrameworkCore.ChangeTracking[10807]
      An entity of type 'ProductVariant' tracked by 'AppDbContext' changed state from 'Added' to 'Unchanged'. Consider using 'DbContextOptionsBuilder.EnableSensitiveDataLogging' to see key values.
dbug: Microsoft.EntityFrameworkCore.ChangeTracking[10807]
      An entity of type 'ProductVariant' tracked by 'AppDbContext' changed state from 'Added' to 'Unchanged'. Consider using 'DbContextOptionsBuilder.EnableSensitiveDataLogging' to see key values.
dbug: Microsoft.EntityFrameworkCore.Update[10005]
      SaveChanges completed for 'AppDbContext' with 168 entities written to the database.
dbug: Microsoft.EntityFrameworkCore.Infrastructure[10407]
      'AppDbContext' disposed.
dbug: Microsoft.EntityFrameworkCore.Database.Connection[20007]
      Disposing connection to database 'teknomled' on server 'tcp://localhost:5432'.
dbug: Microsoft.EntityFrameworkCore.Database.Connection[20008]
      Disposed connection to database 'teknomled' on server 'tcp://localhost:5432' (0ms).
dbug: Microsoft.Extensions.Hosting.Internal.Host[1]
      Hosting starting
info: Microsoft.AspNetCore.DataProtection.KeyManagement.XmlKeyManager[63]
      User profile is available. Using 'C:\Users\cihan\AppData\Local\ASP.NET\DataProtection-Keys' as key repository and Windows DPAPI to encrypt keys at rest.
info: Microsoft.AspNetCore.DataProtection.KeyManagement.XmlKeyManager[58]
      Creating key {4abe0fb6-7ac7-42b3-9b70-b744add991a5} with creation date 2026-09-18 08:05:45Z, activation date 2026-09-18 08:05:45Z, and expiration date 2026-12-17 08:05:45Z.
info: Microsoft.AspNetCore.DataProtection.Repositories.FileSystemXmlRepository[39]
      Writing data to file 'C:\Users\cihan\AppData\Local\ASP.NET\DataProtection-Keys\key-4abe0fb6-7ac7-42b3-9b70-b744add991a5.xml'.
info: Microsoft.Hosting.Lifetime[14]
      Now listening on: http://localhost:5223
info: Microsoft.Hosting.Lifetime[0]
      Application started. Press Ctrl+C to shut down.
info: Microsoft.Hosting.Lifetime[0]
      Hosting environment: Development
info: Microsoft.Hosting.Lifetime[0]
      Content root path: C:\Users\cihan\TeknomLed\backend\src\TeknomLed.Api
dbug: Microsoft.Extensions.Hosting.Internal.Host[2]
      Hosting started
info: Microsoft.AspNetCore.Hosting.Diagnostics[1]
      Request starting HTTP/1.1 GET http://localhost:5223/api/products?pageSize=5 - - -
info: Microsoft.AspNetCore.Routing.EndpointMiddleware[0]
      Executing endpoint 'TeknomLed.Api.Controllers.ProductsController.GetProducts (TeknomLed.Api)'
info: Microsoft.AspNetCore.Mvc.Infrastructure.ControllerActionInvoker[102]
      Route matched with {action = "GetProducts", controller = "Products"}. Executing controller action with signature System.Threading.Tasks.Task`1[TeknomLed.Application.Catalog.Dtos.PagedResult`1[TeknomLed.Application.Catalog.Dtos.ProductListItemDto]] GetProducts(System.String, System.String[], Int32[], System.String[], System.String[], System.String[], System.Nullable`1[System.Decimal], System.Nullable`1[System.Decimal], System.Nullable`1[System.Boolean], System.String, Int32, Int32, System.Threading.CancellationToken) on controller TeknomLed.Api.Controllers.ProductsController (TeknomLed.Api).
dbug: Microsoft.EntityFrameworkCore.Infrastructure[10403]
      Entity Framework Core 8.0.11 initialized 'AppDbContext' using provider 'Npgsql.EntityFrameworkCore.PostgreSQL:8.0.11+52a6b9f2ddd23fcabd1c673b4a2e273495129481' with options: None
dbug: Microsoft.EntityFrameworkCore.Query[10111]
      Compiling query expression: 
      'DbSet<Product>()
          .AsNoTracking()
          .Where(p => p.IsActive && p.Category.IsActive)
          .Where(p => p.Variants
              .Any(v => v.IsActive))
          .Count()'
dbug: Microsoft.EntityFrameworkCore.Query[10107]
      Generated query execution expression: 
      'queryContext => ShapedQueryCompilingExpressionVisitor.SingleAsync<int>(
          asyncEnumerable: new SingleQueryingEnumerable<int>(
              (RelationalQueryContext)queryContext, 
              RelationalCommandCache.QueryExpression(
                  Projection Mapping:
                      EmptyProjectionMember -> 0
                  SELECT CAST(count(*) AS integer)
                  FROM Products AS p
                  INNER JOIN Categories AS c ON p.CategoryId == c.Id
                  WHERE (p.IsActive && c.IsActive) && EXISTS (
                      SELECT 1
                      FROM ProductVariants AS p0
                      WHERE ((p.Id != NULL) && (p.Id == p0.ProductId)) && p0.IsActive)), 
              null, 
              Func<QueryContext, DbDataReader, ResultContext, SingleQueryResultCoordinator, int>, 
              TeknomLed.Infrastructure.Persistence.AppDbContext, 
              False, 
              False, 
              True
          ), 
          cancellationToken: queryContext.CancellationToken)'
dbug: Microsoft.EntityFrameworkCore.Database.Connection[20005]
      Creating DbConnection.
dbug: Microsoft.EntityFrameworkCore.Database.Connection[20006]
      Created DbConnection. (0ms).
dbug: Microsoft.EntityFrameworkCore.Database.Connection[20000]
      Opening connection to database 'teknomled' on server 'tcp://localhost:5432'.
dbug: Microsoft.EntityFrameworkCore.Database.Connection[20001]
      Opened connection to database 'teknomled' on server 'tcp://localhost:5432'.
dbug: Microsoft.EntityFrameworkCore.Database.Command[20103]
      Creating DbCommand for 'ExecuteReader'.
dbug: Microsoft.EntityFrameworkCore.Database.Command[20104]
      Created DbCommand for 'ExecuteReader' (0ms).
dbug: Microsoft.EntityFrameworkCore.Database.Command[20106]
      Initialized DbCommand for 'ExecuteReader' (0ms).
dbug: Microsoft.EntityFrameworkCore.Database.Command[20100]
      Executing DbCommand [Parameters=[], CommandType='Text', CommandTimeout='30']
      SELECT count(*)::int
      FROM "Products" AS p
      INNER JOIN "Categories" AS c ON p."CategoryId" = c."Id"
      WHERE p."IsActive" AND c."IsActive" AND EXISTS (
          SELECT 1
          FROM "ProductVariants" AS p0
          WHERE p."Id" = p0."ProductId" AND p0."IsActive")
info: Microsoft.EntityFrameworkCore.Database.Command[20101]
      Executed DbCommand (2ms) [Parameters=[], CommandType='Text', CommandTimeout='30']
      SELECT count(*)::int
      FROM "Products" AS p
      INNER JOIN "Categories" AS c ON p."CategoryId" = c."Id"
      WHERE p."IsActive" AND c."IsActive" AND EXISTS (
          SELECT 1
          FROM "ProductVariants" AS p0
          WHERE p."Id" = p0."ProductId" AND p0."IsActive")
dbug: Microsoft.EntityFrameworkCore.Database.Command[20301]
      Closing data reader to 'teknomled' on server 'tcp://localhost:5432'.
dbug: Microsoft.EntityFrameworkCore.Database.Command[20300]
      A data reader for 'teknomled' on server 'tcp://localhost:5432' is being disposed after spending 1ms reading results.
dbug: Microsoft.EntityFrameworkCore.Database.Connection[20002]
      Closing connection to database 'teknomled' on server 'tcp://localhost:5432'.
dbug: Microsoft.EntityFrameworkCore.Database.Connection[20003]
      Closed connection to database 'teknomled' on server 'tcp://localhost:5432' (0ms).
dbug: Microsoft.EntityFrameworkCore.Query[10111]
      Compiling query expression: 
      'DbSet<Product>()
          .AsNoTracking()
          .Where(p => p.IsActive && p.Category.IsActive)
          .Where(p => p.Variants
              .Any(v => v.IsActive))
          .OrderByDescending(p => p.IsFeatured)
          .ThenBy(p => p.Name)
          .Skip(__p_0)
          .Take(__p_1)
          .Include(p => p.Category)
          .Include(p => p.Variants
              .Where(v => v.IsActive))
          .Include(p => p.Specifications)
          .Include(p => p.Media
              .Where(m => m.IsActive))
          .Include(p => p.ProductApplicationAreas)
          .ThenInclude(paa => paa.ApplicationArea)'
dbug: Microsoft.EntityFrameworkCore.Query[10112]
      Including navigation: 'Product.Category'.
dbug: Microsoft.EntityFrameworkCore.Query[10112]
      Including navigation: 'Product.Variants'.
dbug: Microsoft.EntityFrameworkCore.Query[10112]
      Including navigation: 'Product.Specifications'.
dbug: Microsoft.EntityFrameworkCore.Query[10112]
      Including navigation: 'Product.Media'.
dbug: Microsoft.EntityFrameworkCore.Query[10112]
      Including navigation: 'Product.ProductApplicationAreas'.
dbug: Microsoft.EntityFrameworkCore.Query[10112]
      Including navigation: 'ProductApplicationArea.ApplicationArea'.
warn: Microsoft.EntityFrameworkCore.Query[20504]
      Compiling a query which loads related collections for more than one collection navigation, either via 'Include' or through projection, but no 'QuerySplittingBehavior' has been configured. By default, Entity Framework will use 'QuerySplittingBehavior.SingleQuery', which can potentially result in slow query performance. See https://go.microsoft.com/fwlink/?linkid=2134277 for more information. To identify the query that's triggering this warning call 'ConfigureWarnings(w => w.Throw(RelationalEventId.MultipleCollectionIncludeWarning))'.
dbug: Microsoft.EntityFrameworkCore.Query[10107]
      Generated query execution expression: 
      'queryContext => new SingleQueryingEnumerable<Product>(
          (RelationalQueryContext)queryContext, 
          RelationalCommandCache.QueryExpression(
              Client Projections:
                  0 -> Dictionary<IProperty, int> { [Property: Product.Id (Guid) Required PK AfterSave:Throw ValueGenerated.OnAdd, 0], [Property: Product.CategoryId (Guid) Required FK Index, 1], [Property: Product.CreatedAtUtc (DateTimeOffset) Required, 2], [Property: Product.Description (string) MaxLength(8000), 3], [Property: Product.IsActive (bool) Required Index, 4], [Property: Product.IsFeatured (bool) Required Index, 5], [Property: Product.Name (string) Required MaxLength(200), 6], [Property: Product.ShortDescription (string) Required MaxLength(500), 7], [Property: Product.Slug (string) Required Index MaxLength(128), 8], [Property: Product.UpdatedAtUtc (DateTimeOffset) Required, 9] }
                  1 -> Dictionary<IProperty, int> { [Property: Category.Id (Guid) Required PK AfterSave:Throw ValueGenerated.OnAdd, 10], [Property: Category.CreatedAtUtc (DateTimeOffset) Required, 11], [Property: Category.Description (string) MaxLength(2000), 12], [Property: Category.IsActive (bool) Required Index, 13], [Property: Category.Name (string) Required MaxLength(200), 14], [Property: Category.Slug (string) Required Index MaxLength(128), 15], [Property: Category.SortOrder (int) Required, 16], [Property: Category.UpdatedAtUtc (DateTimeOffset) Required, 17] }
                  2 -> 0
                  3 -> 10
                  4 -> Dictionary<IProperty, int> { [Property: ProductVariant.Id (Guid) Required PK AfterSave:Throw ValueGenerated.OnAdd, 18], [Property: ProductVariant.Color (string) MaxLength(64), 19], [Property: ProductVariant.CreatedAtUtc (DateTimeOffset) Required, 20], [Property: ProductVariant.Dimensions (string) MaxLength(128), 21], [Property: ProductVariant.IsActive (bool) Required Index, 22], [Property: ProductVariant.Kelvin (int?) Index, 23], [Property: ProductVariant.Lumen (int?), 24], [Property: ProductVariant.Price (decimal) Required Index, 25], [Property: ProductVariant.ProductId (Guid) Required FK Index, 26], [Property: ProductVariant.Sku (string) Required Index MaxLength(64), 27], [Property: ProductVariant.Stock (int) Required, 28], [Property: ProductVariant.UpdatedAtUtc (DateTimeOffset) Required, 29], [Property: ProductVariant.Watt (int?) Index, 30] }
                  5 -> 18
                  6 -> Dictionary<IProperty, int> { [Property: ProductSpecification.Id (Guid) Required PK AfterSave:Throw ValueGenerated.OnAdd, 31], [Property: ProductSpecification.Name (string) Required MaxLength(128), 32], [Property: ProductSpecification.ProductId (Guid) Required FK Index, 33], [Property: ProductSpecification.SortOrder (int) Required, 34], [Property: ProductSpecification.Unit (string) MaxLength(32), 35], [Property: ProductSpecification.Value (string) Required MaxLength(256), 36] }
                  7 -> 31
                  8 -> Dictionary<IProperty, int> { [Property: ProductMedia.Id (Guid) Required PK AfterSave:Throw ValueGenerated.OnAdd, 37], [Property: ProductMedia.AltText (string) MaxLength(256), 38], [Property: ProductMedia.CreatedAtUtc (DateTimeOffset) Required, 39], [Property: ProductMedia.IsActive (bool) Required, 40], [Property: ProductMedia.Path (string) Required MaxLength(1024), 41], [Property: ProductMedia.ProductId (Guid) Required FK Index, 42], [Property: ProductMedia.SortOrder (int) Required, 43], [Property: ProductMedia.Type (string) Required Index MaxLength(32), 44] }
                  9 -> 37
                  10 -> Dictionary<IProperty, int> { [Property: ProductApplicationArea.ProductId (Guid) Required PK FK Index AfterSave:Throw, 45], [Property: ProductApplicationArea.ApplicationAreaId (Guid) Required PK FK Index AfterSave:Throw, 46] }
                  11 -> Dictionary<IProperty, int> { [Property: ApplicationArea.Id (Guid) Required PK AfterSave:Throw ValueGenerated.OnAdd, 47], [Property: ApplicationArea.IsActive (bool) Required Index, 48], [Property: ApplicationArea.Name (string) Required MaxLength(200), 49], [Property: ApplicationArea.Slug (string) Required Index MaxLength(128), 50], [Property: ApplicationArea.SortOrder (int) Required, 51] }
                  12 -> 45
                  13 -> 46
                  14 -> 47
              SELECT t.Id, t.CategoryId, t.CreatedAtUtc, t.Description, t.IsActive, t.IsFeatured, t.Name, t.ShortDescription, t.Slug, t.UpdatedAtUtc, t.Id0, t.CreatedAtUtc0, t.Description0, t.IsActive0, t.Name0, t.Slug0, t.SortOrder, t.UpdatedAtUtc0, t0.Id, t0.Color, t0.CreatedAtUtc, t0.Dimensions, t0.IsActive, t0.Kelvin, t0.Lumen, t0.Price, t0.ProductId, t0.Sku, t0.Stock, t0.UpdatedAtUtc, t0.Watt, p2.Id, p2.Name, p2.ProductId, p2.SortOrder, p2.Unit, p2.Value, t1.Id, t1.AltText, t1.CreatedAtUtc, t1.IsActive, t1.Path, t1.ProductId, t1.SortOrder, t1.Type, t2.ProductId, t2.ApplicationAreaId, t2.Id, t2.IsActive, t2.Name, t2.Slug, t2.SortOrder
              FROM 
              (
                  SELECT p.Id, p.CategoryId, p.CreatedAtUtc, p.Description, p.IsActive, p.IsFeatured, p.Name, p.ShortDescription, p.Slug, p.UpdatedAtUtc, c.Id AS Id0, c.CreatedAtUtc AS CreatedAtUtc0, c.Description AS Description0, c.IsActive AS IsActive0, c.Name AS Name0, c.Slug AS Slug0, c.SortOrder, c.UpdatedAtUtc AS UpdatedAtUtc0
                  FROM Products AS p
                  INNER JOIN Categories AS c ON p.CategoryId == c.Id
                  WHERE (p.IsActive && c.IsActive) && EXISTS (
                      SELECT 1
                      FROM ProductVariants AS p0
                      WHERE ((p.Id != NULL) && (p.Id == p0.ProductId)) && p0.IsActive)
                  ORDER BY p.IsFeatured DESC, p.Name ASC
                  OFFSET @__p_0 ROWS FETCH NEXT @__p_1 ROWS ONLY
              ) AS t
              LEFT JOIN 
              (
                  SELECT p1.Id, p1.Color, p1.CreatedAtUtc, p1.Dimensions, p1.IsActive, p1.Kelvin, p1.Lumen, p1.Price, p1.ProductId, p1.Sku, p1.Stock, p1.UpdatedAtUtc, p1.Watt
                  FROM ProductVariants AS p1
                  WHERE p1.IsActive
              ) AS t0 ON t.Id == t0.ProductId
              LEFT JOIN ProductSpecifications AS p2 ON t.Id == p2.ProductId
              LEFT JOIN 
              (
                  SELECT p3.Id, p3.AltText, p3.CreatedAtUtc, p3.IsActive, p3.Path, p3.ProductId, p3.SortOrder, p3.Type
                  FROM ProductMedia AS p3
                  WHERE p3.IsActive
              ) AS t1 ON t.Id == t1.ProductId
              LEFT JOIN 
              (
                  SELECT p4.ProductId, p4.ApplicationAreaId, a.Id, a.IsActive, a.Name, a.Slug, a.SortOrder
                  FROM ProductApplicationAreas AS p4
                  INNER JOIN ApplicationAreas AS a ON p4.ApplicationAreaId == a.Id
              ) AS t2 ON t.Id == t2.ProductId
              ORDER BY t.IsFeatured DESC, t.Name ASC, t.Id ASC, t.Id0 ASC, t0.Id ASC, p2.Id ASC, t1.Id ASC, t2.ProductId ASC, t2.ApplicationAreaId ASC), 
          null, 
          Func<QueryContext, DbDataReader, ResultContext, SingleQueryResultCoordinator, Product>, 
          TeknomLed.Infrastructure.Persistence.AppDbContext, 
          False, 
          False, 
          True
      )'
dbug: Microsoft.EntityFrameworkCore.Database.Connection[20000]
      Opening connection to database 'teknomled' on server 'tcp://localhost:5432'.
dbug: Microsoft.EntityFrameworkCore.Database.Connection[20001]
      Opened connection to database 'teknomled' on server 'tcp://localhost:5432'.
dbug: Microsoft.EntityFrameworkCore.Database.Command[20103]
      Creating DbCommand for 'ExecuteReader'.
dbug: Microsoft.EntityFrameworkCore.Database.Command[20104]
      Created DbCommand for 'ExecuteReader' (0ms).
dbug: Microsoft.EntityFrameworkCore.Database.Command[20106]
      Initialized DbCommand for 'ExecuteReader' (0ms).
dbug: Microsoft.EntityFrameworkCore.Database.Command[20100]
      Executing DbCommand [Parameters=[@__p_1='?' (DbType = Int32), @__p_0='?' (DbType = Int32)], CommandType='Text', CommandTimeout='30']
      SELECT t."Id", t."CategoryId", t."CreatedAtUtc", t."Description", t."IsActive", t."IsFeatured", t."Name", t."ShortDescription", t."Slug", t."UpdatedAtUtc", t."Id0", t."CreatedAtUtc0", t."Description0", t."IsActive0", t."Name0", t."Slug0", t."SortOrder", t."UpdatedAtUtc0", t0."Id", t0."Color", t0."CreatedAtUtc", t0."Dimensions", t0."IsActive", t0."Kelvin", t0."Lumen", t0."Price", t0."ProductId", t0."Sku", t0."Stock", t0."UpdatedAtUtc", t0."Watt", p2."Id", p2."Name", p2."ProductId", p2."SortOrder", p2."Unit", p2."Value", t1."Id", t1."AltText", t1."CreatedAtUtc", t1."IsActive", t1."Path", t1."ProductId", t1."SortOrder", t1."Type", t2."ProductId", t2."ApplicationAreaId", t2."Id", t2."IsActive", t2."Name", t2."Slug", t2."SortOrder"
      FROM (
          SELECT p."Id", p."CategoryId", p."CreatedAtUtc", p."Description", p."IsActive", p."IsFeatured", p."Name", p."ShortDescription", p."Slug", p."UpdatedAtUtc", c."Id" AS "Id0", c."CreatedAtUtc" AS "CreatedAtUtc0", c."Description" AS "Description0", c."IsActive" AS "IsActive0", c."Name" AS "Name0", c."Slug" AS "Slug0", c."SortOrder", c."UpdatedAtUtc" AS "UpdatedAtUtc0"
          FROM "Products" AS p
          INNER JOIN "Categories" AS c ON p."CategoryId" = c."Id"
          WHERE p."IsActive" AND c."IsActive" AND EXISTS (
              SELECT 1
              FROM "ProductVariants" AS p0
              WHERE p."Id" = p0."ProductId" AND p0."IsActive")
          ORDER BY p."IsFeatured" DESC, p."Name"
          LIMIT @__p_1 OFFSET @__p_0
      ) AS t
      LEFT JOIN (
          SELECT p1."Id", p1."Color", p1."CreatedAtUtc", p1."Dimensions", p1."IsActive", p1."Kelvin", p1."Lumen", p1."Price", p1."ProductId", p1."Sku", p1."Stock", p1."UpdatedAtUtc", p1."Watt"
          FROM "ProductVariants" AS p1
          WHERE p1."IsActive"
      ) AS t0 ON t."Id" = t0."ProductId"
      LEFT JOIN "ProductSpecifications" AS p2 ON t."Id" = p2."ProductId"
      LEFT JOIN (
          SELECT p3."Id", p3."AltText", p3."CreatedAtUtc", p3."IsActive", p3."Path", p3."ProductId", p3."SortOrder", p3."Type"
          FROM "ProductMedia" AS p3
          WHERE p3."IsActive"
      ) AS t1 ON t."Id" = t1."ProductId"
      LEFT JOIN (
          SELECT p4."ProductId", p4."ApplicationAreaId", a."Id", a."IsActive", a."Name", a."Slug", a."SortOrder"
          FROM "ProductApplicationAreas" AS p4
          INNER JOIN "ApplicationAreas" AS a ON p4."ApplicationAreaId" = a."Id"
      ) AS t2 ON t."Id" = t2."ProductId"
      ORDER BY t."IsFeatured" DESC, t."Name", t."Id", t."Id0", t0."Id", p2."Id", t1."Id", t2."ProductId", t2."ApplicationAreaId"
info: Microsoft.EntityFrameworkCore.Database.Command[20101]
      Executed DbCommand (4ms) [Parameters=[@__p_1='?' (DbType = Int32), @__p_0='?' (DbType = Int32)], CommandType='Text', CommandTimeout='30']
      SELECT t."Id", t."CategoryId", t."CreatedAtUtc", t."Description", t."IsActive", t."IsFeatured", t."Name", t."ShortDescription", t."Slug", t."UpdatedAtUtc", t."Id0", t."CreatedAtUtc0", t."Description0", t."IsActive0", t."Name0", t."Slug0", t."SortOrder", t."UpdatedAtUtc0", t0."Id", t0."Color", t0."CreatedAtUtc", t0."Dimensions", t0."IsActive", t0."Kelvin", t0."Lumen", t0."Price", t0."ProductId", t0."Sku", t0."Stock", t0."UpdatedAtUtc", t0."Watt", p2."Id", p2."Name", p2."ProductId", p2."SortOrder", p2."Unit", p2."Value", t1."Id", t1."AltText", t1."CreatedAtUtc", t1."IsActive", t1."Path", t1."ProductId", t1."SortOrder", t1."Type", t2."ProductId", t2."ApplicationAreaId", t2."Id", t2."IsActive", t2."Name", t2."Slug", t2."SortOrder"
      FROM (
          SELECT p."Id", p."CategoryId", p."CreatedAtUtc", p."Description", p."IsActive", p."IsFeatured", p."Name", p."ShortDescription", p."Slug", p."UpdatedAtUtc", c."Id" AS "Id0", c."CreatedAtUtc" AS "CreatedAtUtc0", c."Description" AS "Description0", c."IsActive" AS "IsActive0", c."Name" AS "Name0", c."Slug" AS "Slug0", c."SortOrder", c."UpdatedAtUtc" AS "UpdatedAtUtc0"
          FROM "Products" AS p
          INNER JOIN "Categories" AS c ON p."CategoryId" = c."Id"
          WHERE p."IsActive" AND c."IsActive" AND EXISTS (
              SELECT 1
              FROM "ProductVariants" AS p0
              WHERE p."Id" = p0."ProductId" AND p0."IsActive")
          ORDER BY p."IsFeatured" DESC, p."Name"
          LIMIT @__p_1 OFFSET @__p_0
      ) AS t
      LEFT JOIN (
          SELECT p1."Id", p1."Color", p1."CreatedAtUtc", p1."Dimensions", p1."IsActive", p1."Kelvin", p1."Lumen", p1."Price", p1."ProductId", p1."Sku", p1."Stock", p1."UpdatedAtUtc", p1."Watt"
          FROM "ProductVariants" AS p1
          WHERE p1."IsActive"
      ) AS t0 ON t."Id" = t0."ProductId"
      LEFT JOIN "ProductSpecifications" AS p2 ON t."Id" = p2."ProductId"
      LEFT JOIN (
          SELECT p3."Id", p3."AltText", p3."CreatedAtUtc", p3."IsActive", p3."Path", p3."ProductId", p3."SortOrder", p3."Type"
          FROM "ProductMedia" AS p3
          WHERE p3."IsActive"
      ) AS t1 ON t."Id" = t1."ProductId"
      LEFT JOIN (
          SELECT p4."ProductId", p4."ApplicationAreaId", a."Id", a."IsActive", a."Name", a."Slug", a."SortOrder"
          FROM "ProductApplicationAreas" AS p4
          INNER JOIN "ApplicationAreas" AS a ON p4."ApplicationAreaId" = a."Id"
      ) AS t2 ON t."Id" = t2."ProductId"
      ORDER BY t."IsFeatured" DESC, t."Name", t."Id", t."Id0", t0."Id", p2."Id", t1."Id", t2."ProductId", t2."ApplicationAreaId"
dbug: Microsoft.EntityFrameworkCore.Database.Command[20301]
      Closing data reader to 'teknomled' on server 'tcp://localhost:5432'.
dbug: Microsoft.EntityFrameworkCore.Database.Command[20300]
      A data reader for 'teknomled' on server 'tcp://localhost:5432' is being disposed after spending 11ms reading results.
dbug: Microsoft.EntityFrameworkCore.Database.Connection[20002]
      Closing connection to database 'teknomled' on server 'tcp://localhost:5432'.
dbug: Microsoft.EntityFrameworkCore.Database.Connection[20003]
      Closed connection to database 'teknomled' on server 'tcp://localhost:5432' (0ms).
info: Microsoft.AspNetCore.Mvc.Infrastructure.ObjectResultExecutor[1]
      Executing ObjectResult, writing value of type 'TeknomLed.Application.Catalog.Dtos.PagedResult`1[[TeknomLed.Application.Catalog.Dtos.ProductListItemDto, TeknomLed.Application, Version=1.0.0.0, Culture=neutral, PublicKeyToken=null]]'.
info: Microsoft.AspNetCore.Mvc.Infrastructure.ControllerActionInvoker[105]
      Executed action TeknomLed.Api.Controllers.ProductsController.GetProducts (TeknomLed.Api) in 143.5079ms
info: Microsoft.AspNetCore.Routing.EndpointMiddleware[1]
      Executed endpoint 'TeknomLed.Api.Controllers.ProductsController.GetProducts (TeknomLed.Api)'
dbug: Microsoft.EntityFrameworkCore.Infrastructure[10407]
      'AppDbContext' disposed.
dbug: Microsoft.EntityFrameworkCore.Database.Connection[20007]
      Disposing connection to database 'teknomled' on server 'tcp://localhost:5432'.
dbug: Microsoft.EntityFrameworkCore.Database.Connection[20008]
      Disposed connection to database 'teknomled' on server 'tcp://localhost:5432' (0ms).
info: Microsoft.AspNetCore.Hosting.Diagnostics[2]
      Request finished HTTP/1.1 GET http://localhost:5223/api/products?pageSize=5 - 200 - application/json;+charset=utf-8 244.8308ms
info: Microsoft.AspNetCore.Hosting.Diagnostics[1]
      Request starting HTTP/1.1 GET http://localhost:5223/api/products?pageSize=5 - - -
info: Microsoft.AspNetCore.Routing.EndpointMiddleware[0]
      Executing endpoint 'TeknomLed.Api.Controllers.ProductsController.GetProducts (TeknomLed.Api)'
info: Microsoft.AspNetCore.Mvc.Infrastructure.ControllerActionInvoker[102]
      Route matched with {action = "GetProducts", controller = "Products"}. Executing controller action with signature System.Threading.Tasks.Task`1[TeknomLed.Application.Catalog.Dtos.PagedResult`1[TeknomLed.Application.Catalog.Dtos.ProductListItemDto]] GetProducts(System.String, System.String[], Int32[], System.String[], System.String[], System.String[], System.Nullable`1[System.Decimal], System.Nullable`1[System.Decimal], System.Nullable`1[System.Boolean], System.String, Int32, Int32, System.Threading.CancellationToken) on controller TeknomLed.Api.Controllers.ProductsController (TeknomLed.Api).
dbug: Microsoft.EntityFrameworkCore.Infrastructure[10403]
      Entity Framework Core 8.0.11 initialized 'AppDbContext' using provider 'Npgsql.EntityFrameworkCore.PostgreSQL:8.0.11+52a6b9f2ddd23fcabd1c673b4a2e273495129481' with options: None
dbug: Microsoft.EntityFrameworkCore.Database.Connection[20005]
      Creating DbConnection.
dbug: Microsoft.EntityFrameworkCore.Database.Connection[20006]
      Created DbConnection. (0ms).
dbug: Microsoft.EntityFrameworkCore.Database.Connection[20000]
      Opening connection to database 'teknomled' on server 'tcp://localhost:5432'.
dbug: Microsoft.EntityFrameworkCore.Database.Connection[20001]
      Opened connection to database 'teknomled' on server 'tcp://localhost:5432'.
dbug: Microsoft.EntityFrameworkCore.Database.Command[20103]
      Creating DbCommand for 'ExecuteReader'.
dbug: Microsoft.EntityFrameworkCore.Database.Command[20104]
      Created DbCommand for 'ExecuteReader' (0ms).
dbug: Microsoft.EntityFrameworkCore.Database.Command[20106]
      Initialized DbCommand for 'ExecuteReader' (0ms).
dbug: Microsoft.EntityFrameworkCore.Database.Command[20100]
      Executing DbCommand [Parameters=[], CommandType='Text', CommandTimeout='30']
      SELECT count(*)::int
      FROM "Products" AS p
      INNER JOIN "Categories" AS c ON p."CategoryId" = c."Id"
      WHERE p."IsActive" AND c."IsActive" AND EXISTS (
          SELECT 1
          FROM "ProductVariants" AS p0
          WHERE p."Id" = p0."ProductId" AND p0."IsActive")
info: Microsoft.EntityFrameworkCore.Database.Command[20101]
      Executed DbCommand (1ms) [Parameters=[], CommandType='Text', CommandTimeout='30']
      SELECT count(*)::int
      FROM "Products" AS p
      INNER JOIN "Categories" AS c ON p."CategoryId" = c."Id"
      WHERE p."IsActive" AND c."IsActive" AND EXISTS (
          SELECT 1
          FROM "ProductVariants" AS p0
          WHERE p."Id" = p0."ProductId" AND p0."IsActive")
dbug: Microsoft.EntityFrameworkCore.Database.Command[20301]
      Closing data reader to 'teknomled' on server 'tcp://localhost:5432'.
dbug: Microsoft.EntityFrameworkCore.Database.Command[20300]
      A data reader for 'teknomled' on server 'tcp://localhost:5432' is being disposed after spending 0ms reading results.
dbug: Microsoft.EntityFrameworkCore.Database.Connection[20002]
      Closing connection to database 'teknomled' on server 'tcp://localhost:5432'.
dbug: Microsoft.EntityFrameworkCore.Database.Connection[20003]
      Closed connection to database 'teknomled' on server 'tcp://localhost:5432' (0ms).
dbug: Microsoft.EntityFrameworkCore.Database.Connection[20000]
      Opening connection to database 'teknomled' on server 'tcp://localhost:5432'.
dbug: Microsoft.EntityFrameworkCore.Database.Connection[20001]
      Opened connection to database 'teknomled' on server 'tcp://localhost:5432'.
dbug: Microsoft.EntityFrameworkCore.Database.Command[20103]
      Creating DbCommand for 'ExecuteReader'.
dbug: Microsoft.EntityFrameworkCore.Database.Command[20104]
      Created DbCommand for 'ExecuteReader' (0ms).
dbug: Microsoft.EntityFrameworkCore.Database.Command[20106]
      Initialized DbCommand for 'ExecuteReader' (0ms).
dbug: Microsoft.EntityFrameworkCore.Database.Command[20100]
      Executing DbCommand [Parameters=[@__p_1='?' (DbType = Int32), @__p_0='?' (DbType = Int32)], CommandType='Text', CommandTimeout='30']
      SELECT t."Id", t."CategoryId", t."CreatedAtUtc", t."Description", t."IsActive", t."IsFeatured", t."Name", t."ShortDescription", t."Slug", t."UpdatedAtUtc", t."Id0", t."CreatedAtUtc0", t."Description0", t."IsActive0", t."Name0", t."Slug0", t."SortOrder", t."UpdatedAtUtc0", t0."Id", t0."Color", t0."CreatedAtUtc", t0."Dimensions", t0."IsActive", t0."Kelvin", t0."Lumen", t0."Price", t0."ProductId", t0."Sku", t0."Stock", t0."UpdatedAtUtc", t0."Watt", p2."Id", p2."Name", p2."ProductId", p2."SortOrder", p2."Unit", p2."Value", t1."Id", t1."AltText", t1."CreatedAtUtc", t1."IsActive", t1."Path", t1."ProductId", t1."SortOrder", t1."Type", t2."ProductId", t2."ApplicationAreaId", t2."Id", t2."IsActive", t2."Name", t2."Slug", t2."SortOrder"
      FROM (
          SELECT p."Id", p."CategoryId", p."CreatedAtUtc", p."Description", p."IsActive", p."IsFeatured", p."Name", p."ShortDescription", p."Slug", p."UpdatedAtUtc", c."Id" AS "Id0", c."CreatedAtUtc" AS "CreatedAtUtc0", c."Description" AS "Description0", c."IsActive" AS "IsActive0", c."Name" AS "Name0", c."Slug" AS "Slug0", c."SortOrder", c."UpdatedAtUtc" AS "UpdatedAtUtc0"
          FROM "Products" AS p
          INNER JOIN "Categories" AS c ON p."CategoryId" = c."Id"
          WHERE p."IsActive" AND c."IsActive" AND EXISTS (
              SELECT 1
              FROM "ProductVariants" AS p0
              WHERE p."Id" = p0."ProductId" AND p0."IsActive")
          ORDER BY p."IsFeatured" DESC, p."Name"
          LIMIT @__p_1 OFFSET @__p_0
      ) AS t
      LEFT JOIN (
          SELECT p1."Id", p1."Color", p1."CreatedAtUtc", p1."Dimensions", p1."IsActive", p1."Kelvin", p1."Lumen", p1."Price", p1."ProductId", p1."Sku", p1."Stock", p1."UpdatedAtUtc", p1."Watt"
          FROM "ProductVariants" AS p1
          WHERE p1."IsActive"
      ) AS t0 ON t."Id" = t0."ProductId"
      LEFT JOIN "ProductSpecifications" AS p2 ON t."Id" = p2."ProductId"
      LEFT JOIN (
          SELECT p3."Id", p3."AltText", p3."CreatedAtUtc", p3."IsActive", p3."Path", p3."ProductId", p3."SortOrder", p3."Type"
          FROM "ProductMedia" AS p3
          WHERE p3."IsActive"
      ) AS t1 ON t."Id" = t1."ProductId"
      LEFT JOIN (
          SELECT p4."ProductId", p4."ApplicationAreaId", a."Id", a."IsActive", a."Name", a."Slug", a."SortOrder"
          FROM "ProductApplicationAreas" AS p4
          INNER JOIN "ApplicationAreas" AS a ON p4."ApplicationAreaId" = a."Id"
      ) AS t2 ON t."Id" = t2."ProductId"
      ORDER BY t."IsFeatured" DESC, t."Name", t."Id", t."Id0", t0."Id", p2."Id", t1."Id", t2."ProductId", t2."ApplicationAreaId"
info: Microsoft.EntityFrameworkCore.Database.Command[20101]
      Executed DbCommand (4ms) [Parameters=[@__p_1='?' (DbType = Int32), @__p_0='?' (DbType = Int32)], CommandType='Text', CommandTimeout='30']
      SELECT t."Id", t."CategoryId", t."CreatedAtUtc", t."Description", t."IsActive", t."IsFeatured", t."Name", t."ShortDescription", t."Slug", t."UpdatedAtUtc", t."Id0", t."CreatedAtUtc0", t."Description0", t."IsActive0", t."Name0", t."Slug0", t."SortOrder", t."UpdatedAtUtc0", t0."Id", t0."Color", t0."CreatedAtUtc", t0."Dimensions", t0."IsActive", t0."Kelvin", t0."Lumen", t0."Price", t0."ProductId", t0."Sku", t0."Stock", t0."UpdatedAtUtc", t0."Watt", p2."Id", p2."Name", p2."ProductId", p2."SortOrder", p2."Unit", p2."Value", t1."Id", t1."AltText", t1."CreatedAtUtc", t1."IsActive", t1."Path", t1."ProductId", t1."SortOrder", t1."Type", t2."ProductId", t2."ApplicationAreaId", t2."Id", t2."IsActive", t2."Name", t2."Slug", t2."SortOrder"
      FROM (
          SELECT p."Id", p."CategoryId", p."CreatedAtUtc", p."Description", p."IsActive", p."IsFeatured", p."Name", p."ShortDescription", p."Slug", p."UpdatedAtUtc", c."Id" AS "Id0", c."CreatedAtUtc" AS "CreatedAtUtc0", c."Description" AS "Description0", c."IsActive" AS "IsActive0", c."Name" AS "Name0", c."Slug" AS "Slug0", c."SortOrder", c."UpdatedAtUtc" AS "UpdatedAtUtc0"
          FROM "Products" AS p
          INNER JOIN "Categories" AS c ON p."CategoryId" = c."Id"
          WHERE p."IsActive" AND c."IsActive" AND EXISTS (
              SELECT 1
              FROM "ProductVariants" AS p0
              WHERE p."Id" = p0."ProductId" AND p0."IsActive")
          ORDER BY p."IsFeatured" DESC, p."Name"
          LIMIT @__p_1 OFFSET @__p_0
      ) AS t
      LEFT JOIN (
          SELECT p1."Id", p1."Color", p1."CreatedAtUtc", p1."Dimensions", p1."IsActive", p1."Kelvin", p1."Lumen", p1."Price", p1."ProductId", p1."Sku", p1."Stock", p1."UpdatedAtUtc", p1."Watt"
          FROM "ProductVariants" AS p1
          WHERE p1."IsActive"
      ) AS t0 ON t."Id" = t0."ProductId"
      LEFT JOIN "ProductSpecifications" AS p2 ON t."Id" = p2."ProductId"
      LEFT JOIN (
          SELECT p3."Id", p3."AltText", p3."CreatedAtUtc", p3."IsActive", p3."Path", p3."ProductId", p3."SortOrder", p3."Type"
          FROM "ProductMedia" AS p3
          WHERE p3."IsActive"
      ) AS t1 ON t."Id" = t1."ProductId"
      LEFT JOIN (
          SELECT p4."ProductId", p4."ApplicationAreaId", a."Id", a."IsActive", a."Name", a."Slug", a."SortOrder"
          FROM "ProductApplicationAreas" AS p4
          INNER JOIN "ApplicationAreas" AS a ON p4."ApplicationAreaId" = a."Id"
      ) AS t2 ON t."Id" = t2."ProductId"
      ORDER BY t."IsFeatured" DESC, t."Name", t."Id", t."Id0", t0."Id", p2."Id", t1."Id", t2."ProductId", t2."ApplicationAreaId"
dbug: Microsoft.EntityFrameworkCore.Database.Command[20301]
      Closing data reader to 'teknomled' on server 'tcp://localhost:5432'.
dbug: Microsoft.EntityFrameworkCore.Database.Command[20300]
      A data reader for 'teknomled' on server 'tcp://localhost:5432' is being disposed after spending 5ms reading results.
dbug: Microsoft.EntityFrameworkCore.Database.Connection[20002]
      Closing connection to database 'teknomled' on server 'tcp://localhost:5432'.
dbug: Microsoft.EntityFrameworkCore.Database.Connection[20003]
      Closed connection to database 'teknomled' on server 'tcp://localhost:5432' (0ms).
info: Microsoft.AspNetCore.Mvc.Infrastructure.ObjectResultExecutor[1]
      Executing ObjectResult, writing value of type 'TeknomLed.Application.Catalog.Dtos.PagedResult`1[[TeknomLed.Application.Catalog.Dtos.ProductListItemDto, TeknomLed.Application, Version=1.0.0.0, Culture=neutral, PublicKeyToken=null]]'.
info: Microsoft.AspNetCore.Mvc.Infrastructure.ControllerActionInvoker[105]
      Executed action TeknomLed.Api.Controllers.ProductsController.GetProducts (TeknomLed.Api) in 42.0446ms
info: Microsoft.AspNetCore.Routing.EndpointMiddleware[1]
      Executed endpoint 'TeknomLed.Api.Controllers.ProductsController.GetProducts (TeknomLed.Api)'
dbug: Microsoft.EntityFrameworkCore.Infrastructure[10407]
      'AppDbContext' disposed.
dbug: Microsoft.EntityFrameworkCore.Database.Connection[20007]
      Disposing connection to database 'teknomled' on server 'tcp://localhost:5432'.
dbug: Microsoft.EntityFrameworkCore.Database.Connection[20008]
      Disposed connection to database 'teknomled' on server 'tcp://localhost:5432' (0ms).
info: Microsoft.AspNetCore.Hosting.Diagnostics[2]
      Request finished HTTP/1.1 GET http://localhost:5223/api/products?pageSize=5 - 200 - application/json;+charset=utf-8 43.7855ms
